id,name,start_date_local,distance_km,moving_time_s,pace_min_per_km,avg_hr,max_hr,elev_gain_m,start_lat,start_lng,run_bearing_deg,temp_f,dewpoint_f,humidity_pct,wind_mph,wind_dir_deg,wind_vs_run_deg,precip_mm,fitness_score
572185806,Run,2011-05-09T18:12:27Z,10.062,3547,5.875,,,34.1,29.88,-97.94,,90.7,62.2,39,15.4,161,,0.0,
572185577,Run,2011-05-11T18:41:41Z,4.693,1330,4.723,,,0.0,29.88,-97.94,,84.6,64.7,51,6.4,162,,1.7,
572185311,Run,2011-05-12T17:23:02Z,5.843,2034,5.802,,,11.1,29.87,-97.95,23.4,79.5,69.1,70,7.1,114,90.6,0.0,
572185050,Run,2011-05-16T17:51:48Z,8.581,2593,5.037,,,31.6,29.88,-97.94,,83.8,49.3,30,4.7,59,,0.0,
572184398,Run,2011-05-22T19:23:11Z,6.119,2337,6.366,,,17.7,29.89,-97.94,180.0,85.6,66.5,53,13.0,151,29.0,0.0,
572184038,Run,2011-05-24T19:32:47Z,6.744,2413,5.964,,,39.0,29.88,-97.94,0.0,88.7,68.3,51,11.3,162,162.0,0.0,
572183443,Run,2011-05-25T18:36:18Z,4.505,1206,4.462,,,0.0,29.88,-97.94,,94.4,69.9,45,5.8,180,,0.0,
572183024,Run,2011-05-26T18:21:16Z,12.929,4274,5.51,,,43.0,29.88,-97.94,,91.2,57.4,32,6.9,119,,0.0,
572182733,Run,2011-05-31T18:03:10Z,5.984,2238,6.234,,,43.9,29.88,-97.94,,93.0,65.4,40,8.2,139,,0.0,
572182500,Run,2011-06-05T18:01:41Z,6.349,2235,5.867,,,14.1,29.88,-97.94,0.0,95.9,59.4,30,6.5,174,174.0,0.0,
572182298,Run,2011-06-06T21:51:28Z,5.943,1945,5.455,,,16.4,29.88,-97.93,270.0,87.8,61.7,42,9.9,128,142.0,0.0,
572182107,Run,2011-06-07T19:36:09Z,5.681,1890,5.545,,,14.1,29.88,-97.94,,92.1,60.8,35,7.9,155,,0.0,
572181883,Run,2011-06-08T19:35:40Z,10.203,3643,5.951,,,42.4,29.88,-97.94,,89.8,63.5,42,11.0,159,,0.0,
572181682,Run,2011-06-13T13:18:10Z,8.055,2761,5.713,,,18.5,29.88,-97.94,0.0,93.4,62.4,36,9.2,184,176.0,0.0,
572181439,Run,2011-06-14T20:15:22Z,6.452,2224,5.745,,,0.0,29.89,-97.94,180.0,97.0,57.9,27,7.2,171,9.0,0.0,
572181214,Run,2011-06-15T19:04:16Z,5.176,1603,5.162,,,14.2,29.88,-97.94,,99.6,60.1,27,9.3,153,,0.0,
572181020,Run,2011-06-16T19:52:50Z,9.809,3565,6.057,,,81.0,29.88,-97.94,0.0,97.1,63.7,34,14.0,167,167.0,0.0,
572180845,Run,2011-06-19T19:57:21Z,9.741,3064,5.243,,,78.5,29.88,-97.94,,95.3,65.4,38,16.7,158,,0.0,
572180657,Run,2011-06-20T21:58:32Z,4.621,1436,5.18,,,0.0,29.89,-97.93,270.0,87.7,67.8,52,13.0,151,119.0,0.0,
572180433,Run,2011-06-21T20:25:49Z,8.045,2865,5.936,,,89.1,29.88,-97.94,0.0,90.7,69.0,49,12.4,163,163.0,0.0,
572180202,Run,2011-06-22T19:03:41Z,6.794,1922,4.715,,,36.2,29.88,-97.94,0.0,84.2,72.1,67,5.8,94,94.0,0.1,
572180018,Run,2011-06-28T20:25:18Z,5.023,1787,5.929,,,13.9,29.88,-97.94,,94.1,63.4,36,8.9,131,,0.0,
572179852,Run,2011-06-30T19:38:01Z,10.61,3176,4.989,,,26.0,29.88,-97.94,40.9,94.9,58.4,30,8.7,151,110.1,0.0,
572179618,Run,2011-07-02T20:01:44Z,7.917,2436,5.128,,,22.5,29.88,-97.94,,92.0,63.9,40,8.3,180,,0.0,
572179364,Run,2011-07-04T19:41:50Z,7.565,2313,5.096,,,82.6,29.89,-97.94,,97.7,55.7,25,8.0,167,,0.0,
572179203,Run,2011-07-05T19:44:44Z,5.637,1592,4.707,,,12.8,29.88,-97.94,40.9,96.9,56.8,26,8.2,133,92.1,0.0,
572178894,Run,2011-07-06T19:02:27Z,4.932,1269,4.288,,,0.0,29.88,-97.94,,97.2,56.8,26,6.4,129,,0.0,
572178709,Run,2011-07-08T17:22:35Z,5.237,1743,5.548,147.8,169.0,0.0,29.88,-97.94,,101.1,57.0,23,7.3,162,,0.0,76.98
572178527,Run,2011-07-09T09:46:34Z,8.208,2659,5.399,147.2,166.0,30.8,29.88,-97.94,,82.0,70.0,67,7.0,207,,0.0,79.07
572178282,Run,2011-07-11T10:39:37Z,8.949,3117,5.805,142.3,167.0,12.7,29.88,-97.94,,85.1,71.6,64,6.6,192,,0.0,76.23
572177842,Run,2011-07-20T19:25:38Z,8.409,2678,5.308,,,79.8,29.88,-97.94,,92.0,67.0,44,9.8,153,,0.0,
572177598,Run,2011-07-21T19:35:00Z,12.375,4074,5.487,157.5,182.0,43.1,29.88,-97.94,,91.0,66.9,45,10.5,153,,0.0,73.53
572176987,Run,2011-07-25T20:35:31Z,6.82,2258,5.518,,,28.6,29.89,-97.93,270.0,97.4,59.2,28,6.4,168,102.0,0.0,
572176694,Run,2011-07-31T09:05:17Z,6.532,2045,5.218,,,18.2,29.89,-97.94,180.0,80.4,72.2,76,4.1,261,81.0,0.0,
572176495,Run,2011-08-02T19:55:21Z,5.693,1683,4.927,,,21.5,29.88,-97.94,,100.7,61.9,28,8.2,135,,0.3,
572175948,Run,2011-08-11T19:19:32Z,6.455,2079,5.368,,,49.5,29.88,-97.94,,91.4,69.6,49,9.8,127,,0.1,
572175564,Run,2011-08-21T10:46:03Z,7.643,2510,5.473,,,13.3,29.88,-97.94,,85.8,70.8,61,5.2,205,,0.0,
572175069,Run,2011-09-01T18:08:32Z,5.612,1764,5.238,,,13.0,29.89,-97.94,180.0,98.6,59.0,27,7.2,126,54.0,0.0,
572174696,Run,2011-09-08T18:40:16Z,7.957,2490,5.215,,,17.0,29.88,-97.94,,91.7,35.2,14,8.1,6,,0.0,
572174508,Run,2011-09-14T18:38:37Z,15.108,5205,5.742,,,108.3,29.88,-97.94,40.9,97.5,54.4,24,10.7,149,108.1,0.0,
572174264,Run,2011-09-15T19:16:37Z,11.059,3832,5.775,,,85.2,29.9,-97.96,139.1,90.8,56.3,31,7.1,122,17.1,0.0,
572174073,Run,2011-09-17T08:00:20Z,10.037,2718,4.513,,,66.5,29.9,-97.98,,75.0,70.4,86,7.3,153,,0.0,
572173856,Run,2011-09-21T18:42:30Z,6.861,2149,5.22,,,13.1,29.88,-97.94,,90.6,59.1,35,2.2,114,,0.0,
572173672,Run,2011-09-28T18:06:03Z,7.056,2326,5.494,,,17.3,29.88,-97.94,,95.9,58.4,29,4.0,161,,0.0,
572173472,Run,2011-09-28T19:05:30Z,4.671,1243,4.436,,,0.0,29.88,-97.94,,93.3,59.7,33,4.3,180,,0.0,
572173333,Run,2011-09-29T16:10:03Z,16.883,5510,5.439,,,128.0,29.88,-97.94,,89.5,65.6,45,4.7,197,,1.7,
572173128,Run,2011-10-01T08:06:51Z,5.012,1296,4.31,,,0.0,29.89,-97.94,,67.0,34.0,29,6.6,45,,0.0,
572172891,Run,2011-10-02T08:03:47Z,5.061,1254,4.13,,,0.0,29.91,-97.9,,61.9,52.3,71,4.8,304,,0.0,
572172650,Run,2011-10-06T20:40:16Z,5.377,1676,5.195,,,14.1,29.88,-97.94,,81.8,66.7,60,11.5,127,,0.0,
572172358,Run,2011-10-10T15:33:08Z,13.004,4130,5.293,,,90.4,29.88,-97.94,270.0,76.5,63.1,63,5.6,23,113.0,0.0,
572172092,Run,2011-10-11T12:38:30Z,13.775,4629,5.601,,,19.0,29.88,-97.94,,77.0,65.1,67,1.8,173,,0.0,
572171839,Run,2011-10-12T12:17:27Z,4.459,1415,5.288,,,12.4,29.88,-97.94,,78.7,67.8,69,10.9,206,,0.0,
572171636,Evening Run,2011-10-13T19:02:28Z,0.506,126,4.15,,,0.0,29.86,-97.94,,76.7,50.3,40,4.5,357,,0.0,
572171390,Run,2011-10-17T17:56:36Z,4.835,1370,4.723,,,0.0,29.88,-97.94,,86.4,61.6,43,9.8,196,,0.0,
572171190,Evening Run,2011-10-18T18:02:15Z,6.864,2022,4.909,,,40.3,29.88,-97.94,270.0,68.2,36.9,32,15.2,346,76.0,0.0,
572171017,Evening Run,2011-10-18T18:44:33Z,2.799,850,5.062,,,0.0,29.88,-97.96,90.0,67.3,36.4,32,15.2,346,104.0,0.0,
572170827,Run,2011-10-19T18:08:55Z,7.87,2424,5.133,,,27.8,29.88,-97.94,,71.8,30.6,22,7.5,321,,0.0,
572170564,Run,2011-10-20T19:04:58Z,5.874,1841,5.223,,,16.8,29.88,-97.94,,72.0,36.1,27,5.1,157,,0.0,
572170413,Run,2011-10-21T14:18:15Z,7.969,2946,6.161,,,101.3,29.89,-97.94,,82.6,60.1,47,9.6,180,,0.0,
572170206,Run,2011-10-23T17:05:04Z,21.139,6621,5.22,,,41.6,29.88,-97.94,,86.3,57.8,38,3.8,230,,0.0,
69336157,Hot! Technical difficulties,2013-07-23T19:03:13Z,3.267,1098,5.601,,,11.8,29.88,-97.96,180.0,95.8,60.0,31,9.4,180,0.0,0.0,
362260580,Evening Yog,2015-08-05T18:45:38Z,4.946,1806,6.086,,,11.4,44.93,-123.08,,76.6,44.9,32,7.1,328,,0.0,
391758978,Lunch hike,2015-09-13T12:47:46Z,5.191,2445,7.851,,,107.3,45.61,-122.82,270.0,66.7,43.1,42,5.4,308,38.0,0.0,
460942217,Testing my knee,2016-01-01T14:57:23Z,4.917,1544,5.234,,,19.9,44.93,-123.08,270.0,40.5,18.9,41,9.5,56,146.0,0.0,
460956963,"Knee feeling OK, ran it back",2016-01-01T15:26:51Z,4.889,1527,5.206,,,0.0,44.93,-123.13,90.0,41.0,20.6,44,9.9,52,38.0,0.0,
473409256,"Decent mileage, taking it slow",2016-01-18T13:51:23Z,14.012,4416,5.253,,,30.1,44.93,-123.08,,51.6,43.2,73,7.2,150,,0.0,
476868221,first long-ish run,2016-01-23T11:30:53Z,21.221,7726,6.068,,,36.6,44.93,-123.08,,43.5,43.2,99,3.4,148,,1.1,
482093357,Lunch Walk,2016-01-30T11:03:45Z,4.372,2607,9.938,,,11.1,44.93,-123.08,,41.3,39.7,94,7.1,215,,0.0,
484672586,Evening hills,2016-02-02T16:53:15Z,7.682,2515,5.457,,,140.5,44.93,-123.08,,47.1,34.6,62,7.7,197,,0.0,
486137182,Peq 4u bb,2016-02-04T17:28:00Z,5.016,1379,4.582,,,11.5,44.93,-123.08,,51.9,44.9,77,7.2,187,,0.0,
487536592,Wooo sub 2 half,2016-02-06T12:23:53Z,21.251,7021,5.506,,,37.2,44.93,-123.08,270.0,45.8,43.8,93,1.7,50,140.0,0.0,
498291672,Back at it,2016-02-20T15:31:38Z,13.752,4361,5.285,,,20.4,44.93,-123.08,,50.0,34.7,56,1.5,63,,0.0,
499270018,Ow shit,2016-02-21T14:27:12Z,4.503,1411,5.223,,,135.2,44.93,-123.08,270.0,44.9,42.5,91,7.8,168,102.0,0.0,
500880280,Run with Dan,2016-02-23T17:23:47Z,5.297,1879,5.912,,,0.0,44.94,-123.02,,57.7,44.8,62,3.7,327,,0.0,
501664115,Miles 4 jesus,2016-02-24T17:19:31Z,7.099,2270,5.329,,,13.0,44.93,-123.08,,54.3,45.5,72,2.1,328,,0.0,
502409890,Ted Cruz is the zodiac killer,2016-02-25T16:31:40Z,10.637,3300,5.171,,,12.3,44.93,-123.08,,60.8,46.3,59,4.1,29,,0.0,
503944687,Vampire Beats,2016-02-27T13:35:31Z,21.248,6644,5.211,,,33.0,44.93,-123.08,270.0,52.6,45.3,76,8.3,199,71.0,0.0,
507267843,Ritzy bae,2016-03-02T15:25:58Z,8.157,2485,5.078,,,20.8,44.93,-123.08,270.0,56.1,46.2,69,1.3,31,121.0,0.0,
507941948,Did you get it allllllllllllllll,2016-03-03T12:27:46Z,10.613,3471,5.451,,,19.9,44.93,-123.08,,53.8,48.5,82,9.9,184,,0.3,
509451209,Slow rainy miles,2016-03-05T11:30:05Z,14.912,5223,5.837,,,42.2,44.93,-123.08,,54.3,50.5,87,3.0,107,,0.0,
511340729,Weeeeee,2016-03-07T17:22:23Z,6.06,1704,4.687,,,0.0,44.93,-123.08,,48.3,39.9,73,5.9,241,,0.0,
513706351,No wasted sunny days,2016-03-10T16:23:02Z,7.138,2208,5.155,,,20.5,44.93,-123.08,,50.4,45.8,84,7.3,214,,0.0,
519018847,5 of Mat's strava entries in 1,2016-03-16T17:43:36Z,8.949,2594,4.831,,,30.4,44.93,-123.08,,51.1,42.3,72,4.8,34,,0.0,
519819605,Wew lad ~ slow base miles,2016-03-17T16:03:50Z,11.824,3694,5.207,,,20.2,44.93,-123.08,270.0,60.7,36.3,40,9.1,28,118.0,0.0,
520564909,Poop spell,2016-03-18T17:25:09Z,8.802,2857,5.41,,,0.0,44.93,-123.08,35.3,60.6,43.6,54,4.3,321,74.3,0.0,
524277598,Sunshower run,2016-03-22T17:59:08Z,6.262,1931,5.139,,,12.1,44.93,-123.08,,50.4,42.3,74,8.8,251,,0.0,
526780492,cloudy,2016-03-25T17:28:34Z,22.701,7698,5.652,,,47.7,44.93,-123.08,,51.6,38.5,61,2.2,180,,0.0,
528447153,Rain & new knee brace mix tempo miles,2016-03-27T12:10:55Z,8.822,2623,4.956,,,18.6,44.93,-123.08,,49.6,43.2,79,8.1,233,,0.3,
529463686,Tempo 5k to warm up for this sunny week ahead,2016-03-28T17:17:01Z,4.997,1312,4.376,,,11.0,44.93,-123.08,,51.7,34.9,52,4.8,13,,0.0,
531303919,In memory of my Nexus 5 ;-(,2016-03-30T17:08:49Z,9.038,2656,4.898,,,15.1,44.94,-123.02,,65.9,44.2,45,3.7,346,,0.0,
532232594,Coupon: The Movie,2016-03-31T17:29:01Z,13.997,4300,5.12,,,19.6,44.93,-123.08,,67.7,49.3,52,0.9,360,,0.0,
533805349,Blerp,2016-04-02T10:40:24Z,14.177,4556,5.356,,,35.5,44.93,-123.08,270.0,49.4,44.6,84,2.5,207,63.0,0.0,
537968420,Safe and slow,2016-04-06T17:48:11Z,6.685,2124,5.295,,,16.2,44.93,-123.08,,68.3,50.0,52,7.5,12,,0.0,
538856957,"Moderate tempo, surprise 87 degree day in the PNW?",2016-04-07T17:50:32Z,7.05,2071,4.896,,,12.6,44.93,-123.08,,77.0,58.3,52,5.1,319,,0.0,
539650551,I want a trapper keeper with neon dolphins on it,2016-04-08T17:51:38Z,7.036,2033,4.816,,,12.5,44.93,-123.08,,76.1,56.2,50,4.7,325,,0.0,
540654778,The best ever death metal band out of Denton will in time both outpace and outlive you. Hail Satan!,2016-04-09T16:03:32Z,25.355,8040,5.285,,,49.9,44.93,-123.08,,64.8,48.9,56,2.5,275,,0.0,
546500317,Short tune up for Sunday,2016-04-15T17:18:34Z,6.144,1839,4.989,,,13.8,44.93,-123.08,,58.6,36.8,44,0.5,153,,0.0,
548533234,Corvallis Half Marathon,2016-04-17T09:30:36Z,21.123,6605,5.212,,,78.0,44.56,-123.28,,54.3,45.0,71,3.1,30,,0.0,
550843755,Warm out... Nice and easy recovery day,2016-04-19T17:40:47Z,6.79,2084,5.115,,,13.0,44.93,-123.08,,78.9,57.1,47,2.2,294,,0.0,
552988173,That Bowie vs. Prince ride is gonna be awesome,2016-04-21T17:51:34Z,9.571,2870,4.998,,,20.2,44.93,-123.08,,66.7,49.8,54,3.8,267,,0.0,
553700283,Nice mid-day miles,2016-04-22T14:12:57Z,8.655,2728,5.253,,,12.7,44.93,-123.08,,60.0,44.9,57,4.4,225,,0.2,
554659210,"Windy and rainy, road and trail mix",2016-04-23T12:07:42Z,11.624,3514,5.038,,,30.2,44.93,-123.08,,55.2,46.1,71,11.4,203,,0.0,
556908175,"Crosswinds are just headwinds but like, both ways",2016-04-25T16:46:20Z,10.835,3369,5.183,,,30.4,44.93,-123.08,,56.0,33.5,42,5.2,310,,0.0,
557884999,300 miles in 2016!,2016-04-26T18:15:11Z,8.274,2511,5.058,,,13.4,45.5,-122.67,,54.6,36.3,50,3.0,216,,0.0,
558777615,Pacing test for 10k,2016-04-27T17:34:13Z,8.177,2189,4.462,,,0.0,44.92,-123.06,,54.7,42.6,64,3.3,340,,0.0,
559652124,A grand don't come for free,2016-04-28T17:47:28Z,8.904,2570,4.811,,,12.6,44.93,-123.08,,56.6,43.2,61,4.7,287,,0.0,
561444999,Go Spurs Go!,2016-04-30T15:37:07Z,10.608,2806,4.409,,,0.0,44.92,-123.06,,61.2,42.4,50,6.7,26,,0.0,
562619153,Bit of a warm #recovery run,2016-05-01T15:39:00Z,8.739,2666,5.084,,,52.2,44.93,-123.08,,75.9,47.1,36,5.6,23,,0.0,
563593608,Some asshole up the hill in West Salem has been burning a bunch of agricultural waste for weeks and....,2016-05-02T17:05:00Z,7.622,2385,5.216,,,135.4,44.93,-123.08,,76.1,49.7,39,7.6,256,,0.0,
564662339,"No thx GIANT ASS HILL, maybe next time",2016-05-03T17:28:29Z,8.309,2358,4.73,,,12.3,44.93,-123.08,,65.3,49.0,56,5.7,309,,0.0,
565764219,Never really got into the groove today...,2016-05-04T18:14:23Z,9.248,2719,4.9,,,31.2,44.93,-123.08,,64.3,48.5,56,8.8,6,,0.0,
566890646,Quick miles @ Minto Brown,2016-05-05T18:07:30Z,7.519,2148,4.762,,,0.0,44.92,-123.06,,66.0,47.1,51,5.3,15,,0.0,
567760085,Warm sunny day @ Minto,2016-05-06T16:16:20Z,7.857,2292,4.862,,,0.0,44.92,-123.06,,78.0,51.8,40,9.6,4,,0.0,
568933004,"Took it easy today, nice warm weather",2016-05-07T16:45:07Z,12.626,3793,5.007,,,0.0,44.92,-123.06,,79.6,48.7,34,9.8,319,,0.0,
570136622,Recovery/aerobic ,2016-05-08T15:52:52Z,11.642,3628,5.194,,,24.3,44.93,-123.08,,62.6,39.9,43,6.8,304,,0.0,
571125526,Tempo 4 miler ,2016-05-09T17:54:07Z,6.778,1907,4.689,,,12.7,44.93,-123.08,,65.7,36.8,34,5.2,7,,0.0,
572128711,Quick miles before Spurs game!,2016-05-10T17:01:35Z,6.114,1684,4.591,,,13.7,44.93,-123.08,,74.0,37.9,27,8.2,13,,0.0,
573226268,So hot so slow hoooooottttttttt,2016-05-11T17:51:05Z,10.806,3167,4.885,,,30.8,44.93,-123.08,,79.8,39.0,23,1.9,234,,0.0,
576293723,"Nice rain run, wiped out on stupid moss 100 feet from my house...",2016-05-14T16:44:57Z,21.801,6827,5.219,,,36.2,44.93,-123.08,,54.1,50.2,87,5.2,220,,0.2,
577535061,#activerecovery ,2016-05-15T17:53:43Z,8.395,2535,5.033,,,15.9,44.93,-123.08,,57.9,52.7,83,3.2,205,,0.0,
578589885,Starting off the week with a mostly #aerobic 10 miler,2016-05-16T17:43:34Z,17.139,5289,5.143,,,32.7,44.93,-123.08,,62.5,45.8,54,4.3,21,,0.0,
579648956,Short tempo run/new shoe test,2016-05-17T18:03:18Z,6.242,1658,4.427,,,0.0,44.92,-123.06,,73.6,47.5,40,7.6,5,,0.0,
580680809,Live segments no worky?,2016-05-18T17:43:07Z,5.883,1558,4.414,,,0.0,44.92,-123.06,,63.6,49.3,60,11.1,298,,0.0,
582615931,Juuuuuust barely 1/2 PR,2016-05-20T16:27:22Z,21.32,6604,5.162,,,49.1,44.93,-123.08,270.0,61.5,38.4,42,3.6,292,22.0,0.0,
585039929,Mix tempo miles w/ last mile @VO2 max,2016-05-22T17:52:40Z,5.215,1432,4.576,,,0.0,44.93,-123.08,35.3,60.0,48.7,66,9.6,245,150.3,0.0,
585952609,West Salem runabout with Mr. Sparkle & Demonic Cat,2016-05-23T16:05:54Z,11.597,3469,4.985,,,13.1,44.93,-123.08,,60.8,46.8,60,5.7,231,,0.0,
587113114,"Tempo run, finished strong",2016-05-24T17:54:35Z,6.852,1855,4.512,,,13.3,44.93,-123.08,,65.6,46.9,51,5.5,313,,0.0,
589305920,Aahhh I want that bridge segment!,2016-05-26T17:59:06Z,9.19,2540,4.607,,,30.9,44.93,-123.08,,58.8,39.2,48,7.1,288,,0.0,
591299845,I miss Texas but not Texas weather,2016-05-28T15:29:24Z,11.445,3333,4.854,,,30.9,44.93,-123.08,,70.2,43.8,39,2.3,241,,0.0,
594650937,Feel at home in the heat,2016-05-31T18:35:29Z,9.142,2600,4.74,,,30.5,44.93,-123.08,,82.0,44.0,26,6.7,312,,0.0,
595660100,The new PUP album is so good,2016-06-01T17:30:24Z,5.541,1667,5.014,,,10.3,44.93,-123.08,,78.3,42.1,28,5.2,265,,0.0,
597612512,Bring on the heat! #noexcuses ,2016-06-03T18:23:42Z,6.85,1918,4.667,,,12.9,44.93,-123.08,,87.2,51.9,30,8.4,22,,0.0,
598519426,I feel like this list of cougar things would really piss off the cougar,2016-06-04T11:36:38Z,11.153,3360,5.021,,,0.0,44.92,-123.06,,85.1,53.8,34,6.1,24,,0.0,
599996766,Post-Shellberg ride tempo #hotrun #noexcuses,2016-06-05T16:20:18Z,5.068,1369,4.502,,,0.0,44.93,-123.08,,92.0,58.1,32,5.2,277,,0.0,
602249275,"Goodbye, sweet little heat wave :,(",2016-06-07T18:19:01Z,6.895,2035,4.919,,,12.9,44.93,-123.08,,88.2,43.6,21,6.0,338,,0.0,
603359789,Missed the club run!,2016-06-08T18:21:08Z,9.121,2491,4.552,,,30.7,44.93,-123.08,,70.2,43.7,38,6.9,270,,0.0,
604429149,500 miles in 2016!,2016-06-09T17:48:04Z,11.908,3541,4.956,,,41.1,44.93,-123.08,,61.6,46.4,57,5.0,207,,0.0,
606344362,Keizer Rapids out & back,2016-06-11T12:39:49Z,26.764,8598,5.354,,,22.5,44.93,-123.08,54.8,61.5,41.8,48,2.4,292,122.8,0.0,
608569183,Short tempo run...,2016-06-13T17:17:47Z,7.171,1918,4.458,,,12.7,44.93,-123.08,,59.1,43.2,55,10.6,262,,0.0,
611570626,Keeping HR low today,2016-06-16T17:57:37Z,13.809,4309,5.201,,,30.7,44.93,-123.08,,62.7,43.4,49,4.0,227,,0.0,
615649117,Short Monday tempo after an easy week,2016-06-20T17:32:37Z,6.174,1640,4.427,,,12.3,44.93,-123.08,,71.7,47.0,41,10.3,274,,0.0,
616755591,"Slow start, fast finish",2016-06-21T17:33:43Z,6.836,1875,4.572,,,12.8,44.93,-123.08,,74.0,46.0,37,8.4,8,,0.0,
618906813,Slow rainy miles,2016-06-23T17:45:52Z,9.348,2857,5.094,,,17.4,44.93,-123.08,,59.2,52.5,78,8.0,240,,0.0,
619798818,New shoe day!,2016-06-24T17:34:09Z,8.952,2613,4.865,,,41.1,44.93,-123.08,,66.7,44.4,45,5.7,279,,0.0,
620910131,Eola Hill is tough!,2016-06-25T18:16:40Z,11.538,3537,5.109,,,233.5,44.93,-123.08,,76.8,45.2,33,10.2,9,,0.0,
623039691,After work jog with Dan,2016-06-27T17:16:38Z,6.157,2007,5.432,,,0.0,44.94,-123.02,,86.2,53.1,32,8.6,307,,0.0,
624114822,Working towards that god damn sub-20 5k,2016-06-28T17:57:21Z,5.923,1523,4.286,,,34.7,44.93,-123.08,,82.5,42.6,24,8.0,342,,0.0,
625217369,"Bridge run, easy. Gotta go slow to get fast!",2016-06-29T18:34:56Z,13.854,4282,5.151,,,43.5,44.93,-123.08,,78.4,50.8,38,9.6,332,,0.0,
626209675,"""West Salem"" is code for ""maze of hills""",2016-06-30T18:36:57Z,8.778,2569,4.877,,,104.7,44.93,-123.08,,77.2,45.3,32,9.9,346,,0.0,
627891751,So much for a Saturday long run.,2016-07-02T11:44:32Z,9.718,2988,5.125,,,30.6,44.93,-123.08,,73.1,54.2,52,4.4,336,,0.0,
630215012,Happy 4th of July everyone! #runfast,2016-07-04T12:28:34Z,10.735,3117,4.839,,,40.0,44.93,-123.08,,65.8,47.0,51,5.7,351,,0.0,
631536696,Ayyyy,2016-07-05T18:15:25Z,5.075,1192,3.915,,,13.9,44.93,-123.07,0.0,74.1,46.2,37,6.6,342,18.0,0.0,
632681130,Sea legs,2016-07-06T18:49:51Z,6.452,1880,4.856,,,35.1,44.93,-123.08,,76.6,47.6,36,4.4,294,,0.0,
633728041,Short & hilly rain run to cap off year 31!,2016-07-07T17:56:18Z,5.926,1773,4.987,,,112.8,44.93,-123.08,,67.8,51.3,55,4.0,251,,0.0,
634364597,That first mile always sucks ,2016-07-08T10:43:18Z,8.83,2616,4.938,,,29.9,44.93,-123.08,,61.5,56.8,85,8.3,204,,0.2,
635736127,Been a while since I had hamstring cramps ,2016-07-09T17:02:02Z,8.825,2565,4.844,,,34.9,44.93,-123.08,35.3,67.4,43.6,42,12.7,219,176.3,0.0,
638014584,Short Monday Tempo Run,2016-07-11T17:47:17Z,5.692,1536,4.497,,,12.5,44.94,-123.07,215.3,72.3,46.1,39,3.2,335,119.7,0.0,
638942611,"Catch PRs, not Pokémon ",2016-07-12T12:47:44Z,16.565,4719,4.748,,,33.9,44.93,-123.08,270.0,65.9,49.1,55,6.3,225,45.0,0.0,
640199972,"When in doubt, run faster",2016-07-13T17:35:32Z,6.731,1695,4.197,,,12.6,44.93,-123.08,,78.3,47.0,33,6.5,356,,0.0,
641295221,Short and sweet tempo miles @ Minto Brown,2016-07-14T18:26:40Z,5.657,1413,4.163,,,0.0,44.92,-123.06,,76.8,46.5,34,10.3,338,,0.0,
642199162,"Feeling slow, heavy, unmotivated but...",2016-07-15T18:06:53Z,8.059,2170,4.487,,,13.1,44.93,-123.08,,72.9,46.2,39,8.5,323,,0.0,
644518177,Easy Sunday miles pt. 1,2016-07-17T14:12:31Z,8.803,2369,4.485,,,0.0,45.51,-122.62,254.1,71.1,53.3,53,3.8,267,12.9,0.0,
644533112,"Go home strava, yr drunk",2016-07-17T14:57:15Z,2.888,660,3.81,,,19.7,45.5,-122.67,54.5,69.1,50.9,52,2.5,270,144.5,0.0,
645679639,Monday short tempo w/ hard finish,2016-07-18T17:50:42Z,5.095,1232,4.03,,,0.0,44.93,-123.08,35.3,70.1,50.4,50,9.3,240,155.3,0.0,
645685084,Cooldown,2016-07-18T18:13:41Z,1.627,435,4.456,,,10.1,44.94,-123.07,215.3,67.7,52.0,57,8.5,252,36.7,0.0,
649169945,Soooo much wind,2016-07-21T17:47:01Z,13.599,3873,4.747,,,28.7,44.93,-123.08,,78.0,53.9,43,11.5,262,,0.0,
651192098,Warm Saturday afternoon tempo,2016-07-23T16:15:32Z,6.723,1694,4.2,,,13.1,44.93,-123.08,,78.1,47.1,33,8.9,360,,0.0,
655930782,Bleh,2016-07-27T18:33:35Z,6.762,1849,4.557,,,12.9,44.93,-123.08,,88.0,51.6,29,9.9,354,,0.0,
661522479,Back after a few days precautionary rest,2016-08-01T18:29:44Z,6.864,1741,4.227,,,11.9,44.93,-123.08,,79.1,45.8,31,7.2,321,,0.0,
662611178,"Easy/moderate run, focusing on HR",2016-08-02T16:43:59Z,13.563,4124,5.068,,,19.2,44.93,-123.08,,72.2,45.4,38,5.5,297,,0.0,
663792204,I need to eat more during the day,2016-08-03T18:06:44Z,7.955,2220,4.651,,,21.1,44.93,-123.08,35.3,81.4,48.5,32,11.4,11,24.3,0.0,
667026704,Saturday afternoon short tempo,2016-08-06T15:00:47Z,6.683,1814,4.524,,,13.0,44.93,-123.08,,76.1,44.3,32,5.2,342,,0.0,
668276567,Easy Sunday to finish out the week,2016-08-07T12:34:43Z,11.908,3661,5.124,,,17.1,44.94,-123.06,234.8,66.4,50.5,57,7.6,227,7.8,0.0,
668319860,So close I might as well hit it: 700 miles!,2016-08-07T13:43:24Z,6.613,1978,4.985,,,13.3,44.93,-123.08,,67.6,50.7,55,8.4,236,,0.0,
671863045,Gonna put down a long run this week for real ,2016-08-10T18:18:14Z,8.038,2385,4.945,,,19.4,44.93,-123.08,,78.1,51.3,39,8.3,6,,0.0,
672936186,Garbage windy heat wave miles,2016-08-11T17:50:01Z,7.651,2296,5.002,,,16.7,44.93,-123.08,270.0,87.8,51.8,29,5.4,5,95.0,0.0,
672946344,Garbage Cooldown ,2016-08-11T18:33:55Z,2.495,804,5.37,,,0.0,44.93,-123.11,90.0,87.6,51.2,29,6.1,8,82.0,0.0,
676436001,Insane back cramps. I don't know what happened this week ,2016-08-14T18:55:26Z,4.536,1197,4.398,,,0.0,44.93,-123.08,35.3,85.8,44.6,24,10.9,345,50.3,0.0,
681155089,Turns out a kidney stone feels like back cramps,2016-08-18T18:02:06Z,6.936,2008,4.825,,,13.0,44.93,-123.08,,98.4,46.7,17,10.4,10,,0.0,
682109194,Running in triple digits reminds me of home,2016-08-19T18:09:50Z,6.131,1799,4.891,,,12.8,44.93,-123.08,,99.7,41.6,14,11.3,21,,0.0,
683167299,Heat ain't gonna stop meeeeee,2016-08-20T16:14:45Z,7.177,2171,5.041,,,13.0,44.93,-123.08,,97.1,43.5,16,5.5,313,,0.0,
684294770,Looks like strava crashed halfway through...,2016-08-21T12:24:23Z,10.953,3235,4.923,,,16.9,44.93,-123.08,270.0,74.0,49.7,42,4.0,297,27.0,0.0,
684367583,Garbage,2016-08-21T13:24:43Z,7.195,3685,8.536,,,10.9,44.93,-123.16,90.0,77.1,49.9,38,5.4,312,138.0,0.0,
686815974,Running in-between cars during rush hour type tempo,2016-08-23T17:37:19Z,6.66,1712,4.284,,,13.2,44.93,-123.08,,83.6,40.5,22,6.3,2,,0.0,
688063317,Plop,2016-08-24T18:47:08Z,4.805,1382,4.793,,,0.0,44.93,-123.08,54.8,89.4,39.2,17,11.2,16,38.8,0.0,
688072842,Walk/hard sprint/walk/hard sprint,2016-08-24T19:13:33Z,1.927,829,7.171,,,10.2,44.94,-123.07,215.3,87.3,40.2,19,10.3,11,155.7,0.0,
689221629,Easy 4/hard sprint to close,2016-08-25T19:17:40Z,6.936,1997,4.799,,,13.3,44.93,-123.08,,88.9,38.1,17,8.1,16,,0.0,
691268093,It's getting colder,2016-08-27T12:08:29Z,22.728,6811,4.994,,,50.1,44.93,-123.08,270.0,71.8,51.1,48,5.9,250,20.0,0.0,
695108209,Up until phone died,2016-08-30T18:10:47Z,14.285,4524,5.278,,,18.5,44.93,-123.08,270.0,73.0,48.1,41,5.9,233,37.0,0.0,
696284495,"Cloudy, drizzly and cool. Feeling like Oregon again.",2016-08-31T18:08:36Z,8.25,2505,5.06,,,83.4,44.93,-123.08,,69.9,53.2,55,6.7,250,,0.0,
698442905,Thank you garage sale pope hat for yr blessings,2016-09-02T17:50:13Z,24.643,7468,5.051,,,71.3,44.93,-123.08,,67.1,50.1,54,5.7,281,,0.0,
700935728,800,2016-09-04T17:07:13Z,8.066,2091,4.32,,,13.0,44.93,-123.08,,67.1,44.4,44,1.8,14,,0.0,
703201456,Speed work ,2016-09-06T17:54:43Z,8.011,2077,4.321,,,31.1,44.93,-123.08,,67.1,54.6,64,5.9,241,,0.1,
704428883,5 easy,2016-09-07T18:24:12Z,8.144,2433,4.979,,,20.1,44.93,-123.08,,72.0,47.1,41,4.3,351,,0.0,
706458268,seven hot garbage miles,2016-09-09T15:43:56Z,11.135,3237,4.845,,,18.8,44.93,-123.08,,81.7,41.0,24,9.4,12,,0.0,
707759825,Run to Joe's,2016-09-10T17:51:04Z,13.061,4027,5.139,,,132.0,44.93,-123.08,149.4,83.5,51.8,34,7.4,335,174.4,0.0,
708965121,I just realized I could have easily gone sub 1:40 ,2016-09-11T11:06:03Z,19.218,5398,4.681,,,35.7,44.93,-123.08,270.0,64.6,43.6,46,4.8,332,62.0,0.0,
708981713,Yeass let's just tack that onto the other run thx,2016-09-11T12:43:19Z,1.853,545,4.901,,,0.0,44.93,-123.1,90.0,67.0,40.6,38,5.3,324,126.0,0.0,
711493332,Squeezed a few quick miles in between work and trivia night,2016-09-13T17:47:20Z,4.207,1168,4.627,,,0.0,44.93,-123.08,,79.6,25.7,14,8.9,12,,0.0,
713815418,Eola Hill + tempo. Ayyy,2016-09-15T17:59:58Z,8.973,2431,4.515,,,128.5,44.93,-123.08,,80.6,41.3,25,6.5,360,,0.0,
714773110,Easy 4 before downtown,2016-09-16T18:24:02Z,6.743,1999,4.941,,,12.5,44.93,-123.08,,79.2,45.0,30,4.3,264,,0.0,
717210724,Humid as shit,2016-09-18T13:22:32Z,16.1,4784,4.952,,,35.6,44.93,-123.08,270.0,64.2,58.6,82,3.5,252,18.0,0.2,
717226797,I don't think it can be a cooldown if it's so humid,2016-09-18T14:47:22Z,3.202,1043,5.429,,,0.0,44.93,-123.11,90.0,66.3,57.0,72,5.4,246,156.0,0.2,
718321384,Evening tempo with bridge sprint,2016-09-19T17:37:11Z,8.113,2114,4.343,,,21.2,44.93,-123.08,35.3,66.2,44.8,46,5.2,290,105.3,0.0,
720605503,Windy!,2016-09-21T17:42:50Z,6.855,1923,4.676,,,12.3,44.93,-123.08,,69.3,38.7,33,5.4,318,,0.0,
721707425,headwinds are nature's leg weights,2016-09-22T17:45:02Z,9.981,2651,4.427,,,18.9,44.93,-123.08,,64.9,44.7,48,1.6,278,,0.0,
722576786,Moderate 4 with strong finish & a hurdle,2016-09-23T15:49:46Z,6.912,1890,4.557,,,12.7,44.93,-123.08,,57.0,49.9,77,4.6,194,,0.3,
725072802,"Easy miles, kinda hot tho",2016-09-25T12:21:50Z,15.134,4458,4.909,,,22.8,44.93,-123.08,54.8,73.0,41.6,32,6.7,20,34.8,0.0,
725083505,Cooldown,2016-09-25T13:38:37Z,2.089,655,5.226,,,11.2,44.94,-123.06,234.8,76.6,42.6,30,7.2,22,147.2,0.0,
725198185,Couple more today to hit 900 on the year,2016-09-25T16:15:26Z,5.339,1557,4.86,,,0.0,44.93,-123.08,,81.7,49.5,33,8.2,22,,0.0,
726206792,please go away for now heat,2016-09-26T17:33:41Z,6.843,1950,4.749,,,12.9,44.93,-123.08,,85.7,52.3,32,5.3,306,,0.0,
727300366,I wasted a perfectly good run by not eating enough,2016-09-27T17:27:03Z,3.795,1163,5.108,,,20.5,44.93,-123.08,270.0,74.4,47.7,39,9.5,9,99.0,0.0,
731200355,lets GOOOOOOOOO,2016-10-01T11:40:23Z,21.165,5881,4.631,,,34.1,44.93,-123.08,,57.0,44.1,62,15.8,199,,0.1,
733508659,gloomy,2016-10-03T14:00:33Z,11.428,3213,4.686,,,30.6,45.51,-122.64,,59.1,40.4,50,4.1,193,,0.0,
735781219,"Short run, love these Hoka One Ones!",2016-10-05T18:00:41Z,4.783,1254,4.37,,,12.1,44.93,-123.08,,56.1,52.8,89,8.9,248,,0.1,
738491816,Awful demoralizing humidity,2016-10-08T10:49:24Z,13.106,3989,5.073,,,30.8,44.93,-123.08,270.0,61.3,58.0,89,6.4,190,80.0,0.0,
738512667,stop whining and just run ,2016-10-08T12:01:18Z,4.796,1375,4.778,,,0.0,44.93,-123.13,90.0,63.8,57.6,80,8.2,215,125.0,0.0,
739850240,Humid tempo at Minto,2016-10-09T12:38:33Z,10.206,2662,4.347,,,0.0,44.92,-123.06,,59.7,58.8,97,3.8,187,,1.2,
740948281,"Felt flat, no energy, got miles tho",2016-10-10T16:52:45Z,8.787,2488,4.719,,,30.7,44.93,-123.08,,60.4,41.1,49,4.4,15,,0.0,
743942799,Short rainy tempo,2016-10-13T17:55:45Z,5.738,1504,4.369,,,0.0,44.93,-123.08,35.3,56.4,55.6,97,14.0,172,136.7,2.4,
743945619,Cooldown,2016-10-13T18:22:05Z,1.059,295,4.643,,,10.7,44.94,-123.07,215.3,56.7,55.8,97,16.6,177,38.3,3.1,
744790344,Pouring windy dark beautiful miles,2016-10-14T18:14:31Z,7.951,2167,4.542,,,12.8,44.93,-123.08,,54.3,52.4,93,11.1,205,,1.0,
745680816,Short hill blast in the storm!,2016-10-15T11:02:21Z,7.014,2061,4.897,,,108.4,44.93,-123.08,,52.7,51.4,95,17.0,159,,2.2,
747197606,Wet soggy stuff!,2016-10-16T16:17:13Z,13.92,3863,4.625,,,19.3,44.93,-123.08,,50.6,49.6,96,12.8,164,,1.3,
748132489,"It was lightning and pouring, couldn't see, had to cut it short",2016-10-17T17:52:11Z,5.082,1263,4.142,,,10.2,44.93,-123.08,,54.1,50.0,86,8.1,194,,0.4,
750120402,"nice tempo, drizzly and cool",2016-10-19T17:04:06Z,9.002,2446,4.529,,,18.9,44.93,-123.08,,56.9,47.6,71,3.4,184,,0.1,
752934542,Beautiful day,2016-10-22T17:14:39Z,6.985,2000,4.772,,,30.1,44.93,-123.08,,60.3,46.5,60,4.1,171,,0.0,
755087744,One thousand miles in 2016!,2016-10-24T17:26:37Z,14.091,4258,5.036,,,20.2,44.93,-123.08,,49.8,48.8,96,10.8,146,,0.5,
757029782,Progressive tempo,2016-10-26T17:25:20Z,6.186,1673,4.507,,,13.3,44.93,-123.08,,56.3,55.7,98,8.8,212,,0.8,
757988855,Upside down baby ET with umbilical cord,2016-10-27T17:53:06Z,9.124,2594,4.738,,,13.0,44.93,-123.08,,53.3,50.0,89,6.2,150,,0.0,
761187405,"Beautiful evening run, Basket Slough to West Salem with a bit of hills",2016-10-30T16:22:16Z,20.667,6541,5.275,,,59.4,44.95,-123.27,98.4,52.8,52.2,98,2.5,180,81.6,0.2,
762128905,Speedwork and hills,2016-10-31T17:59:46Z,7.946,2090,4.384,,,78.0,44.93,-123.08,,55.8,47.3,73,1.1,101,,0.0,
763175879,Beautiful evening run with a push to hard tempo at the end,2016-11-01T16:18:11Z,6.181,1702,4.59,,,13.4,44.93,-123.08,,57.9,45.0,62,7.0,202,,0.0,
765156769,Easy with a bridge segment try,2016-11-03T16:26:15Z,6.525,1818,4.644,,,20.9,44.93,-123.08,64.8,61.5,51.6,70,4.5,18,46.8,0.0,
765167809,"Easy cooldown, pushed it last 400m or so",2016-11-03T17:03:02Z,2.441,682,4.657,,,12.1,44.94,-123.05,244.8,61.0,53.8,77,3.3,20,135.2,0.0,
768214417,Found two license plates!,2016-11-06T10:52:01Z,32.196,9745,5.045,,,36.9,44.93,-123.08,270.0,50.7,48.4,92,5.7,162,108.0,0.0,
769238033,Way too dark... Need a headlamp,2016-11-07T17:27:19Z,2.285,689,5.025,,,0.0,44.93,-123.08,,61.2,56.3,84,3.3,318,,0.0,
770190832,I voted for plant grandma,2016-11-08T16:44:31Z,6.146,1799,4.878,,,13.3,44.93,-123.08,,64.1,54.9,72,3.0,73,,0.0,
771040828,"Surprisingly warm, dark evening",2016-11-09T17:29:19Z,5.337,1607,5.019,,,12.0,44.93,-123.08,,60.7,56.2,85,4.3,35,,0.0,
773745801,Not feeling like myself this week,2016-11-12T17:15:26Z,5.073,1534,5.04,,,10.9,44.93,-123.08,,56.7,49.8,78,3.9,211,,0.0,
776713617,Meh tempo after a buncha meh feeling days,2016-11-15T16:34:08Z,6.883,1912,4.629,,,30.5,44.93,-123.08,,48.7,43.8,83,11.1,222,,0.1,
778564985,Clear & cold,2016-11-17T18:19:35Z,6.859,1868,4.539,,,12.4,44.93,-123.08,,48.8,40.4,73,2.9,9,,0.0,
779349048,"Short, clear, cold. I'm getting a little more acclimated to the cold",2016-11-18T19:32:44Z,5.784,1632,4.703,,,12.4,44.93,-123.08,,46.4,37.1,70,3.6,60,,0.0,
780196626,Up the hill and into the wind,2016-11-19T13:41:09Z,9.0,2615,4.843,,,127.7,44.93,-123.08,,55.1,46.2,72,4.0,133,,0.0,
782128477,Short lil tempo,2016-11-21T16:49:44Z,6.144,1675,4.544,,,13.6,44.93,-123.08,,52.2,45.6,78,5.2,211,,0.1,
783949103,"Cold, windy, rainy night ruuuuuun",2016-11-23T17:47:48Z,5.388,1615,4.995,,,0.0,44.93,-123.08,,46.3,41.6,83,10.9,188,,0.0,
785633588,Last run before #seattlemarathon (thanks mom!),2016-11-25T19:16:52Z,5.371,1625,5.042,,,13.2,44.93,-123.08,,47.4,45.8,94,4.3,87,,0.0,
787464538,Seattle Marathon 2016!,2016-11-27T08:15:24Z,43.222,14072,5.426,,,303.1,47.62,-122.35,,42.0,40.4,94,5.1,178,,0.0,
791152175,Easing back into it!,2016-12-01T20:01:36Z,5.054,1422,4.689,,,0.0,44.93,-123.08,,41.8,39.9,93,5.5,166,,0.0,
791866754,Lack motivation? Run harder.,2016-12-02T18:13:36Z,5.569,1416,4.237,,,23.4,44.94,-123.04,,47.3,33.6,59,11.6,181,,0.0,
792582609,First run with Chad!,2016-12-03T10:34:56Z,5.392,2039,6.303,,,22.8,44.94,-123.04,,43.3,42.1,95,5.0,190,,0.0,
793803115,Run streak day 4: easy miles at Minto,2016-12-04T13:13:35Z,7.892,2347,4.956,,,0.0,44.92,-123.06,,43.5,39.0,84,3.3,290,,0.0,
800004581,Chadrun,2016-12-11T12:41:55Z,5.412,2034,6.264,,,12.4,44.94,-123.04,,43.6,41.9,94,9.8,200,,0.2,
800026261,Chad's key recon: failed mission,2016-12-11T13:26:51Z,3.774,1052,4.646,,,0.0,44.94,-123.04,324.7,44.4,42.1,91,10.2,206,118.7,0.2,
800038308,No keeeyyyyyss,2016-12-11T13:46:54Z,3.208,874,4.541,,,11.8,44.95,-123.05,144.7,44.5,42.3,92,10.2,206,61.3,0.2,
800891962,"Easy, progressive miles. Cold and windy!",2016-12-12T15:36:00Z,14.441,4229,4.881,,,19.2,44.93,-123.08,,44.4,40.0,84,4.6,203,,0.0,
805950773,"Effortless stride, frozen fingers: 1200 miles in 2016!",2016-12-18T15:08:43Z,16.318,4830,4.933,,,41.1,44.93,-123.08,,36.4,29.9,77,2.0,63,,0.0,
810722183,"Missed this warm, humid place! ",2016-12-24T20:20:53Z,5.078,1517,4.979,,,30.5,29.85,-98.44,,68.3,66.1,93,11.3,146,,0.0,
812981384,It's always gonna be home,2016-12-27T11:06:32Z,6.455,1901,4.908,,,54.1,29.88,-97.95,,68.1,67.7,99,4.2,18,,0.5,
813994215,"Hills, Headwinds & Hayes Carll: the Guadalupe River State Park story",2016-12-28T10:48:10Z,11.425,3344,4.878,,,94.7,29.85,-98.5,,66.3,65.5,98,8.3,204,,0.0,
817276885,Let's go kick 2017's ass,2016-12-31T14:06:09Z,9.671,2715,4.679,,,11.0,44.93,-123.08,,37.9,29.5,72,0.7,288,,0.0,
817971638,Hangover Run Trail 5k - 2nd overall!,2017-01-01T10:31:59Z,5.153,1331,4.305,,,0.0,44.96,-122.94,,34.3,32.8,94,12.8,186,,0.3,
818014834,3k Hangover Run Trail Race - 3rd overall,2017-01-01T12:01:24Z,3.071,762,4.135,,,0.0,44.96,-122.94,,37.5,34.6,89,13.8,193,,0.0,
833454463,Salem will unfreeze... Someday,2017-01-15T15:13:02Z,10.029,2763,4.592,,,24.4,44.93,-123.08,,37.0,12.9,37,4.3,6,,0.0,
834437445,"I hate this garbage ass cold, windy weather!",2017-01-16T14:03:24Z,19.117,5740,5.004,,,33.0,44.93,-123.08,,35.2,23.1,61,3.9,350,,0.0,
838624006,Tour De Fleabottom,2017-01-20T15:33:07Z,6.878,1793,4.345,,,11.0,44.93,-123.08,,46.8,43.3,88,7.0,153,,0.0,
841225848,Couple Bush Park laps!,2017-01-22T15:31:45Z,6.868,1928,4.679,,,50.2,44.93,-123.04,,50.7,33.3,51,12.7,190,,0.0,
842230008,New trail shoe day! Saucony Peregrine 6,2017-01-23T17:23:25Z,5.907,1666,4.701,,,47.9,44.93,-123.04,,46.6,39.0,75,4.9,30,,0.0,
846408514,Been slacking really bad this month,2017-01-27T16:32:38Z,15.012,4550,5.052,,,36.1,44.93,-123.08,,47.5,38.7,71,2.6,15,,0.0,
847569850,Ugh. Running in East Salem is ass,2017-01-28T14:29:50Z,16.023,4949,5.148,,,30.8,44.99,-122.96,,42.8,34.5,72,2.2,307,,0.0,
848958041,"Trending up on this nice, warm 44° afternoon",2017-01-29T16:05:45Z,7.802,2200,4.7,,,12.0,44.93,-123.08,,46.4,40.0,78,1.3,31,,0.0,
857778927,Last week was a throwaway,2017-02-06T16:25:28Z,6.984,1814,4.329,,,16.6,44.93,-123.08,,42.6,32.0,66,11.2,233,,0.0,
861128099,Throwaway,2017-02-09T17:33:02Z,4.833,1315,4.535,,,0.0,44.93,-123.08,,55.8,48.2,75,15.2,208,,0.8,
862045296,Low miles better then no miles I guess,2017-02-10T17:22:41Z,5.82,1531,4.384,,,10.2,44.93,-123.08,,46.4,36.2,68,8.6,233,,0.0,
863221702,Nice and easy!,2017-02-11T14:52:08Z,23.161,6814,4.903,,,33.1,44.93,-123.08,,47.3,34.7,61,1.8,104,,0.0,
864565671,Oops,2017-02-12T16:13:45Z,5.469,1532,4.668,,,0.0,44.94,-123.02,324.7,46.2,34.9,64,5.8,16,51.3,0.0,
864571138,Strava crashing,2017-02-12T16:43:54Z,1.226,290,3.943,,,0.0,44.95,-123.03,,47.4,35.5,63,4.0,27,,0.0,
864576371,Glitchy Strava Sunday: A Trilogy,2017-02-12T16:51:27Z,1.778,506,4.742,,,0.0,44.95,-123.03,144.7,47.4,35.5,63,4.0,27,117.7,0.0,
876162665,Where are we,2017-02-22T13:43:35Z,0.398,123,5.153,,,0.0,38.94,-109.83,,55.8,25.8,31,18.5,217,,0.0,
878210827,Hello Texas!,2017-02-24T12:29:38Z,9.988,3086,5.15,,,14.3,29.85,-98.44,,72.4,37.4,28,10.6,335,,0.0,
879455890,Nice day in the Hill Country,2017-02-25T12:11:34Z,7.313,2127,4.847,,,32.0,29.85,-98.44,,52.2,29.9,42,7.9,32,,0.0,
880902263,Still knocking off the rust,2017-02-26T11:46:14Z,16.727,5130,5.112,,,62.3,29.85,-98.44,,56.8,51.8,83,4.3,171,,0.3,
882906438,Found a car shaped object on my run!,2017-02-28T15:59:09Z,7.031,1992,4.722,,,0.0,29.88,-97.93,,85.7,62.2,45,18.4,201,,0.0,
884306315,Looks like a dog,2017-03-01T18:09:27Z,6.061,1636,4.499,,,25.0,29.88,-97.93,,67.1,32.1,27,15.4,19,,0.0,
886584727,Short tempo before tomorrow's long run,2017-03-03T17:15:39Z,8.579,2275,4.42,,,14.9,29.88,-97.93,,66.9,23.9,19,11.4,132,,0.0,
887944334,"Storm scraps long slog, short moderate effort instead",2017-03-04T18:02:27Z,7.375,1890,4.271,,,0.0,29.88,-97.93,,59.6,57.9,94,8.7,116,,1.2,
889433398,Slow Sunday hills & humidity (+ Texas State staircase showdown),2017-03-05T18:00:24Z,13.816,3958,4.775,,,73.4,29.88,-97.93,,70.4,60.3,70,7.4,200,,0.0,
890431939,Easy start to the week,2017-03-06T17:41:21Z,7.405,2140,4.816,,,16.6,29.88,-97.93,,78.6,63.9,61,13.4,198,,0.0,
892829146,Forgot what warm rain was like (hint: not ideal),2017-03-08T17:56:10Z,6.507,1694,4.339,,,0.0,29.88,-97.93,,70.1,57.4,64,2.9,129,,0.0,
894073961,Sloppy thunderstorm run!,2017-03-09T18:06:36Z,8.623,2528,4.886,,,0.0,29.88,-97.93,,70.0,65.2,85,6.7,159,,0.0,
895134508,Humid Friday fun,2017-03-10T17:07:33Z,11.559,3296,4.752,,,19.5,29.88,-97.93,,72.1,65.2,79,5.6,130,,1.5,
897903249,Nice and easy Sunday miles,2017-03-12T12:25:59Z,19.317,6061,5.229,,,69.6,29.88,-97.93,,51.8,42.8,71,12.5,18,,0.0,
900519209,"Feeling a bit sluggish, but it's a beautiful day!",2017-03-14T17:54:39Z,8.121,2309,4.738,,,0.0,29.88,-97.93,,68.1,46.8,47,9.7,188,,0.0,
901797137,Poop,2017-03-15T17:51:30Z,5.1,1480,4.837,,,0.0,29.88,-97.93,,71.1,51.4,50,9.9,147,,0.0,
903113071,So many loose dogs in Victory Gardens,2017-03-16T18:19:47Z,9.662,2673,4.611,,,11.9,29.88,-97.93,,73.4,61.6,67,11.8,169,,0.0,
905313453,Purgatory: part 1,2017-03-18T14:51:16Z,10.525,3325,5.265,,,79.0,29.88,-97.93,257.0,76.4,63.0,63,6.1,184,73.0,0.1,
905321352,More Garbage,2017-03-18T15:50:50Z,1.317,426,5.391,,,11.4,29.87,-97.98,90.0,75.4,63.1,66,6.0,180,90.0,0.0,
905334837,Visit to Tod & Betsy,2017-03-18T16:05:32Z,1.172,392,5.574,,,14.5,29.87,-97.97,40.9,77.2,63.0,62,5.6,180,139.1,0.0,
905342510,Another puzzle piece,2017-03-18T16:18:04Z,0.798,245,5.12,,,0.0,29.88,-97.96,180.0,77.2,63.0,62,5.6,180,0.0,0.0,
908231210,Short post-haircut run + Wheatsville tofu!,2017-03-20T20:16:05Z,5.004,1302,4.337,,,0.0,29.88,-97.93,0.0,73.3,55.5,54,7.0,163,163.0,0.0,
908234129,Cooldown,2017-03-20T20:40:23Z,0.834,262,5.236,,,0.0,29.89,-97.93,180.0,73.3,55.5,54,7.0,163,17.0,0.0,
909488523,Blep.,2017-03-21T17:41:43Z,10.593,3063,4.819,,,15.1,29.88,-97.93,,82.1,58.5,45,11.0,185,,0.0,
910712963,Dante's trail is magical and evil,2017-03-22T17:59:59Z,10.457,3202,5.104,,,89.1,29.88,-97.96,,80.1,58.3,47,12.0,156,,0.0,
911889544,headwinds,2017-03-23T17:16:50Z,10.218,2843,4.637,,,48.3,30.08,-97.84,,80.0,48.0,33,24.0,166,,0.0,
913939999,More sorority girl texting and driving encounters,2017-03-25T10:13:22Z,8.38,2403,4.779,,,15.6,29.88,-97.93,,63.9,42.3,45,10.4,341,,0.0,
917324318,Swing and a miss,2017-03-27T17:48:58Z,10.268,3143,5.101,,,45.1,29.82,-97.95,,86.2,61.7,44,5.5,153,,0.0,
921445008,"Thursday tempo, plus new watch",2017-03-30T18:29:05Z,6.445,1632,4.22,163.1,178.0,14.7,29.88,-97.93,0.0,77.0,44.7,32,7.1,198,162.0,0.0,89.61
921451635,Cooldown,2017-03-30T18:57:04Z,1.719,482,4.673,160.3,172.0,0.0,29.89,-97.93,180.0,77.0,44.7,32,7.1,198,18.0,0.0,82.33
922546941,"Nice, warm Friday afternoon",2017-03-31T17:19:30Z,11.571,3372,4.857,148.9,177.0,20.7,29.88,-97.93,,85.2,49.8,29,15.7,152,,0.0,87.55
923798254,Anyone who runs in this humidity is an April fool,2017-04-01T13:22:32Z,14.826,4494,5.052,144.6,175.0,26.8,29.83,-97.94,9.8,78.1,60.4,55,16.4,154,144.2,0.1,87.0
927053953,"Progressive Monday: first mile with Will, rest solo",2017-04-03T17:42:02Z,8.404,2443,4.845,150.7,179.0,0.0,29.88,-97.93,,82.6,53.0,36,9.9,231,,0.0,85.7
928550974,"Yep, summer is coming",2017-04-04T19:02:39Z,8.241,2398,4.85,145.4,154.0,34.9,29.88,-97.93,,80.5,65.8,61,3.7,213,,0.0,88.19
929947405,A mile with Will,2017-04-05T17:49:15Z,1.595,561,5.864,130.8,146.0,0.0,29.88,-97.93,270.0,70.4,38.7,31,13.6,335,65.0,0.0,80.87
929947532,Part one of group run before hitting the train,2017-04-05T18:11:20Z,1.704,419,4.098,164.8,170.0,0.0,29.88,-97.95,139.1,69.2,37.4,31,11.4,340,159.1,0.0,91.28
929947699,"I forgot to start and stop my watch, plus there was a train stopped 😶",2017-04-05T18:23:24Z,2.496,662,4.421,156.0,172.0,12.6,29.87,-97.94,0.0,70.2,37.5,30,11.9,337,23.0,0.0,89.54
929947943,Run home from group run,2017-04-05T19:52:48Z,3.308,969,4.882,148.1,164.0,0.0,29.88,-97.94,90.0,68.3,39.6,35,6.6,332,118.0,0.0,84.49
931196559,Evening hills,2017-04-06T17:59:11Z,17.006,5156,5.053,157.9,162.0,105.6,29.88,-97.93,,74.7,39.3,28,2.8,108,,0.0,76.27
933851664,"Feeling fat and slow, ran hills anyways",2017-04-08T18:56:40Z,7.692,2169,4.7,154.1,180.0,38.1,29.88,-97.93,,80.1,57.2,46,16.1,171,,0.0,87.63
935262846,Corvallis x San Marcos Half (for my homies!),2017-04-09T11:06:25Z,21.243,6586,5.167,141.1,167.0,67.0,29.88,-97.93,270.0,72.4,63.0,72,17.1,187,83.0,0.1,87.12
935374098,Run home from The Hub,2017-04-09T13:53:26Z,2.128,630,4.933,143.9,157.0,0.0,29.88,-97.94,90.0,79.4,61.5,54,17.5,179,89.0,0.0,89.87
935494325,First 50 mile week ever!,2017-04-09T14:56:56Z,6.822,2089,5.104,152.1,171.0,0.0,29.88,-97.93,,82.0,60.4,48,15.9,184,,0.0,81.99
938363878,Flood tour!,2017-04-11T17:44:11Z,7.606,2271,4.976,140.0,174.0,0.0,29.88,-97.93,,72.7,63.9,74,14.5,127,,0.0,90.75
939713393,"Nice, easy/moderate evening at McAllister park",2017-04-12T17:53:42Z,9.058,2409,4.433,160.1,178.0,43.4,29.55,-98.45,90.0,70.0,61.8,75,9.8,102,12.0,0.1,87.95
939726275,So many kitted out Freds riding slowly...,2017-04-12T18:38:32Z,1.881,599,5.307,144.3,156.0,0.0,29.55,-98.44,270.0,70.9,62.6,75,7.1,70,160.0,0.0,81.14
941049855,First two miles with Will,2017-04-13T18:29:00Z,7.864,2457,5.207,141.1,173.0,0.0,29.88,-97.93,,75.0,62.3,65,12.5,136,,0.1,85.73
942196103,Nice but humid afternoon on Salado,2017-04-14T12:13:55Z,20.583,6440,5.215,140.2,165.0,56.0,29.55,-98.44,,72.0,60.8,68,7.8,162,,0.1,85.07
943786213,Zilker & Spyglass,2017-04-15T14:10:28Z,7.696,2324,5.033,147.8,165.0,84.9,30.27,-97.76,,77.0,63.6,63,11.1,172,,0.1,84.6
945407021,Happy Birthday & RIP Selena 😭,2017-04-16T17:04:32Z,9.904,2846,4.789,149.4,179.0,50.8,29.88,-97.93,,80.3,64.9,59,10.0,156,,0.0,88.0
946863134,"Few miles with Will, a climb to Old Main, solo back",2017-04-17T17:59:33Z,8.289,2650,5.329,137.4,174.0,30.5,29.88,-97.93,,67.9,66.7,96,8.4,79,,1.2,85.15
948313468,Today's my 8-year vegan-niversary!,2017-04-18T19:02:26Z,9.421,2864,5.066,141.6,166.0,57.2,29.88,-97.93,,74.7,64.9,72,4.6,76,,0.0,86.48
949703793,To run group,2017-04-19T17:51:42Z,1.29,448,5.787,109.2,132.0,0.0,29.88,-97.93,270.0,79.6,63.3,58,7.5,150,120.0,0.0,98.97
949703975,Run group part 1,2017-04-19T18:02:59Z,3.236,858,4.419,133.5,140.0,13.2,29.88,-97.94,220.9,78.3,64.7,63,9.0,138,82.9,0.0,106.37
949704097,Run group part 2,2017-04-19T18:18:29Z,1.601,431,4.487,135.3,143.0,0.0,29.87,-97.95,40.9,78.6,62.9,59,7.7,142,101.1,0.0,102.97
949704443,Cooldown from run group,2017-04-19T18:58:05Z,4.948,1425,4.8,136.8,147.0,13.6,29.88,-97.94,90.0,78.3,64.7,63,9.0,138,48.0,0.0,95.57
951023752,Didn't get passed on a whole Town Lake loop! Woo 🤣,2017-04-20T18:17:06Z,16.861,4871,4.815,152.7,163.0,25.9,30.25,-97.72,90.0,80.3,65.6,61,10.7,160,70.0,0.0,85.81
954646508,God damn it watch (results coming soon),2017-04-23T08:35:40Z,1.471,328,3.717,176.7,191.0,0.0,30.27,-97.75,180.0,53.5,41.4,63,9.9,332,152.0,0.0,93.2
956908994,Beautiful South Texas evening for a recovery run,2017-04-24T19:43:48Z,9.828,2994,5.078,141.7,168.0,25.3,29.45,-98.42,,76.4,56.6,50,6.1,170,,0.0,86.15
958226448,A throwaway: humidity is humbling,2017-04-25T18:01:41Z,8.052,2453,5.077,140.0,158.0,21.2,29.88,-97.93,,87.6,68.0,52,14.8,176,,0.0,90.08
959574170,Exploring Buda,2017-04-26T18:04:08Z,12.46,3559,4.76,149.7,180.0,27.0,30.08,-97.84,,80.7,40.4,24,15.2,314,,0.0,87.98
960844477,Tense motorist encounter (hence the stop in mile 1),2017-04-27T18:22:30Z,8.108,2334,4.798,144.8,163.0,0.0,29.88,-97.93,,82.8,54.8,38,13.0,168,,0.0,90.78
962080488,"Easy shakedown before the race, plus #newshoeday",2017-04-28T19:24:18Z,4.981,1475,4.936,140.8,157.0,0.0,29.88,-97.93,,86.9,70.0,57,15.2,139,,0.0,92.3
962776898,SMP 4 miler (3rd oa),2017-04-29T07:59:46Z,6.374,1483,3.878,173.4,185.0,10.7,29.88,-97.94,,76.1,72.8,89,13.2,148,,0.1,94.5
965319715,Lazy recovery to finish off the week,2017-04-30T18:51:53Z,6.491,1952,5.012,134.9,150.0,0.0,29.88,-97.93,,75.0,34.7,23,7.2,268,,0.0,90.58
968328046,Starting to get hot 😣,2017-05-02T18:00:29Z,9.666,2932,5.056,141.8,168.0,11.9,29.88,-97.93,,86.2,54.7,34,15.2,150,,0.0,88.56
969915547,Listening to Propagandhi always gets me hyped on vegan activism,2017-05-03T18:16:42Z,8.687,2660,5.104,160.7,169.0,12.9,29.88,-97.93,,86.9,61.6,43,17.1,346,,0.0,78.1
971411976,Beautiful San Marcos evening for a hilly tempo,2017-05-04T18:58:47Z,10.351,2940,4.734,146.8,176.0,75.5,29.88,-97.93,,76.7,36.5,23,14.7,338,,0.0,89.69
974112830,Run to river,2017-05-06T16:40:13Z,4.833,1346,4.641,155.1,172.0,0.0,29.88,-97.93,0.0,86.1,46.1,25,5.3,192,168.0,0.0,85.92
977411789,Felt like shit. Throwaway,2017-05-08T18:35:17Z,4.928,1539,5.205,132.2,151.0,0.0,29.88,-97.93,,78.9,59.8,52,16.3,143,,0.0,92.36
982081716,Easy 4 after a down week,2017-05-11T18:06:13Z,6.455,1845,4.764,151.2,174.0,0.0,29.88,-97.93,,81.8,67.5,62,5.9,233,,0.0,86.89
982081808,Cooldown,2017-05-11T18:38:04Z,0.484,153,5.264,143.7,151.0,0.0,29.88,-97.93,,81.8,67.5,62,5.9,233,,0.0,82.74
988211510,Feeling amazing after two down weeks & trying to incorporate more miles on the bike,2017-05-15T18:32:48Z,10.642,3088,4.836,153.2,183.0,40.8,29.88,-97.93,,91.1,56.5,31,13.7,152,,0.0,85.78
990819648,"Dante's is so technical, but I love it!",2017-05-16T17:43:26Z,8.705,2682,5.135,154.7,181.0,70.8,29.88,-97.96,,88.1,63.9,45,19.9,165,,0.0,81.3
994917137,These are hard conditions to run in,2017-05-18T18:35:41Z,10.553,3297,5.207,141.6,166.0,15.5,29.88,-97.93,,86.5,66.7,52,15.7,163,,0.0,86.88
999616094,500 miles in 2017!,2017-05-21T17:26:15Z,4.855,1370,4.703,157.7,181.0,0.0,29.88,-97.93,,78.3,64.0,62,8.3,3,,0.0,84.44
1001054611,I love Westover 😍,2017-05-22T17:48:16Z,8.108,2367,4.865,144.1,176.0,37.3,29.88,-97.96,,76.4,63.5,64,7.4,44,,0.0,89.03
1002633574,suburbs,2017-05-23T17:27:51Z,8.286,2227,4.479,152.9,182.0,13.3,30.09,-97.87,,71.2,64.0,78,12.9,321,,0.7,91.91
1004192677,Late! Trying to catch up to the Core group!,2017-05-24T18:01:05Z,5.704,1596,4.663,151.6,175.0,17.1,29.88,-97.93,270.0,81.8,49.5,33,5.4,263,7.0,0.0,87.46
1004264576,I'm gonna do it!,2017-05-24T19:16:34Z,5.917,1730,4.873,148.7,179.0,12.5,29.88,-97.94,90.0,81.2,64.8,57,2.3,209,119.0,0.0,85.56
1005819747,"Summer is basically here. Heart rate up, pace slower",2017-05-25T18:31:22Z,6.438,1849,4.787,143.4,154.0,12.1,29.88,-97.93,,90.5,64.8,43,15.2,178,,0.0,93.34
1012176660,Nice evening!,2017-05-29T19:50:35Z,10.684,3102,4.839,148.6,167.0,30.0,29.88,-97.93,,79.7,68.4,69,3.8,93,,0.1,86.6
1013601905,Like running in a pot of warm soup,2017-05-30T17:31:02Z,11.273,3302,4.882,146.3,174.0,97.7,29.88,-97.93,270.0,84.6,62.2,47,5.2,31,121.0,0.0,87.37
1013659717,Three more in the soup,2017-05-30T19:01:24Z,4.866,1429,4.894,153.9,178.0,10.2,29.88,-97.94,90.0,80.2,64.9,60,2.8,299,151.0,0.0,82.35
1015142881,I got to run group on time!,2017-05-31T17:45:05Z,1.721,524,5.074,134.1,148.0,5.1,29.88,-97.93,270.0,83.2,65.0,54,9.4,76,166.0,0.0,92.6
1015204369,Core Running group on easy mode,2017-05-31T18:00:29Z,4.831,1507,5.199,135.5,149.0,15.7,29.88,-97.94,,80.4,65.8,61,9.6,106,,0.0,89.36
1015204553,Home from Core Running group,2017-05-31T18:43:51Z,1.685,489,4.838,139.0,162.0,7.7,29.88,-97.94,90.0,80.4,65.8,61,9.6,106,16.0,0.0,93.62
1016858267,Easy-ish tempo (is that a thing?),2017-06-01T18:58:26Z,6.307,1674,4.424,154.8,175.0,13.8,29.88,-97.93,,82.9,68.2,61,7.3,130,,0.1,91.77
1021717474,"Easy start, hard effort at finish. It's... very humid to say the least!",2017-06-04T18:47:35Z,8.397,2340,4.645,149.5,185.0,27.9,29.88,-97.93,,80.8,71.4,73,2.0,84,,0.0,89.57
1023124621,"First five miles with Will, rest solo",2017-06-05T17:51:27Z,10.605,3690,5.799,130.5,172.0,73.8,29.88,-97.93,270.0,80.3,68.3,67,11.2,6,96.0,0.2,83.59
1023154292,A few more solo!,2017-06-05T19:07:13Z,4.911,1422,4.826,151.0,174.0,7.5,29.88,-97.94,90.0,74.4,70.1,86,7.5,343,107.0,0.0,85.92
1025195249,Goodnight track work - 800s!,2017-06-06T18:23:28Z,5.746,1354,3.927,156.4,184.0,28.5,29.86,-97.94,,85.9,64.9,50,14.2,16,,0.0,103.79
1026116258,Core Running Group Run - good turnout!,2017-06-07T17:41:25Z,8.115,2348,4.822,143.3,183.0,27.4,29.88,-97.93,,88.0,61.4,41,5.6,56,,0.0,90.52
1027579523,First 95° run of the year. Feeling good!,2017-06-08T17:51:20Z,8.205,2312,4.696,148.7,170.0,29.5,29.88,-97.93,,85.6,66.9,54,3.6,176,,0.0,89.38
1032577424,First late run in a while...,2017-06-11T21:08:42Z,5.584,1556,4.644,149.1,172.0,13.2,29.88,-97.93,,84.0,65.4,54,9.3,132,,0.0,91.04
1033872662,"If you can run in Texas heat, you can run anywhere",2017-06-12T18:42:38Z,10.776,3065,4.741,146.4,176.0,28.4,29.88,-97.93,,92.8,59.4,33,9.5,135,,0.0,91.03
1035520933,"Core Running Group speedwork with a solo hilly ""cooldown""",2017-06-13T18:25:43Z,12.589,3619,4.791,142.9,174.0,56.4,29.9,-97.92,180.0,90.9,67.9,47,13.1,163,17.0,0.1,93.37
1037076304,"Core Running Group Wednesdays: slow, then fast, hopped a train, backtracked.",2017-06-14T17:50:26Z,8.562,2445,4.759,144.0,170.0,26.0,29.88,-97.93,,95.2,63.6,35,16.7,168,,0.0,94.0
1038763935,"Run to Hub, stairs with Andy, run home",2017-06-15T18:27:55Z,10.315,3477,5.618,139.5,169.0,131.9,29.88,-97.93,90.0,99.0,63.0,31,11.2,180,90.0,0.0,81.41
1041674875,First 100°+ run of the year 🌞💕,2017-06-17T16:58:25Z,8.816,2665,5.038,147.9,171.0,65.2,29.88,-97.93,90.0,101.5,64.0,30,12.8,186,96.0,0.0,86.11
1045025759,"Later than usual, should have got more miles",2017-06-19T20:22:32Z,6.454,1723,4.45,152.3,174.0,42.9,29.88,-97.93,,86.2,70.7,60,8.1,44,,0.0,93.23
1046607022,Trash,2017-06-20T19:06:10Z,7.235,2156,4.967,137.8,170.0,17.1,29.88,-97.93,,91.0,68.7,48,10.4,47,,0.0,92.93
1048204595,No clever run title. Fuck Donald Trump and stop normalizing his actions.,2017-06-21T19:17:57Z,6.525,1875,4.789,140.7,157.0,23.3,29.88,-97.93,,90.3,56.5,32,12.7,21,,0.0,94.07
1052405700,Pretty sure I'm missing a lil bit of mileage. Whatever,2017-06-24T16:01:39Z,10.345,3147,5.07,145.1,170.0,123.8,29.88,-97.96,,78.8,72.9,82,11.2,47,,0.3,86.16
1054059038,It's called the Hill Country for a reason,2017-06-25T12:35:24Z,14.646,4352,4.953,140.2,169.0,127.3,29.88,-97.96,,83.8,70.5,64,4.6,67,,0.0,90.18
1055885582,OMG RAIN,2017-06-26T19:26:35Z,5.455,1510,4.613,140.9,166.0,23.8,29.88,-97.93,,82.1,74.9,79,3.7,107,,4.4,96.31
1057396838,"I mean, can the rain NOT turn directly into steam when it hits the ground?",2017-06-27T18:21:26Z,6.536,1836,4.682,142.4,165.0,36.2,29.88,-97.93,,80.8,70.1,70,6.6,125,,0.0,94.11
1058893917,"The Core Running fam stays running, hot or not!",2017-06-28T17:43:07Z,9.039,2610,4.813,146.8,181.0,16.0,29.88,-97.93,,86.9,69.0,55,7.6,88,,0.0,89.28
1060300334,"Repeat to yourself ""the fall race times will be worth it... the fall race times""",2017-06-29T18:34:40Z,6.961,2027,4.853,146.1,173.0,25.1,29.88,-97.93,,89.7,72.9,58,12.0,170,,0.0,90.17
1062746515,Oof,2017-07-01T12:42:26Z,5.4,1624,5.012,142.3,166.0,10.0,29.88,-97.93,,87.0,71.2,60,6.7,160,,0.0,88.4
1065373506,Who the hell wakes up this early?!,2017-07-03T06:27:04Z,6.443,1741,4.503,145.4,179.0,27.4,29.88,-97.93,,76.6,74.0,92,8.6,187,,0.0,96.21
1071382065,Easy one after a long day,2017-07-06T20:41:14Z,4.864,1401,4.801,142.9,157.0,13.7,29.88,-97.93,,83.5,71.9,68,6.1,147,,0.2,91.62
1076185280,The best birthday present would have been a snap July cold front 😭,2017-07-09T18:54:50Z,6.455,1836,4.74,147.1,175.0,20.7,29.88,-97.93,,93.6,60.3,33,6.7,90,,0.0,90.17
1080647096,Run to Run Group,2017-07-12T17:50:19Z,1.635,499,5.086,129.1,145.0,4.4,29.88,-97.93,270.0,95.5,62.9,34,10.0,170,100.0,0.0,96.7
1080681582,Core Run Group: Forcing myself to run very slow,2017-07-12T18:01:10Z,5.627,1838,5.444,138.9,164.0,11.4,29.88,-97.94,90.0,91.4,64.7,41,9.1,170,80.0,0.0,83.68
1088744319,Yuck,2017-07-17T18:39:44Z,8.208,2326,4.723,131.6,150.0,28.8,29.88,-97.93,,84.1,72.7,69,5.6,113,,0.0,101.11
1090497166,Core Running speedwork! Relays @ Rio Vista,2017-07-18T18:03:58Z,7.035,1887,4.47,146.6,183.0,23.8,29.88,-97.93,,91.5,66.7,44,11.7,156,,0.0,97.23
1092104818,Core Running group run: taking it easy in the sun,2017-07-19T17:37:14Z,7.685,2240,4.858,148.4,170.0,15.4,29.88,-97.93,,94.2,66.7,41,10.2,161,,0.0,88.25
1093714756,Feeling slow and tired. Got miles anyways 😧,2017-07-20T19:16:02Z,6.575,1950,4.943,142.2,160.0,13.3,29.88,-97.93,,91.5,69.3,49,7.6,130,,0.1,90.02
1098522603,100% ready for summer to be over with. At least I got a ride and run in today 😡,2017-07-23T17:07:20Z,4.992,1420,4.741,158.7,178.0,8.3,29.88,-97.93,,97.1,62.8,33,2.7,145,,0.0,83.19
1100010235,Aquarena & Spring Lake hill work ⛰️☀️,2017-07-24T18:33:37Z,9.784,2923,4.979,149.6,161.0,80.4,29.88,-97.93,,100.4,54.0,21,9.4,181,,0.0,84.92
1101743869,Warmup (to) & Cooldown (from) track workout @ Goodnight,2017-07-25T17:45:36Z,6.401,1942,5.057,145.4,176.0,27.7,29.88,-97.93,,92.3,64.8,40,12.9,163,,0.0,86.82
1101750358,Core track group ladders (600/400/300/200)x3,2017-07-25T18:52:30Z,4.228,840,3.312,159.7,192.0,23.1,29.86,-97.94,,92.5,64.3,40,11.0,163,,0.0,120.19
1103288408,Core Running Wednesdays: Easy river run,2017-07-26T17:45:48Z,8.08,2481,5.118,165.2,178.0,17.2,29.88,-97.93,,98.7,60.9,29,13.9,165,,0.0,75.79
1106285234,Ran out of daylight 🌄,2017-07-28T20:18:45Z,6.832,2028,4.947,138.8,154.0,53.0,29.85,-98.44,,90.6,59.5,35,3.8,135,,0.0,90.79
1107928178,Hottest day of the year so far...,2017-07-29T19:08:49Z,10.583,3279,5.164,138.4,154.0,72.4,29.85,-98.44,,97.5,57.4,26,8.5,127,,0.0,88.36
1109821017,Easy one to finish off the week 🏃,2017-07-30T19:42:33Z,5.874,1720,4.881,147.5,175.0,53.7,29.85,-98.44,,89.5,73.1,59,5.9,53,,0.0,87.68
1111252374,Easy short effort to start the week,2017-07-31T18:18:36Z,4.93,1433,4.844,146.1,174.0,14.4,29.88,-97.93,,93.8,57.3,30,12.9,37,,0.0,89.84
1113071170,"Core Running speedwork: 4x800 relay, 1 mile w/u, 0.5 mi c/d",2017-08-01T18:37:32Z,5.649,1502,4.432,147.9,184.0,29.7,29.86,-97.94,,97.1,55.8,25,8.4,32,,0.0,96.21
1114633126,Core Running Wednesdays: Does 88° count as a cold front?,2017-08-02T17:30:50Z,8.374,2374,4.725,144.2,177.0,17.9,29.88,-97.93,,83.2,73.8,73,5.6,29,,0.0,92.25
1117551333,New shoe day + return of the heat 🔆👟,2017-08-04T18:24:20Z,7.094,2058,4.835,147.8,172.0,17.4,29.88,-97.93,,89.9,68.0,49,7.9,112,,0.0,88.42
1120838597,"I swear when that first real cold front hits in October or whatever, I'm gonna run like so many miles...",2017-08-06T13:00:56Z,13.266,3987,5.009,151.6,173.0,54.2,29.88,-97.93,,90.1,71.5,55,11.0,193,,0.0,83.96
1121012636,Had to go get a couple more to hit 800 on the year!,2017-08-06T16:49:24Z,3.627,1066,4.899,148.8,171.0,12.6,29.88,-97.93,,94.1,68.1,43,13.7,176,,0.0,88.0
1122597674,All it took was one brief break from the sun to feel strong again,2017-08-07T18:16:31Z,7.695,2271,4.919,139.9,160.0,35.6,29.88,-97.93,,84.5,70.1,62,5.4,88,,0.0,91.17
1124265533,Core Running Speedwork: Warmup/Cooldown (grouped),2017-08-08T18:10:05Z,5.043,1464,4.839,144.3,171.0,29.2,29.86,-97.94,,86.7,67.4,53,12.7,36,,0.0,91.21
1124245109,"Core Running Speedwork: 1600m ""Time Trial""",2017-08-08T18:50:28Z,1.629,338,3.457,147.3,164.0,6.8,29.86,-97.94,,86.7,67.4,53,12.7,36,,0.0,125.05
1126709222,Core Running Wednesday: Easy River Loop,2017-08-09T17:46:08Z,8.416,2604,5.157,134.2,157.0,18.0,29.88,-97.93,,89.5,67.9,49,6.0,56,,0.0,90.92
1128560692,Students are back in town,2017-08-10T18:29:02Z,7.565,2203,4.853,144.1,166.0,37.6,29.88,-97.93,,89.0,71.3,56,4.3,183,,0.0,89.81
1132506665,Low mileage week nursing a bad ankle,2017-08-13T19:02:46Z,4.183,1211,4.826,141.8,165.0,14.1,29.88,-97.93,,95.9,65.6,37,9.8,160,,0.0,92.94
1133916854,"Purgatory hard mode: Dante/Paraiso loop, bottom to top",2017-08-14T16:30:15Z,13.096,4359,5.547,156.1,182.0,116.0,29.87,-97.96,,98.8,61.3,29,10.1,185,,0.0,73.42
1135744830,Ringtail loops & off-leash dogs with clueless caretakers,2017-08-15T18:30:22Z,7.068,2288,5.395,151.5,161.0,68.8,29.9,-97.97,,95.0,65.8,38,16.3,144,,0.0,78.85
1137468725,Core Running Wednesdays: Can't no weak ass 110° heat index stop us 😤,2017-08-16T17:46:41Z,9.155,2711,4.935,147.5,166.0,18.8,29.88,-97.93,,98.2,62.4,31,14.9,161,,0.0,88.26
1139097648,Students back in town = more texting and driving *warms up quarter panel slap technique*,2017-08-17T19:25:35Z,7.209,2076,4.8,147.5,170.0,15.7,29.88,-97.93,,95.4,64.1,36,10.7,157,,0.0,89.88
1142126241,Just not feeling it the last few days 🙁,2017-08-19T19:34:23Z,5.994,1745,4.852,152.2,175.0,52.1,29.88,-97.93,,96.3,62.3,33,4.8,103,,0.0,85.06
1145452503,Feeling much better than last week 👏,2017-08-21T18:02:09Z,8.438,2448,4.835,146.6,175.0,47.7,29.88,-97.93,,96.5,64.4,35,9.2,137,,0.0,89.56
1147287988,"Core Running speedwork: ""Late Night"" edition (details in description)",2017-08-22T18:39:22Z,9.888,2652,4.47,148.7,181.0,31.9,29.88,-97.93,,97.1,60.5,30,6.3,148,,0.0,94.74
1148961635,Core Running Wednesdays: Easy miles before the hurricane wipes us out 🌀⛈️😨,2017-08-23T17:43:42Z,10.787,3280,5.068,140.3,162.0,29.7,29.88,-97.93,,97.2,60.1,29,3.7,57,,0.0,88.07
1150644018,Easy one before the hurricane gets ya boi 🌀🏃🌀,2017-08-24T19:07:50Z,6.468,1877,4.837,144.4,176.0,18.4,29.88,-97.93,,86.5,71.1,60,6.3,94,,0.0,90.16
1153675057,🌀💦🚨 something something hurricane🚨🌩️,2017-08-26T14:59:06Z,8.105,2390,4.914,143.0,155.0,17.0,29.88,-97.93,,74.3,72.9,96,30.0,36,,2.1,93.65
1155756007,Tropicane Hurristorm Day 2: storm explorin' and segment hunting 😤,2017-08-27T17:21:24Z,7.788,2331,4.988,140.7,164.0,32.7,29.88,-97.93,,73.8,71.0,91,23.9,1,,2.5,92.38
1157258126,"Breezy, cool weather brought out the fair weather runners 🤣🍃",2017-08-28T17:46:34Z,8.904,2421,4.532,155.5,180.0,43.9,29.88,-97.93,,78.7,65.2,63,17.0,4,,0.0,90.62
1159013062,A fun game to play while you run! (details in description),2017-08-29T18:00:41Z,13.024,3797,4.859,151.6,175.0,47.6,29.88,-97.93,,81.1,67.0,62,14.2,7,,0.0,86.4
1160654619,Core Running Wednesdays: A whole bunch of randomness...,2017-08-30T17:45:44Z,10.149,2827,4.643,148.2,178.0,19.0,29.88,-97.93,,85.8,65.0,50,8.2,334,,0.0,91.49
1162227226,We are not in a gas shortage! Stop panicking Texas god damn it!,2017-08-31T18:06:27Z,6.674,1904,4.755,145.0,160.0,17.9,29.88,-97.93,,84.4,66.6,55,6.6,342,,0.0,91.01
1165311950,"Nice evening, easy 4",2017-09-02T19:15:58Z,6.558,1864,4.738,143.7,162.0,14.1,29.88,-97.93,,84.2,70.8,64,5.2,160,,0.0,92.13
1166935202,One of the most brutally humid runs of the year 😧,2017-09-03T12:52:45Z,17.693,5506,5.187,138.2,157.0,93.3,29.9,-97.97,120.0,83.6,67.6,59,4.3,168,48.0,0.0,87.13
1168733242,Nice evening in the neighborhood 🌞,2017-09-04T18:06:51Z,6.012,1733,4.804,149.8,172.0,13.0,29.88,-97.93,,84.8,66.6,54,5.7,141,,0.0,87.04
1171916212,"Core Running Wednesdays: a little slow, a little fast...",2017-09-06T17:35:31Z,13.283,3889,4.88,145.6,186.0,32.2,29.88,-97.93,,80.4,51.4,37,11.7,43,,0.0,88.2
1173415146,Break from work ➡️ run ➡️ back to work 🔄,2017-09-07T17:23:21Z,12.055,3492,4.828,145.6,159.0,50.9,30.08,-97.84,,78.5,54.2,43,6.2,75,,0.0,88.18
1178094510,"Teaching Matt to run, part one",2017-09-09T18:10:22Z,1.509,545,6.018,123.2,133.0,4.4,29.88,-97.93,270.0,80.5,57.6,46,9.2,49,139.0,0.0,84.41
1178090724,Teaching Matt to run Part 2,2017-09-09T18:25:27Z,1.606,736,7.638,112.5,126.0,7.7,29.88,-97.93,,80.5,57.6,46,9.2,49,,0.0,72.83
1178094306,"Easy, progressive Sunday miles with some fun hills ⛰️",2017-09-10T12:22:04Z,21.189,6348,4.993,148.8,175.0,143.3,29.88,-97.93,,77.9,60.5,55,8.1,37,,0.0,84.05
1182908610,Back at it after a couple days in a new (old) neighborhood,2017-09-13T17:30:28Z,11.007,3055,4.626,158.0,205.0,27.2,29.87,-97.95,,88.6,63.3,43,6.7,154,,0.0,85.92
1189315290,Slow tired miles after a busy week. Lowest mileage week in a long time 😧,2017-09-17T18:14:02Z,8.08,2388,4.926,143.6,173.0,34.4,29.87,-97.95,,87.2,64.8,48,6.8,128,,0.0,88.8
1190671645,"Starting off the week right. Easy start, tempo finish",2017-09-18T17:53:43Z,11.304,3243,4.781,150.0,182.0,39.5,29.87,-97.95,,87.3,73.8,64,8.0,142,,0.8,88.31
1192237890,"Crushing humidity, hills and heat. Definitely one of the worst running conditions of the year so far.",2017-09-19T17:33:18Z,12.886,3697,4.782,155.9,191.0,122.1,29.87,-97.95,40.9,87.8,71.8,59,9.7,157,116.1,0.0,85.18
1192255543,"""cooldown""",2017-09-19T18:39:39Z,2.047,628,5.113,161.0,176.0,11.8,29.88,-97.94,220.9,87.4,72.1,61,10.5,160,60.9,0.0,77.26
1193731505,I want summer to be over 😧,2017-09-20T16:45:41Z,6.163,1761,4.762,152.0,177.0,28.6,29.87,-97.95,270.0,92.1,70.0,49,9.8,168,102.0,0.7,87.88
1195383828,"Up the hills, down the hills",2017-09-21T18:44:00Z,8.474,2444,4.807,141.1,164.0,92.1,29.87,-97.95,,84.3,71.0,64,11.7,149,,0.1,93.77
1198418252,Whatever 🤥,2017-09-23T18:35:27Z,6.245,1880,5.018,141.9,164.0,27.3,29.87,-97.95,,83.3,69.7,64,9.0,132,,0.0,88.68
1200106166,1000 miles in 2017! 🎉,2017-09-24T13:15:19Z,8.519,2600,5.087,140.3,158.0,33.0,29.87,-97.95,,82.2,71.8,71,8.2,145,,1.2,88.38
1201779801,Heatmapping,2017-09-25T17:56:15Z,8.415,2687,5.322,130.2,144.0,41.9,29.87,-97.95,,77.5,72.8,85,5.1,139,,0.7,90.23
1203423080,Rain run & more heat mapping,2017-09-26T17:58:43Z,9.184,2767,5.021,136.8,152.0,40.4,29.87,-97.95,,75.7,73.9,94,5.6,95,,0.1,91.08
1205024903,"Core Running Wednesdays: like swimming in air, the humidity is killer 🏊",2017-09-27T17:38:10Z,12.151,3278,4.496,156.2,186.0,23.4,29.87,-97.95,,74.7,73.9,98,5.8,23,,1.0,89.06
1206533773,Westover is for hills 😍,2017-09-28T17:52:22Z,11.262,3332,4.931,143.2,176.0,93.3,29.87,-97.95,,79.2,70.1,74,9.0,27,,0.1,89.22
1210742960,Takes forever to get warmed up after two days off,2017-10-01T10:50:27Z,10.848,3168,4.867,141.1,184.0,45.6,29.87,-97.95,,72.8,62.1,69,3.0,42,,0.0,89.79
1214104631,"Feeling sluggish, super humid and warm 😑",2017-10-03T18:12:21Z,9.79,2831,4.819,153.2,183.0,89.6,29.87,-97.95,,77.4,74.3,90,5.3,112,,0.1,84.8
1215585251,"Short tempo-ish (a little slower than tempo, but eh)",2017-10-04T18:01:14Z,5.309,1433,4.498,152.1,177.0,27.8,29.87,-97.95,,81.6,69.3,66,6.4,65,,0.0,91.67
1217231374,Evening Run,2017-10-05T18:13:40Z,1.793,545,5.065,133.3,154.0,5.5,29.87,-97.95,40.9,80.9,69.1,67,3.8,111,70.1,0.0,92.34
1217231559,Evening Run,2017-10-05T18:45:28Z,4.041,1197,4.937,143.9,166.0,52.8,29.88,-97.94,220.9,81.1,69.3,67,5.4,99,121.9,0.0,88.08
1221403139,Why is it still fucking hot 😥,2017-10-08T12:20:50Z,7.246,2163,4.975,143.8,176.0,49.0,29.87,-97.95,,82.7,69.5,65,2.8,209,,0.0,87.08
1226074284,"Holy shit, it cools down and I find out I'm fast again 😬😬",2017-10-11T17:48:56Z,12.275,3169,4.303,160.8,191.0,79.8,29.87,-97.95,,73.8,52.6,47,4.9,43,,0.0,89.0
1228855277,Easy 10 with hills 🏞️,2017-10-13T17:27:04Z,16.1,4805,4.974,158.6,184.0,133.4,29.87,-97.95,270.0,83.7,69.2,62,3.4,122,148.0,0.0,79.11
1230367551,A particularly hot and humid day for mid October 😧,2017-10-14T15:29:15Z,6.549,1940,4.937,147.5,170.0,58.4,29.87,-97.95,,85.2,68.7,58,8.3,177,,0.0,86.63
1232464577,Easy end to the week,2017-10-15T14:07:06Z,13.437,3978,4.934,148.7,170.0,118.5,29.87,-97.95,,74.0,62.3,67,15.0,360,,0.0,86.24
1233830765,I think my fall race times are gonna be alright ☺️,2017-10-16T17:50:01Z,19.335,5382,4.639,148.5,182.0,172.9,29.87,-97.95,,73.3,40.8,31,9.2,14,,0.0,89.49
1235286479,"Solo Speedwork! First 2 mi @ threshold, 1 mi @ MGP",2017-10-17T17:30:57Z,5.023,1227,4.071,165.1,181.0,21.2,29.87,-97.95,,72.5,47.2,41,2.6,70,,0.0,90.81
1238298602,Trail makes me slow 😩,2017-10-19T17:52:23Z,11.484,3662,5.315,146.3,153.0,111.1,29.87,-97.95,,78.2,62.2,58,5.2,160,,0.0,79.94
1242778680,"Jacksonville, so pedestrian unfriendly 😒",2017-10-22T18:02:00Z,13.712,4001,4.863,153.0,177.0,35.8,30.32,-81.66,,77.0,72.2,85,8.8,122,,0.1,84.63
1245337722,"In Jacksonville, pedestrians are enemy #1 😧",2017-10-24T15:50:14Z,12.638,3535,4.662,154.6,171.0,32.1,30.32,-81.66,,74.9,56.3,52,5.2,295,,0.0,85.75
1246779141,Bye Jacksonville!,2017-10-25T15:10:48Z,6.504,1825,4.676,143.2,168.0,23.7,30.32,-81.66,,65.9,40.3,39,11.5,292,,0.0,92.06
1255599298,Cold wet and rainy all of a sudden!,2017-10-31T17:54:57Z,6.573,1691,4.287,162.3,187.0,37.8,29.87,-97.96,90.0,54.8,49.8,83,9.5,8,82.0,0.3,88.14
1257194173,The warmth is back 😘,2017-11-01T17:33:02Z,15.327,4356,4.737,154.5,182.0,126.7,29.87,-97.95,,79.1,64.0,60,10.9,199,,0.0,86.09
1259942581,Feeling out my 50k goal pace,2017-11-03T17:32:14Z,19.712,5923,5.008,156.9,180.0,195.6,29.87,-97.95,,82.7,69.8,65,5.9,162,,0.0,79.81
1261228628,Like running in a swimming pool 💦,2017-11-04T13:36:30Z,8.995,2694,4.992,148.2,176.0,29.2,29.87,-97.95,,77.4,70.4,79,8.5,192,,0.1,84.99
1263129211,"Hills, heat, headwinds & humidity: a Texas November day",2017-11-05T14:25:33Z,12.089,3645,5.025,155.1,178.0,73.6,29.94,-98.02,139.1,82.1,68.0,62,9.5,210,70.9,0.0,80.96
1265953192,"If you can't get off your phone when driving, you're an asshole 💯",2017-11-07T17:41:15Z,6.452,1790,4.624,148.3,179.0,21.8,29.87,-97.95,,80.8,64.0,57,3.2,124,,0.0,90.51
1268630421,meh,2017-11-09T16:47:57Z,7.207,2109,4.877,144.2,164.0,49.7,29.87,-97.95,,59.3,47.7,65,5.6,29,,0.0,86.64
1269630966,Not getting passed on Town Lake 💪,2017-11-10T13:00:10Z,21.631,5953,4.587,163.0,181.0,180.1,30.27,-97.77,,56.4,47.7,72,4.9,87,,0.0,81.25
1272811317,"Easy, humid Sunday miles",2017-11-12T12:18:01Z,21.131,6497,5.124,144.7,166.0,77.8,29.95,-97.85,227.3,73.0,64.7,75,5.9,130,97.3,0.0,83.8
1274346937,Quick & easy miles to hit 1200 on the year,2017-11-13T19:06:40Z,4.949,1426,4.802,143.7,175.0,21.8,29.87,-97.95,,71.2,61.3,71,3.6,112,,0.0,89.34
1275745064,"Easy run in the warm, humid evening air",2017-11-14T18:39:11Z,6.534,1961,5.002,139.6,161.0,22.2,29.87,-97.95,,73.5,60.5,64,5.6,187,,0.0,88.73
1277123623,"Easy 4, waiting for some cool weather 🍃",2017-11-15T17:28:01Z,6.464,1885,4.86,144.4,172.0,49.3,29.87,-97.95,,74.8,64.4,70,2.5,207,,0.0,88.0
1281005154,"Few hills, fast finish",2017-11-18T16:31:28Z,10.169,2854,4.678,149.2,185.0,101.3,29.87,-97.95,,72.1,43.8,36,17.2,358,,0.0,89.93
1282690493,"Nothing but jagged rocks, technical singletrack and amazing weather today 🍃😍",2017-11-19T13:54:23Z,24.195,7927,5.46,147.5,178.0,227.1,29.87,-97.95,270.0,59.3,31.1,34,8.3,33,123.0,0.0,75.75
1283965104,"Wear your lights if it's dark out, dum dums 💡🌚",2017-11-20T17:58:16Z,9.204,2599,4.706,146.9,165.0,42.1,29.87,-97.95,,64.4,34.5,33,9.3,200,,0.0,88.44
1285317439,"Decent effort, West campus hills ⛰️",2017-11-21T17:51:43Z,6.884,1925,4.661,148.8,179.0,74.4,29.87,-97.95,,73.2,52.4,48,1.8,97,,0.0,88.19
1287969259,Easy miles after a fully vegan thanksgiving meal 💪🌱,2017-11-23T15:53:48Z,8.897,2609,4.888,141.9,157.0,32.4,29.45,-98.42,,67.0,27.1,22,4.2,252,,0.0,87.24
1289136746,Trying out the Garmin Vivoactive 3...,2017-11-24T16:57:19Z,8.086,2332,4.807,149.0,164.0,73.1,29.87,-97.96,90.0,71.3,37.4,29,11.1,202,112.0,0.0,86.14
1290383936,Slow and sluggish. Got miles tho,2017-11-25T13:03:39Z,20.96,6187,4.92,154.3,175.0,93.6,29.55,-98.44,270.0,71.0,52.0,51,5.0,148,122.0,0.0,80.97
1292170228,Recovery miles 🐢,2017-11-26T15:28:01Z,10.722,3193,4.963,143.3,164.0,33.8,29.87,-97.95,,74.0,55.1,52,4.4,41,,0.0,86.63
1296170541,Heatmapping,2017-11-29T17:05:00Z,7.482,2138,4.763,142.8,162.0,24.4,30.08,-97.84,,71.2,34.8,26,5.6,337,,0.0,89.55
1301103827,Trails on a warm humid December day,2017-12-03T13:27:12Z,12.605,4630,6.122,145.3,180.0,111.4,29.87,-97.95,,66.5,65.8,98,2.2,143,,2.0,69.1
1304385883,Salado Creek North with Em,2017-12-04T11:19:25Z,15.462,4904,5.286,152.7,183.0,67.8,29.55,-98.45,,71.2,66.6,85,11.7,192,,0.1,77.92
1304376452,Few more to end the day,2017-12-04T19:17:36Z,3.036,920,5.051,146.1,171.0,12.4,29.87,-97.95,,71.6,64.7,79,4.1,158,,0.0,83.83
1304376976,Spring Lake trails with Em,2017-12-05T15:47:55Z,9.849,3537,5.986,151.7,175.0,142.8,29.9,-97.92,180.0,58.8,31.5,35,18.0,17,163.0,0.0,68.55
1309536086,Easy one in the sun ☀️ 1300 miles on the year!,2017-12-10T10:17:33Z,12.94,3560,4.585,159.2,185.0,93.2,29.87,-97.95,,47.3,34.3,61,3.7,287,,0.0,82.8
1312069917,lil tempo,2017-12-12T17:05:25Z,5.969,1546,4.317,167.4,180.0,27.1,30.08,-97.84,,59.9,26.9,28,10.3,359,,0.0,84.77
1315308047,Feeling slow and heavy,2017-12-15T18:22:25Z,6.715,1885,4.678,158.5,176.0,15.8,29.87,-97.95,,53.5,39.7,59,3.2,98,,0.0,81.44
1317911688,No energy whatsoever 😫,2017-12-17T16:03:57Z,8.074,2267,4.679,155.3,172.0,41.6,29.87,-97.95,,61.5,51.0,68,3.9,149,,0.0,83.85
1319013792,Weird warm fog 🌫️,2017-12-18T17:44:11Z,5.235,1454,4.629,156.1,171.0,22.9,29.87,-97.95,,57.7,56.4,96,1.1,79,,0.0,83.93
1321364587,What a beautiful day ☀️,2017-12-20T16:25:33Z,11.143,3214,4.807,150.9,174.0,106.7,29.87,-97.95,,70.9,49.2,46,3.9,204,,0.0,84.39
1322483207,My mom was giving me shit about my rest week so here's a 7 day streak,2017-12-21T16:56:57Z,7.519,2164,4.797,145.1,164.0,73.4,29.87,-97.95,,76.6,63.7,64,14.4,192,,0.0,91.03
1324708643,Couple miles in the hills 😜,2017-12-23T12:57:10Z,22.033,6509,4.924,146.1,166.0,221.5,29.87,-97.95,,48.5,34.8,59,6.3,352,,0.0,84.47
1326218106,I guess the cold front is blowing in 🌬️,2017-12-24T15:48:22Z,11.944,3480,4.856,148.0,169.0,39.8,29.45,-98.42,,65.1,35.2,33,14.9,16,,0.0,86.07
1328263162,Test,2017-12-26T13:53:14Z,1.823,534,4.881,142.6,155.0,8.3,29.87,-97.95,,48.7,48.6,99,7.3,31,,0.3,87.48
1328414310,Up the hill,2017-12-26T14:19:06Z,1.44,446,5.164,124.5,138.0,26.0,29.87,-97.95,319.1,49.1,49.0,100,7.7,30,70.9,0.2,94.79
1328415034,Cold windy miles with Emily and Andy,2017-12-26T14:30:27Z,8.833,2942,5.551,155.6,178.0,97.6,29.88,-97.96,,49.1,49.0,100,7.7,30,,0.2,70.55
1331144391,Easy-ish tempo,2017-12-28T18:07:25Z,6.785,1907,4.684,147.2,170.0,32.0,29.87,-97.95,,43.7,33.7,68,5.7,51,,0.0,88.02
1333573191,First...,2017-12-30T13:29:50Z,5.268,1524,4.821,141.6,153.0,9.2,29.87,-97.95,69.0,59.6,53.5,80,2.0,276,153.0,0.0,88.94
1333612884,Second...,2017-12-30T14:09:20Z,4.601,1284,4.651,150.5,167.0,24.4,29.88,-97.92,249.0,60.3,53.8,79,1.4,18,129.0,0.0,86.69
1333676664,...Third run of the day,2017-12-30T14:57:47Z,6.481,1810,4.654,151.6,176.0,20.4,29.87,-97.95,,60.0,53.5,79,0.7,288,,0.0,85.85
1335233874,It was a good year for running 🏃,2017-12-31T14:31:50Z,9.92,2963,4.978,147.0,173.0,36.0,29.87,-97.95,,44.5,35.8,71,14.0,22,,0.0,84.35
1344212478,Bandera 50k... with extra mileage 😑,2018-01-06T07:29:31Z,55.103,24489,7.407,151.5,184.0,1165.3,29.65,-99.2,,39.2,38.8,98,5.5,125,,0.0,54.06
1347713926,Easy post race recovery miles 🐢,2018-01-08T17:35:13Z,4.848,1511,5.194,140.5,155.0,24.2,29.87,-97.95,,63.1,39.3,41,9.6,342,,0.0,83.95
1349357121,Still easing back into it 🐢,2018-01-09T17:39:54Z,7.422,2100,4.716,154.0,174.0,71.9,29.87,-97.95,,63.1,42.5,47,5.4,178,,0.0,83.81
1368761001,Back at it after shutting it down for a week 😂,2018-01-21T12:55:03Z,10.84,3242,4.985,164.1,186.0,117.8,29.87,-97.95,40.9,67.8,64.2,88,13.9,180,139.1,0.4,76.97
1368971359,Home from The Hub,2018-01-21T16:02:50Z,2.827,835,4.922,155.4,172.0,15.3,29.88,-97.94,220.9,69.5,63.6,81,15.3,198,22.9,0.2,82.61
1370493720,Just a lil heatmapping,2018-01-22T17:01:19Z,9.766,2738,4.673,157.1,174.0,49.8,30.08,-97.84,,61.1,22.2,22,12.0,329,,0.0,83.75
1372185986,East side and angry drivers,2018-01-23T17:01:58Z,9.992,2810,4.687,155.4,173.0,49.7,30.08,-97.84,,60.7,24.9,25,5.7,51,,0.0,83.33
1373886563,Easy ones with the Core Running group,2018-01-24T17:46:55Z,9.986,2977,4.968,147.4,168.0,28.9,29.87,-97.95,,59.1,26.9,29,3.6,83,,0.0,82.52
1380705701,Few easy foot miles to stretch out from the bike miles,2018-01-28T17:58:10Z,5.045,1469,4.853,162.6,183.0,22.8,29.87,-97.95,,65.6,44.2,46,8.4,22,,0.0,77.81
1382128059,"This neighborhood is confusing, but I still gotta heatmap it 😑",2018-01-29T17:15:06Z,12.919,3639,4.695,152.9,178.0,39.6,30.09,-97.87,,62.8,23.2,22,11.8,10,,0.0,85.61
1383983441,Core Track Tuesdays... Track is back!,2018-01-30T18:21:13Z,8.1,2065,4.249,143.8,163.0,37.8,29.86,-97.94,,61.4,30.4,31,8.2,167,,0.0,99.84
1385554862,Recovery miles,2018-01-31T17:47:50Z,5.873,1740,4.938,144.9,164.0,20.1,29.87,-97.95,,68.9,39.0,34,13.5,195,,0.0,86.61
1393617444,"Feeling heavy and slow, so hills",2018-02-05T17:36:43Z,9.407,2736,4.848,156.5,171.0,88.3,29.87,-97.95,,60.0,48.2,65,6.6,170,,0.0,80.55
1396960907,Core Running Group run in the cold,2018-02-07T17:39:52Z,10.37,3029,4.868,146.1,167.0,30.2,29.87,-97.95,,49.5,24.9,38,12.6,12,,0.0,86.54
1398416694,"Slow and heavy hills, part 2",2018-02-08T17:41:31Z,8.762,2528,4.809,155.7,181.0,93.0,29.87,-97.95,,56.2,40.4,55,5.1,92,,0.0,80.96
1407964499,"Core Running group run: easy mode, trying not to blow out my hamstring",2018-02-14T17:43:40Z,10.182,2991,4.896,143.0,163.0,34.5,29.87,-97.95,,64.9,60.7,86,8.6,190,,0.0,88.58
1409516695,Too nice outside for a rest day ☀️,2018-02-15T17:43:56Z,6.92,2076,5.0,146.3,167.0,39.4,29.87,-97.95,,75.8,64.5,68,11.4,206,,0.1,86.07
1429318071,Hill work after 9 days injury rest got me feeling hella slow 😧,2018-02-27T18:10:24Z,8.456,2465,4.859,154.3,176.0,85.8,29.87,-97.95,,76.2,64.8,68,11.7,162,,0.0,84.07
1430704643,Lower Purgatory & coming to terms with how out of shape I am,2018-02-28T17:42:17Z,9.716,3141,5.388,160.4,186.0,105.0,29.87,-97.95,,81.1,63.3,55,10.4,186,,0.0,72.89
1433075864,"Feeling stronger, still got a long way to go",2018-03-02T14:59:10Z,10.146,2748,4.514,162.2,193.0,46.3,29.87,-97.95,,64.1,52.7,66,5.2,83,,0.0,83.66
1438340887,Still no lift. Form garbage. Help,2018-03-05T17:43:43Z,11.421,3291,4.802,153.1,173.0,93.0,29.87,-97.95,,72.5,46.9,40,11.9,26,,0.0,84.6
1439971332,Working at increasing cadence on easy runs,2018-03-06T17:10:42Z,14.51,4198,4.822,148.8,168.0,107.3,30.1,-97.85,,66.5,29.9,25,9.7,34,,0.0,85.28
1441689448,To Core > Run Group > Home,2018-03-07T17:35:06Z,10.578,2976,4.689,152.4,173.0,21.0,29.87,-97.95,,62.5,30.0,29,4.1,41,,0.0,84.66
1443226702,Working off that Szechuan tofu I had for lunch 😳,2018-03-08T17:52:17Z,8.821,2590,4.893,152.5,174.0,87.7,29.87,-97.96,90.0,65.7,33.9,31,9.8,159,69.0,0.0,82.01
1453616334,"Keeping it very easy, heatmapping & enjoying the nice weather 😄🌞",2018-03-14T17:35:58Z,16.138,4869,5.029,143.6,158.0,105.3,30.1,-97.85,,67.7,34.1,29,6.8,134,,0.0,84.33
1455147317,Few miles with Will,2018-03-15T17:53:05Z,6.738,2294,5.674,146.1,171.0,17.8,29.87,-97.95,,69.1,56.7,65,12.5,181,,0.0,75.43
1455217593,Hot mile 🌶️,2018-03-15T18:48:23Z,1.619,362,3.726,138.4,152.0,2.7,29.87,-97.95,40.9,66.9,57.8,73,12.9,171,130.1,0.0,121.27
1455184730,Cold mile ❄️,2018-03-15T18:55:44Z,1.609,488,5.054,150.6,160.0,9.5,29.88,-97.94,220.9,67.6,57.6,70,14.2,175,45.9,0.0,82.42
1456510310,It got warm! 🌞,2018-03-16T16:48:53Z,8.09,2415,4.975,155.4,173.0,37.2,30.08,-97.84,,84.7,44.5,25,1.4,189,,0.0,79.21
1460237935,"Easy in the hills, tempo-ish on the flat",2018-03-18T17:30:41Z,12.887,3684,4.765,153.8,174.0,93.0,29.87,-97.95,,82.8,59.2,45,3.4,281,,0.0,84.59
1463311339,Just warming up...,2018-03-20T17:52:44Z,4.902,1432,4.869,149.0,166.0,36.3,29.87,-97.95,307.6,72.9,27.0,18,9.2,342,34.4,0.0,84.25
1463319405,Hill climb & descent in zone 4/5 🏔️🔥,2018-03-20T18:16:42Z,7.112,1828,4.284,162.2,178.0,57.8,29.89,-97.98,127.5,71.9,26.1,18,8.6,345,142.5,0.0,87.86
1464986093,Røger won't look at the camera 🐕,2018-03-21T18:04:23Z,8.25,2310,4.667,149.9,167.0,21.6,29.87,-97.95,,74.1,31.2,21,10.7,127,,0.0,87.93
1466606095,Wind and hills,2018-03-22T18:15:24Z,8.073,2386,4.926,143.6,163.0,85.6,29.87,-97.95,,76.4,49.5,39,16.7,160,,0.0,89.18
1472241376,Hills & humidity ⛅,2018-03-25T17:26:23Z,16.13,4543,4.694,154.3,171.0,121.7,29.87,-97.95,,80.7,64.8,58,7.5,168,,0.0,86.5
1473858344,Horse & ram: friends forever 😍,2018-03-26T18:17:20Z,9.668,2696,4.648,156.3,176.0,84.9,29.87,-97.95,,82.3,56.4,41,17.3,155,,0.0,87.67
1475595411,Warmup for #tracktuesday,2018-03-27T18:10:15Z,3.648,1068,4.879,137.2,143.0,0.0,29.86,-97.94,,79.2,64.7,61,11.4,152,,0.1,94.27
1475601718,#tracktuesday: first real speed work since injury 😇 (workout in description),2018-03-27T18:44:35Z,3.575,664,3.095,125.2,146.0,13.7,29.86,-97.94,,79.2,64.7,61,11.4,152,,0.1,162.83
1478938448,Recovery miles with W P,2018-03-29T19:11:48Z,7.186,2380,5.52,135.1,155.0,19.8,29.88,-97.93,240.0,76.0,51.8,43,5.9,335,95.0,0.0,82.82
1486285212,Running through a broken rib is awful. Abort!,2018-04-02T18:04:43Z,0.711,222,5.201,130.7,140.0,0.0,29.87,-97.95,270.0,80.2,62.2,54,15.8,147,123.0,0.0,93.6
1515061624,Broken ribs... I'm running anyways ✌️,2018-04-17T19:47:05Z,5.06,1271,4.187,162.1,190.0,13.6,29.87,-97.96,90.0,79.2,61.5,55,13.2,159,69.0,0.0,93.15
1529877669,Feeling absolutely slow and washed after three weeks without running 🤤,2018-04-24T18:02:23Z,6.625,1821,4.581,159.0,176.0,36.4,29.87,-97.95,40.9,83.7,53.3,35,7.4,139,98.1,0.0,85.54
1529913837,Hotdown,2018-04-24T18:44:23Z,2.353,700,4.958,160.3,173.0,15.0,29.88,-97.94,220.9,84.0,54.0,36,7.3,140,80.9,0.0,78.43
1532026522,"RAIN RUN 🌧️ (Also, 9 years vegan!)",2018-04-25T18:08:08Z,7.149,2006,4.676,145.3,173.0,34.5,29.87,-97.95,,75.3,53.6,47,14.1,342,,0.0,92.52
1541829384,"All those bike miles were nice this month, but now it's run time 😎",2018-04-30T18:29:46Z,11.768,3275,4.638,158.0,181.0,99.8,29.87,-97.95,,73.8,62.9,69,11.3,142,,0.2,85.69
1544201660,Got a helper to roll out the calves 🐶,2018-05-01T18:12:40Z,6.444,1841,4.761,153.0,176.0,21.5,29.87,-97.95,,76.6,70.1,80,11.8,158,,0.3,86.85
1576929584,Summer is almost here 😍,2018-05-16T18:16:18Z,8.122,2322,4.765,157.5,179.0,29.6,29.87,-97.95,,93.5,55.8,28,3.5,342,,0.0,82.99
1578978741,Still getting my heat tolerance back,2018-05-17T18:16:30Z,8.874,2628,4.936,146.3,164.0,25.4,29.87,-97.95,,95.2,53.5,25,5.5,168,,0.0,86.58
1723396253,First run back after 8 weeks injury break...,2018-07-23T17:52:30Z,6.443,2069,5.352,167.0,192.0,74.0,29.9,-97.95,,104.0,57.7,22,4.3,192,,0.0,70.33
1725760021,"Hot hills, rocky trails, slow as shit 😪",2018-07-24T17:56:09Z,6.444,2198,5.685,155.2,190.0,120.4,29.9,-97.95,,94.7,68.5,43,8.1,62,,0.0,71.89
1739033279,"Slow, but mostly pain free trails",2018-07-30T19:26:18Z,7.974,2747,5.742,164.9,195.0,109.5,29.9,-97.95,,95.2,64.3,36,4.5,96,,0.0,66.34
1741332449,"Deer 🅱️ebs ❤️ the ""cold front""",2018-07-31T18:54:52Z,5.458,1729,5.28,155.3,184.0,87.6,29.9,-97.95,,90.0,65.7,45,10.2,23,,0.0,77.34
1743774970,Starting to feel better each day...,2018-08-01T19:01:29Z,6.515,2012,5.147,164.5,189.0,94.2,29.9,-97.95,,93.2,50.5,23,9.7,52,,0.0,74.26
1747956702,Getting there...,2018-08-03T19:39:29Z,6.311,1870,4.939,158.7,185.0,54.0,29.9,-97.95,,93.0,55.4,28,8.7,136,,0.0,80.28
1750238264,"A flat run, for once",2018-08-04T19:11:11Z,6.444,1903,4.922,152.9,172.0,16.0,29.88,-97.94,,91.7,61.4,37,13.3,167,,0.5,84.68
1754916641,Not too many other places have this many awesome trails inside the city 👍,2018-08-06T18:12:56Z,8.596,2753,5.338,154.1,186.0,129.2,29.9,-97.95,,90.4,67.0,46,10.1,131,,0.1,77.16
1757143358,"Easy after work miles, ready for summer to give us a break down here",2018-08-07T17:24:07Z,6.454,1898,4.901,157.5,180.0,34.0,30.09,-97.84,,88.9,69.3,52,10.3,169,,0.0,82.29
1761730591,Meh,2018-08-09T19:26:37Z,4.861,1534,5.259,147.8,170.0,34.0,29.9,-97.95,,90.6,68.0,48,14.4,143,,0.2,82.46
1765345175,Spring Lake backside loop 🏞️,2018-08-11T11:45:37Z,7.263,2398,5.503,155.6,183.0,85.0,29.9,-97.95,139.1,83.7,71.7,67,3.1,180,40.9,0.3,72.95
1768437748,Hot rain 🌦️,2018-08-12T19:25:15Z,7.247,2220,5.105,159.2,180.0,114.0,29.9,-97.95,,76.9,76.6,99,4.4,319,,0.0,76.97
1770417948,Hello friends 🦌,2018-08-13T18:53:31Z,6.482,1917,4.929,155.1,176.0,83.3,29.88,-97.94,336.6,91.1,63.7,40,14.4,159,177.6,0.0,83.64
1772754155,Starting to feel more like myself again,2018-08-14T18:48:39Z,9.667,2872,4.952,158.2,188.0,133.2,29.9,-97.95,,89.7,71.5,55,9.4,152,,0.0,81.1
1775251083,Oak Ridge is the best worst hill in town,2018-08-15T20:17:12Z,4.841,1422,4.896,155.1,176.0,77.6,29.9,-97.95,,89.5,65.8,46,10.3,153,,0.0,83.51
1779723762,"(not actually) drunk, 3 am run from beach to hotel. Fanny pack & Bedrock sandals.",2018-08-18T02:20:44Z,6.735,2234,5.528,142.5,158.0,2.0,27.79,-97.09,33.6,83.0,77.6,84,13.0,174,140.4,0.0,81.23
1786374536,That stupid sandals run beat my calves to shit,2018-08-20T19:05:36Z,5.849,1742,4.964,152.2,180.0,75.2,29.9,-97.95,,97.5,61.9,31,6.3,148,,0.0,83.44
1788753639,It's hot as shit still!,2018-08-21T18:58:52Z,6.444,2000,5.173,155.9,177.0,82.4,29.9,-97.95,,99.1,58.4,26,4.3,96,,0.0,77.75
1797498960,Apparently it's the third hottest summer in Austin,2018-08-25T19:29:50Z,5.112,1551,5.056,157.4,182.0,77.3,29.9,-97.95,,95.5,62.4,34,11.3,120,,0.0,79.98
1804286326,Feeling a little better!,2018-08-28T18:32:39Z,9.658,2749,4.744,162.0,189.0,115.6,29.9,-97.95,,89.4,69.1,51,15.4,129,,0.1,83.58
1806549195,Progress!,2018-08-29T19:09:45Z,8.355,2327,4.642,156.9,183.0,12.0,29.9,-97.95,180.0,86.6,71.4,61,10.1,131,49.0,1.3,87.18
1808773855,Haircut day!,2018-08-30T19:23:20Z,4.834,1568,5.407,146.3,162.0,50.0,29.9,-97.95,,82.3,69.3,65,8.1,152,,0.0,79.61
1814649229,Easy morning miles,2018-09-02T09:28:40Z,8.539,2652,5.176,151.4,169.0,44.0,29.9,-97.95,120.0,81.8,72.1,73,3.2,225,105.0,0.0,79.65
1817664906,"Looks like rain, is only humidity 😧",2018-09-03T17:05:09Z,10.69,3252,5.07,149.8,171.0,119.1,29.9,-97.95,,76.8,74.8,93,0.5,27,,2.3,81.6
1820009689,"Bad picture, but there are about 30-40 deer in this guy's backyard...",2018-09-04T18:37:36Z,6.851,2176,5.293,146.4,171.0,90.0,29.9,-97.95,,80.1,73.8,81,5.5,76,,0.0,80.93
1822324369,Thanks to my shoe tester for making sure my gear is solid 🐕,2018-09-05T18:51:31Z,9.677,2849,4.907,157.9,186.0,77.0,29.88,-97.94,336.6,80.2,74.6,83,6.8,67,90.4,0.5,81.22
1831392988,Ran out of daylight 🌜,2018-09-09T19:20:43Z,8.379,2481,4.935,151.6,172.0,60.0,29.88,-97.96,23.4,73.8,72.9,97,5.4,24,0.6,0.4,83.43
1833345348,Nice start to the week 👍,2018-09-10T18:20:26Z,16.109,4455,4.609,155.8,186.0,129.1,29.9,-97.95,139.1,75.0,67.2,77,7.7,52,87.1,0.0,87.1
1835635969,Hills ⛰️,2018-09-11T18:38:52Z,6.483,1982,5.095,147.6,168.0,95.8,29.9,-97.95,,79.1,72.2,80,5.7,42,,0.1,83.29
1848839310,Chill Monday miles,2018-09-17T18:31:21Z,9.686,2843,4.892,155.5,184.0,85.1,29.9,-97.95,,85.0,72.5,66,5.1,139,,0.0,82.57
1851094635,Running with sore throat is the worst,2018-09-18T18:40:00Z,9.666,2922,5.038,150.9,180.0,81.4,29.9,-97.95,,84.7,72.5,67,4.5,171,,0.0,82.49
1855387103,Mimosa loops ➰,2018-09-20T18:56:36Z,8.145,2273,4.651,158.6,181.0,60.7,29.9,-97.95,90.0,76.5,74.1,92,6.4,141,51.0,4.7,85.01
1861932571,Lazy Mimosa loops,2018-09-23T19:23:01Z,6.449,1937,5.006,143.5,165.0,41.2,29.9,-97.95,,74.1,68.1,81,3.3,340,,0.0,86.27
1863757445,"Some hills, some trails 🏞️",2018-09-24T17:52:14Z,11.653,3463,4.953,150.3,187.0,108.1,29.9,-97.95,,81.7,68.9,65,5.6,175,,0.0,84.1
1865903164,Down the hill,2018-09-25T18:26:07Z,8.049,2335,4.835,151.5,182.0,17.0,29.9,-97.95,156.6,83.2,74.1,74,7.6,148,8.6,0.0,86.18
1865922291,Stupid cooldown,2018-09-25T19:14:23Z,0.998,291,4.858,158.7,174.0,16.0,29.88,-97.94,0.0,84.0,73.7,71,7.6,137,137.0,0.1,81.91
1868034621,Speed is just not there yet 😥,2018-09-26T18:51:45Z,8.088,2279,4.697,149.6,176.0,19.0,29.9,-97.95,90.0,75.1,72.1,91,10.3,34,56.0,1.8,89.79
1870045389,"Nice day, trail miles",2018-09-27T18:06:54Z,7.245,2166,4.983,151.9,174.0,28.0,29.9,-97.95,156.6,76.4,63.6,65,6.5,41,115.6,0.0,82.31
1878536497,Lazy,2018-10-01T18:49:25Z,7.241,2185,5.029,142.2,158.0,29.0,29.9,-97.95,,75.5,73.2,93,7.0,130,,1.6,87.69
1880592608,"Bit of a slow start, but consistent",2018-10-02T18:46:18Z,9.676,2739,4.718,149.8,169.0,42.0,29.9,-97.95,,80.6,73.5,79,7.6,130,,0.0,89.14
1892720949,Desert miles 🌴,2018-10-08T12:41:17Z,10.088,2960,4.891,150.6,169.0,28.0,33.82,-116.54,90.0,80.6,27.9,15,4.1,171,81.0,0.0,82.56
1905566015,Wasted nearly a whole week 😑,2018-10-14T18:25:51Z,9.662,2667,4.6,160.6,187.0,34.0,29.9,-97.95,,82.8,74.5,76,8.5,150,,0.0,85.61
1907248990,This pace is easier when the temperature drops 50° in one day 🏃‍♂️💨,2018-10-15T17:52:51Z,5.015,1243,4.131,155.7,187.0,23.0,29.9,-97.95,90.0,50.5,44.0,78,18.0,6,84.0,0.0,96.77
1907269962,Cool down 😫,2018-10-15T18:21:03Z,1.95,567,4.846,159.9,182.0,13.0,29.9,-97.94,270.0,50.4,44.0,79,19.1,6,96.0,0.2,80.5
1911450815,Very Oregon-ish weather 🌧️,2018-10-17T17:46:21Z,12.884,3676,4.755,151.7,179.0,128.1,29.9,-97.95,,58.9,57.3,94,9.5,9,,0.7,85.63
1913411161,No energy 😴,2018-10-18T18:08:52Z,8.047,2271,4.703,154.6,171.0,74.0,29.9,-97.95,,58.2,57.5,97,9.8,20,,1.2,84.98
1919526848,Hilly tempo to finish the week off 🌄,2018-10-21T12:25:30Z,21.209,6078,4.776,152.3,182.0,125.0,29.98,-97.99,154.3,64.8,48.4,55,10.6,42,112.3,0.0,84.96
1921665609,Lazy rainy day ☔,2018-10-22T18:01:10Z,5.066,1539,5.063,138.8,153.0,13.0,29.9,-97.95,,59.9,50.6,71,6.5,4,,0.1,87.07
1923691038,Nearly perfect running weather ☁️,2018-10-23T17:47:49Z,11.277,3346,4.945,144.8,166.0,36.0,29.9,-97.95,,62.7,50.4,64,7.7,36,,0.0,85.79
1925620431,#wearpinkforpeq,2018-10-24T17:59:30Z,6.507,1943,4.976,142.5,167.0,31.0,29.9,-97.95,,62.4,62.0,98,7.1,20,,0.4,87.12
1927499723,Can't beat a Texas sunset 🌄,2018-10-25T18:02:13Z,8.06,2341,4.841,150.8,186.0,70.0,29.9,-97.95,139.1,68.2,57.7,69,4.3,339,160.1,0.0,84.23
1929094396,First run: Saucony Freedom ISO,2018-10-26T18:05:06Z,8.057,2241,4.636,152.3,180.0,76.3,29.9,-97.95,90.0,72.9,62.0,68,4.2,344,106.0,0.0,87.55
1934930447,Estates loop + extra,2018-10-29T18:00:53Z,14.522,4184,4.802,146.3,164.0,150.9,29.9,-97.95,,75.7,65.2,70,7.9,187,,0.0,89.0
1936702257,Little after work jog,2018-10-30T17:05:24Z,13.114,3643,4.63,154.3,183.0,70.0,30.09,-97.84,,79.4,66.7,65,13.8,193,,0.0,88.9
1938529535,Spooky Halloween miles 🎃,2018-10-31T17:38:05Z,7.354,2096,4.75,146.4,170.0,22.0,29.9,-97.95,,71.1,68.9,93,7.8,192,,6.1,89.83
1940440571,Lazy lööps,2018-11-01T18:28:20Z,8.08,2343,4.833,144.7,163.0,38.0,29.9,-97.95,,61.4,43.9,52,5.8,332,,0.0,87.08
1944099052,How the hell is Leon Creek still so high?,2018-11-03T14:35:14Z,23.256,6755,4.841,153.1,175.0,116.3,29.59,-98.6,221.0,71.3,56.8,60,14.3,189,32.0,0.0,84.81
1948397043,Stagecoach lööps,2018-11-05T17:08:05Z,9.656,2986,5.154,138.5,157.0,67.1,30.09,-97.84,,77.0,65.4,67,13.2,215,,0.0,88.65
1950369931,More Stagecoach lööps,2018-11-06T17:05:18Z,13.022,3863,4.944,146.1,166.0,71.0,30.09,-97.84,,80.1,70.8,73,9.4,194,,0.0,87.37
1952182374,No energy,2018-11-07T17:07:09Z,6.566,1945,4.937,146.2,164.0,35.0,30.09,-97.84,,80.7,72.1,75,1.9,36,,0.0,86.19
1957432595,Not feeling it today. Maybe tomorrow 🤷,2018-11-10T16:00:58Z,8.809,2572,4.866,151.1,170.0,51.0,29.9,-97.95,,50.0,28.9,44,6.0,51,,0.0,82.59
1959730528,Feeling slightly less shitty,2018-11-11T16:25:31Z,8.542,2534,4.944,152.3,172.0,93.0,29.9,-97.95,,54.7,50.0,84,5.4,83,,0.5,80.78
1961387667,Wishing the cold front would be over 😢,2018-11-12T16:18:29Z,8.172,2401,4.897,146.8,168.0,116.9,29.9,-97.95,,49.8,39.1,66,20.4,348,,0.0,87.02
1968539412,"Lazy lööps, had too much Thai food for lunch 😥",2018-11-16T16:10:37Z,6.544,1955,4.979,142.2,162.0,40.0,30.09,-97.84,,63.7,39.0,40,10.0,196,,0.0,86.62
1974529950,Stupid time change 😑,2018-11-19T16:58:20Z,16.142,4800,4.956,150.0,168.0,105.9,30.09,-97.84,,51.9,41.6,68,8.9,10,,0.0,82.17
1976244268,So many lööps 🤸,2018-11-20T16:30:17Z,16.264,4864,4.984,151.7,174.0,96.5,29.9,-97.95,,57.5,40.4,53,8.4,29,,0.0,80.71
1980961711,Dodging tourists on scooters: the Town Lake experience 😆,2018-11-23T12:27:48Z,16.115,4640,4.799,161.4,178.0,53.0,30.25,-97.72,90.0,67.1,59.2,76,17.1,233,143.0,0.0,81.54
1985208928,Windy progression run 🍃,2018-11-25T15:46:07Z,22.543,6453,4.771,152.9,172.0,130.1,29.9,-97.95,,61.6,36.2,39,16.1,343,,0.0,84.99
1986803546,"Taper week: run slow, eat all the food 🥕🥝🥑🍠",2018-11-26T17:42:46Z,4.833,1545,5.328,139.8,157.0,67.6,29.9,-97.95,,54.1,30.9,41,7.8,3,,0.0,81.83
1990290750,More lazy taper miles...,2018-11-28T17:48:27Z,5.046,1595,5.268,143.0,169.0,48.0,29.9,-97.95,,65.5,53.0,64,14.9,199,,0.0,83.04
1996700638,San Antonio R&R Marathon: a nice morning run in my city,2018-12-02T07:15:09Z,42.281,12396,4.886,158.7,194.0,146.5,29.42,-98.49,,52.9,36.9,54,4.6,321,,0.0,78.09
2010857519,Lazy 5 after a week off,2018-12-10T16:38:12Z,8.075,2429,5.013,154.8,170.0,55.9,30.09,-97.84,,55.8,31.1,39,1.8,353,,0.0,77.59
2012674172,Short & sweet tempo,2018-12-11T17:00:16Z,6.824,1823,4.452,164.6,185.0,47.3,30.09,-97.84,,59.0,44.8,59,14.4,184,,0.0,84.5
2014414800,More lööps,2018-12-12T17:11:32Z,6.771,2013,4.955,154.5,177.0,47.7,30.09,-97.84,,64.7,57.9,79,10.7,203,,0.0,81.22
2022596051,This pesto is only $1.68 and it's awesome 🌿,2018-12-17T18:24:51Z,6.5,1936,4.964,152.4,168.0,75.7,29.9,-97.95,,59.0,49.0,69,3.3,138,,0.0,80.23
2024254563,Cold and dark 😭,2018-12-18T17:48:14Z,6.704,1990,4.947,150.3,174.0,39.0,29.9,-97.95,,61.2,53.9,77,8.2,139,,0.0,82.8
2028689091,Thanks for the idea Andrea 😂,2018-12-21T16:42:11Z,6.548,1832,4.663,155.1,179.0,89.3,29.9,-97.95,220.9,60.5,35.5,39,8.4,200,20.9,0.0,84.38
2037361979,To run group...,2018-12-26T17:43:08Z,3.205,878,4.566,146.1,164.0,11.0,29.9,-97.95,156.6,67.7,67.0,98,17.8,169,12.4,1.9,95.32
2037401912,"Chill run group, warm evening!",2018-12-26T18:09:26Z,4.83,1599,5.517,144.7,159.0,13.8,29.88,-97.94,,68.4,67.1,95,15.0,165,,0.6,79.22
2037421699,Home from run group,2018-12-26T18:43:06Z,3.216,911,4.722,168.9,188.0,74.9,29.88,-97.94,336.6,68.4,67.1,95,15.0,165,171.6,0.6,79.3
2041090755,"Short run after work, new shoes",2018-12-28T17:39:08Z,4.857,1257,4.314,159.8,177.0,49.2,29.9,-97.95,139.1,52.2,35.9,54,11.3,34,105.1,0.0,89.05
2055875542,"Easy miles, sunny day",2019-01-04T16:24:22Z,8.105,2360,4.853,151.1,172.0,66.8,29.9,-97.95,,63.6,36.7,37,3.9,294,,0.0,82.48
2058401124,Sloppy trail miles,2019-01-05T16:51:10Z,8.082,2413,4.976,157.0,183.0,91.6,29.9,-97.95,,66.7,42.7,42,6.9,195,,0.0,78.32
2063221218,Oof that climb up Laurel Ridge to the top of Mimosa 😩,2019-01-07T17:36:09Z,11.426,3236,4.72,152.6,175.0,109.5,29.9,-97.95,,71.4,61.4,71,4.8,202,,0.0,85.81
2065653970,Evening Run,2019-01-08T18:31:09Z,1.602,484,5.034,140.7,162.0,2.0,29.86,-97.94,,68.3,55.2,63,7.3,18,,0.0,87.21
2065654173,Evening Run,2019-01-08T18:59:26Z,0.782,168,3.578,140.5,149.0,3.0,29.86,-97.94,,68.3,55.2,63,7.3,18,,0.0,122.87
2067833717,Run to run group,2019-01-09T17:39:44Z,3.249,903,4.632,142.9,154.0,9.0,29.9,-97.95,156.6,57.0,33.8,41,9.5,39,117.6,0.0,92.41
2067904277,Core Wednesday group run 😎,2019-01-09T18:11:00Z,8.051,2243,4.643,153.1,176.0,26.8,29.88,-97.94,,56.2,34.4,44,8.3,33,,0.0,85.83
2067928299,Evening Run,2019-01-09T19:02:20Z,0.965,323,5.577,141.8,150.0,2.0,29.88,-97.94,0.0,53.6,33.8,47,6.3,23,23.0,0.0,76.84
2083949775,🏃➡️🏃group ➡️🏡,2019-01-16T17:37:56Z,11.939,3312,4.624,147.6,166.0,89.1,29.9,-97.95,,56.4,53.9,91,4.0,153,,0.0,89.18
2085944643,"Shout out to my 2019 lord and savior, vegan junk food 🙏😈",2019-01-17T17:33:06Z,5.076,1355,4.449,162.6,184.0,85.8,29.9,-97.95,,70.1,51.4,52,1.0,153,,0.0,84.19
2087825371,Lazy easy miles,2019-01-18T17:14:27Z,4.846,1401,4.819,148.8,162.0,56.5,29.9,-97.95,,64.9,62.2,91,10.9,215,,0.1,86.99
2092812992,"Kept it easy & consistent, good weather 🌞",2019-01-20T14:31:32Z,16.133,4476,4.624,158.4,175.0,61.0,29.9,-97.95,,49.3,30.6,48,4.0,56,,0.0,82.58
2097165505,Tempo progression that I screwed up 😑,2019-01-22T17:35:45Z,8.09,2100,4.327,155.2,184.0,20.0,29.9,-97.95,90.0,68.5,57.7,68,9.5,156,66.0,0.0,92.57
2097182372,cooldown,2019-01-22T18:13:16Z,1.888,548,4.837,159.3,166.0,9.0,29.9,-97.94,270.0,66.8,59.3,77,3.1,270,0.0,0.0,79.6
2101266909,Not feeling it today,2019-01-24T16:55:58Z,6.843,1883,4.586,154.8,181.0,43.9,30.09,-97.84,,58.3,33.9,40,12.5,183,,0.0,86.68
2110140874,... And a few run miles before the front,2019-01-28T18:35:54Z,4.859,1458,5.001,147.9,165.0,61.5,29.9,-97.95,,65.2,53.5,66,2.3,191,,0.0,82.42
2112219379,Breezy ❄️,2019-01-29T16:46:16Z,10.315,2998,4.844,148.5,167.0,72.4,30.09,-97.84,,46.4,21.6,37,7.1,41,,0.0,84.61
2114403079,Core Wednesday group run,2019-01-30T18:08:31Z,5.035,1303,4.313,163.3,178.0,11.0,29.88,-97.94,,53.9,39.0,57,9.0,157,,0.0,86.75
2114454681,"""Warm down"" followed by 2x200",2019-01-30T18:43:21Z,5.102,1435,4.688,152.2,161.0,0.0,29.88,-97.94,90.0,53.9,39.0,57,9.0,157,67.0,0.0,85.64
2116350092,"Park lööps, perfect weather!",2019-01-31T17:18:55Z,9.675,2680,4.617,153.2,180.0,7.0,29.87,-97.93,319.1,61.0,55.1,81,6.5,146,173.1,0.0,86.8
2124733068,Lööps are full of loose dogs and distracted walkers 😑,2019-02-04T17:01:14Z,11.286,3060,4.519,152.6,182.0,63.6,30.09,-97.84,,71.8,64.4,78,7.8,198,,0.0,90.38
2127064802,"Land of the ""$70,000 luxury truck"" republican 🇺🇲",2019-02-05T17:09:01Z,13.117,3806,4.836,147.0,163.0,101.3,30.1,-97.88,,75.7,65.0,70,13.4,191,,0.0,88.96
2138092616,Very Oregon-ish weather today,2019-02-10T17:14:25Z,7.64,2124,4.634,153.9,171.0,59.1,29.9,-97.95,,52.2,48.8,88,0.9,76,,0.0,84.34
2140066939,Powered by vegan tuna 🤯,2019-02-11T16:59:28Z,11.509,3313,4.798,150.8,178.0,81.2,30.09,-97.84,,61.6,58.1,88,10.5,230,,0.1,85.75
2142312131,Plum Creek is like weird 2019 Pleasantville,2019-02-12T16:47:13Z,9.996,2804,4.675,146.4,164.0,81.5,30.02,-97.88,,60.2,32.8,36,10.4,14,,0.0,89.53
2147590598,"Core Run Group, speedy today  ",2019-02-13T18:08:37Z,4.836,1144,3.943,156.2,186.0,14.0,29.88,-97.94,,59.2,39.4,48,10.3,178,,0.0,99.47
2149742504,yay people love each other congratulations woo,2019-02-14T18:22:58Z,4.833,1368,4.717,147.4,159.0,0.0,29.87,-97.93,,69.5,58.0,67,9.2,198,,0.0,89.41
2151646360,Nice warm day 🌞,2019-02-15T16:45:55Z,8.458,2529,4.984,158.7,173.0,23.0,29.39,-98.5,41.1,82.2,59.8,47,9.1,220,178.9,0.0,79.3
2163826380,Core Wednesday group 😈,2019-02-20T18:09:33Z,9.584,2454,4.268,163.3,184.0,28.1,29.88,-97.94,,60.3,37.0,42,5.3,78,,0.0,87.01
2167761296,"Overcast, lazy miles 🌥️",2019-02-22T13:43:52Z,16.148,4696,4.847,150.4,175.0,213.3,29.9,-97.95,,59.5,55.7,87,3.1,60,,0.0,83.59
2178149193,Nice San Marcos night,2019-02-26T17:49:12Z,7.476,2139,4.769,143.5,161.0,20.0,29.88,-97.94,,66.0,60.2,81,5.3,68,,0.2,90.05
2180576380,Core Running group run!,2019-02-27T18:07:53Z,5.02,1181,3.921,160.9,184.0,14.1,29.88,-97.94,90.0,74.1,63.7,70,5.3,158,68.0,0.0,98.38
2180605726,Cool down,2019-02-27T18:37:26Z,3.646,1109,5.069,156.7,166.0,12.0,29.88,-97.93,,74.1,63.7,70,5.3,158,,0.0,78.13
2207355349,Taking it easy 😎,2019-03-11T17:54:07Z,11.273,3275,4.842,140.1,166.0,52.7,29.9,-97.95,156.6,66.9,62.2,85,9.4,36,120.6,0.0,91.78
2207386305,"""cool down""",2019-03-11T18:59:53Z,2.511,753,4.998,151.1,169.0,62.6,29.88,-97.94,336.6,67.1,62.5,85,10.7,36,59.4,0.1,82.68
2209637654,"Down the hill, up the hill",2019-03-12T17:59:05Z,9.712,2853,4.896,154.4,183.0,116.8,29.9,-97.95,,75.1,61.6,63,17.8,150,,0.1,84.23
2213998869,Blah,2019-03-14T18:59:08Z,4.843,1434,4.934,137.9,156.0,18.0,29.9,-97.95,,66.6,38.9,36,10.5,359,,0.0,90.37
2240707355,Shake out,2019-03-25T16:55:54Z,8.095,2297,4.729,152.3,177.0,49.0,30.09,-97.84,,79.4,58.1,48,12.4,32,,0.0,87.44
2243187024,Should have eaten less for lunch 😑,2019-03-26T16:59:38Z,8.099,2396,4.931,145.4,169.0,55.9,30.09,-97.84,,73.7,49.9,43,9.6,65,,0.0,86.58
2245832381,Felt better than yesterday 👍,2019-03-27T18:11:07Z,8.946,2513,4.682,147.1,178.0,34.0,29.9,-97.95,,74.4,52.5,46,11.9,157,,0.0,90.75
2258503635,😑,2019-04-01T18:16:38Z,5.001,1402,4.673,145.4,173.0,24.7,29.9,-97.95,,58.9,34.2,39,4.7,90,,0.0,89.15
2260996664,"Not there yet, so I'm stealing energy from my døg 😎",2019-04-02T18:06:12Z,10.091,2746,4.535,150.2,176.0,55.3,29.9,-97.95,,67.4,37.7,34,9.3,150,,0.0,90.03
2263328346,Core Running Wednesday group...,2019-04-03T18:03:56Z,5.004,1201,4.0,166.8,185.0,13.8,29.88,-97.94,,66.2,62.1,87,11.9,142,,0.4,93.75
2273589933,Cap10k rained out so I did this lazy thing instead,2019-04-07T17:50:10Z,8.293,2280,4.582,150.1,175.0,15.0,29.94,-97.9,,69.3,58.5,69,15.6,339,,0.4,91.63
2278320083,Warm day 🌞,2019-04-09T18:14:27Z,8.066,2329,4.813,150.3,173.0,46.9,29.9,-97.95,,83.2,61.2,48,7.5,171,,0.0,86.55
2280762074,Hot and windy 😎,2019-04-10T18:05:17Z,4.836,1236,4.259,162.0,182.0,6.0,29.88,-97.94,90.0,84.7,64.8,51,15.8,162,72.0,0.0,92.63
2283197395,Nice evening,2019-04-11T18:42:19Z,7.035,1906,4.515,148.2,172.0,39.4,29.9,-97.95,,80.7,40.3,24,4.3,235,,0.0,91.61
2290163861,Town Lake loop 🌞,2019-04-14T11:33:37Z,16.675,4429,4.427,157.3,178.0,96.9,30.25,-97.72,,58.4,39.1,49,10.1,311,,0.0,87.94
2292867777,Forcing myself to slow down a little,2019-04-15T17:58:58Z,4.892,1503,5.121,137.8,152.0,18.1,29.88,-97.93,,76.9,56.0,49,13.3,160,,0.0,89.17
2295430231,More easy miles!,2019-04-16T17:47:24Z,6.879,2093,5.071,138.3,161.0,9.0,29.88,-97.93,180.0,77.1,62.2,60,17.3,163,17.0,0.0,90.84
2298050385,Core run Wednesdays 😎,2019-04-17T18:08:43Z,4.871,1159,3.966,164.0,188.0,13.8,29.88,-97.94,,77.4,71.5,82,16.6,166,,0.2,98.41
2300606263,😴,2019-04-18T18:42:51Z,8.088,2417,4.981,138.5,157.0,44.0,29.9,-97.95,,72.8,41.1,32,15.7,349,,0.0,90.58
2303143094,🤠 🎉 Today marks 10 years vegan! 🌱🥑,2019-04-19T18:03:40Z,5.15,1495,4.838,144.0,157.0,42.0,29.9,-97.95,,71.8,37.8,29,9.7,347,,0.0,88.34
2311384679,Humid,2019-04-22T18:34:48Z,6.449,1813,4.686,143.8,162.0,22.0,29.9,-97.95,,75.7,60.3,59,13.0,148,,0.0,93.49
2314150311,Evening Run,2019-04-23T18:29:18Z,1.61,484,5.01,141.4,160.0,18.0,29.87,-97.97,270.0,73.8,66.7,78,11.8,155,115.0,0.6,88.96
2315414237,Core Run mile TT!,2019-04-23T18:44:41Z,1.633,311,3.174,,,4.3,29.87,-97.98,90.0,73.8,66.7,78,11.8,155,65.0,0.6,
2314241222,Purgatory cool down,2019-04-23T19:11:28Z,5.513,1930,5.835,143.3,159.0,43.0,29.87,-97.97,,70.6,67.5,90,8.6,141,,0.8,74.75
2316684212,Core group run,2019-04-24T18:12:10Z,6.716,1962,4.869,139.4,167.0,20.0,29.88,-97.94,,68.3,65.9,92,4.0,289,,8.3,91.0
2329318429,Humid,2019-04-29T18:10:27Z,9.863,2951,4.986,141.7,161.0,35.0,29.9,-97.95,,78.3,65.5,65,12.9,141,,0.0,89.58
2331776567,Solid miles,2019-04-30T16:59:36Z,13.318,3721,4.657,150.6,181.0,71.7,30.09,-97.84,,82.2,67.4,61,21.8,168,,0.1,92.33
2335049487,Spicy 🌶️,2019-05-01T18:13:26Z,4.977,1199,4.015,162.6,179.0,13.7,29.88,-97.94,,81.3,69.6,68,16.8,161,,0.0,98.2
2344895480,Hoping for one last cool front before summer destroys us,2019-05-05T12:39:54Z,12.995,3862,4.953,152.9,180.0,45.3,29.9,-97.95,90.0,77.1,64.3,65,7.9,164,74.0,0.1,82.58
2344931535,Afternoon Run ,2019-05-05T13:54:32Z,1.701,547,5.359,156.0,165.0,13.0,29.9,-97.94,270.0,79.1,64.3,61,7.6,159,111.0,0.0,74.86
2347685035,Easy base miles ☂️,2019-05-06T17:45:09Z,12.922,3749,4.835,145.9,160.0,23.3,29.88,-97.93,270.0,76.0,68.4,77,7.8,117,153.0,0.0,88.8
2347756771,TxST running club 🏃‍♂️,2019-05-06T19:11:50Z,4.876,1223,4.18,163.6,185.0,14.0,29.88,-97.94,,73.8,69.8,87,2.9,141,,0.0,90.63
2350388261,Warm up,2019-05-07T18:31:40Z,2.16,625,4.823,134.0,144.0,6.6,29.88,-97.94,90.0,78.6,69.9,75,12.9,149,59.0,0.2,98.24
2350393292,"Muddy, rainy 4x800 in the park 🐖",2019-05-07T18:47:17Z,3.114,716,3.833,143.9,179.0,8.9,29.88,-97.94,,78.6,69.9,75,12.9,149,,0.2,115.11
2350407209,Evening Run,2019-05-07T19:16:52Z,0.896,289,5.376,147.8,155.0,0.0,29.88,-97.94,,73.1,72.2,97,10.3,68,,0.1,79.31
2352664515,Pre-run group easy miles,2019-05-08T17:23:57Z,4.845,1461,5.026,135.3,144.0,0.0,29.88,-97.94,,73.0,68.3,85,7.4,182,,0.0,91.87
2352688678,Afternoon Run,2019-05-08T17:52:41Z,0.983,325,5.511,128.2,140.0,0.0,29.88,-97.94,,73.0,68.3,85,7.4,182,,0.0,88.42
2352764136,Core Run group,2019-05-08T18:17:20Z,4.836,1342,4.625,146.7,159.0,11.0,29.88,-97.94,,75.7,69.5,81,8.1,233,,0.0,92.44
2355122829,Recovery miles,2019-05-09T17:58:57Z,6.441,2115,5.473,129.7,144.0,2.0,29.9,-97.95,90.0,80.2,68.8,68,10.1,35,55.0,0.1,88.93
2363120505,"Good run to finish the week, nice day",2019-05-12T15:55:22Z,21.493,6278,4.868,150.4,167.0,65.1,29.51,-98.43,0.0,77.4,59.0,53,7.5,51,51.0,0.0,85.08
2371154258,Good run after a couple days sick,2019-05-15T18:12:06Z,12.317,3592,4.861,154.0,177.0,32.2,29.88,-97.94,90.0,79.7,64.1,59,7.3,130,40.0,0.0,83.57
2373845794,Warmup with Dave & Jonathan,2019-05-16T18:01:07Z,4.016,1206,5.005,135.9,155.0,13.3,29.88,-97.94,,82.2,64.8,56,5.4,120,,0.0,91.79
2373846076,SMTX Thursday beer run 🍻,2019-05-16T18:38:00Z,5.275,1418,4.481,155.3,180.0,28.5,29.88,-97.94,,82.2,64.8,56,5.4,120,,0.0,89.73
2373857232,Evening Run,2019-05-16T20:42:31Z,0.775,234,5.029,137.0,148.0,0.0,29.88,-97.94,,78.2,68.3,72,7.9,140,,0.1,91.07
2383901845,Easy run with strong sprint finish,2019-05-20T17:17:47Z,9.26,2827,5.088,143.7,185.0,64.6,30.09,-97.84,,86.7,69.6,57,23.1,161,,0.0,89.19
2386739424,"Around town, and finished with a couple 400s",2019-05-21T18:12:39Z,7.508,2108,4.679,140.1,167.0,22.6,29.88,-97.94,90.0,83.1,61.0,47,5.4,114,24.0,0.0,95.06
2386762921,Evening Run,2019-05-21T19:19:09Z,0.796,172,3.603,146.1,164.0,0.0,29.88,-97.93,,80.6,64.0,57,6.1,96,,0.0,118.6
2389376848,Pre run group miles,2019-05-22T17:25:31Z,4.851,1427,4.902,144.1,153.0,10.1,29.88,-97.94,,88.2,71.1,57,16.0,160,,0.0,91.09
2389452870,Hot run group,2019-05-22T18:09:58Z,4.878,1353,4.623,157.8,177.0,5.6,29.88,-97.94,,87.3,72.0,60,14.9,156,,0.0,88.0
2392114801,Warmup for beer run,2019-05-23T18:09:22Z,3.222,911,4.713,142.4,155.0,4.0,29.88,-97.94,,86.6,72.1,62,16.2,141,,0.0,95.89
2392191326,Core/Hops & Grain beer run,2019-05-23T18:33:37Z,6.872,1868,4.53,156.6,183.0,34.3,29.88,-97.94,,86.6,72.1,62,16.2,141,,0.0,90.71
2394321755,New shoe day!,2019-05-24T16:49:06Z,6.727,1910,4.732,145.4,167.0,14.0,29.88,-97.93,270.0,86.6,68.4,55,14.9,147,123.0,0.0,93.04
2397352178,River run 🏞️,2019-05-25T19:04:35Z,8.127,2294,4.705,151.3,166.0,27.4,29.88,-97.94,,83.4,70.2,64,12.1,140,,0.0,89.33
2402761400,Chill Monday miles,2019-05-27T18:12:27Z,11.341,3388,4.979,148.0,172.0,33.5,29.9,-97.95,90.0,85.8,65.8,51,9.9,142,52.0,0.0,85.78
2402786661,Cool down,2019-05-27T19:17:53Z,1.969,634,5.365,151.1,160.0,16.0,29.9,-97.93,270.0,83.0,70.2,65,11.2,143,127.0,0.0,78.26
2405155375,😴,2019-05-28T17:30:44Z,8.142,2508,5.134,140.5,163.0,55.9,30.09,-97.84,,88.0,68.4,53,15.7,165,,0.0,88.99
2410445410,Pre-beer run miles,2019-05-30T18:15:49Z,3.247,925,4.749,142.3,163.0,10.3,29.88,-97.94,,83.5,72.3,69,5.4,66,,0.1,92.91
2410521952,Hops & Grain beer run 😁,2019-05-30T18:37:42Z,6.574,1713,4.343,164.7,180.0,30.3,29.88,-97.94,,83.5,72.3,69,5.4,66,,0.1,87.77
2412761025,That is some intense humidity,2019-05-31T17:00:48Z,6.651,1921,4.814,146.2,164.0,13.4,29.88,-97.93,,86.6,71.6,61,5.5,111,,0.0,89.35
2421503465,Was feeling lazy so I only did 4 🤷‍♂️,2019-06-03T18:08:29Z,6.455,1829,4.722,145.2,166.0,19.0,29.88,-97.93,,87.7,71.0,58,9.7,142,,0.0,92.56
2424357417,Easy warm up,2019-06-04T18:06:29Z,3.449,1019,4.924,134.1,163.0,12.0,29.88,-97.93,,82.4,73.3,74,8.9,162,,0.9,95.78
2424357932,2 mile hard effort 😜,2019-06-04T18:44:06Z,3.259,754,3.857,132.8,160.0,9.2,29.88,-97.94,139.1,82.4,73.3,74,8.9,162,22.9,0.9,123.48
2427005069,Run group ☀️☀️☀️,2019-06-05T18:04:17Z,4.971,1344,4.506,154.1,177.0,17.0,29.88,-97.94,90.0,84.7,70.8,63,7.1,13,77.0,0.0,90.71
2429701353,Warm up,2019-06-06T18:13:16Z,3.06,852,4.641,143.2,155.0,9.0,29.88,-97.94,,83.3,73.5,72,3.4,203,,1.9,94.13
2429702170,Chill mode group run,2019-06-06T18:32:22Z,5.124,1768,5.751,130.1,146.0,23.0,29.88,-97.94,,83.3,73.5,72,3.4,203,,1.9,83.62
2440305642,Fairly cool day,2019-06-10T17:40:12Z,8.091,2185,4.501,149.5,170.0,25.6,29.88,-97.93,,84.8,64.4,50,13.5,19,,0.0,94.52
2442956069,Rain run 🌧️,2019-06-11T17:39:43Z,12.969,3586,4.608,143.4,174.0,59.0,29.88,-97.93,180.0,78.1,66.0,67,5.4,360,180.0,1.0,94.31
2445651647,Still nice out,2019-06-12T18:29:30Z,8.132,2627,5.384,141.0,161.0,12.7,29.88,-97.93,,86.0,62.3,45,7.4,35,,0.0,82.66
2448195504,Hops & Grain group run,2019-06-13T18:00:32Z,9.185,2608,4.733,143.2,174.0,40.0,29.88,-97.94,,87.0,55.0,34,7.5,51,,0.0,92.24
2458797178,Loops,2019-06-17T17:08:14Z,9.756,2780,4.749,148.0,171.0,61.8,30.09,-97.84,,87.7,68.5,53,2.7,114,,0.0,88.84
2461781621,Breezy,2019-06-18T17:39:17Z,4.981,1911,6.394,127.3,149.0,0.0,29.88,-97.93,,92.5,69.3,47,8.9,198,,0.0,77.99
2461781939,Evening Run,2019-06-18T18:13:46Z,0.852,233,4.557,152.4,161.0,6.0,29.87,-97.93,0.0,92.4,68.6,46,7.5,192,168.0,0.0,91.09
2461782171,Evening Run,2019-06-18T18:30:53Z,0.958,319,5.553,132.1,144.0,0.0,29.88,-97.94,90.0,92.4,68.6,46,7.5,192,102.0,0.0,86.25
2461782794,Intervals or something,2019-06-18T18:40:40Z,4.97,1227,4.115,166.7,183.0,12.2,29.88,-97.94,90.0,92.4,68.6,46,7.5,192,102.0,0.0,92.24
2461787170,Evening Run,2019-06-18T19:19:25Z,0.972,279,4.782,155.3,165.0,2.0,29.88,-97.93,,90.1,73.1,58,5.6,164,,0.0,84.96
2464401776,Finally starting to feel like summer 😎,2019-06-19T18:06:38Z,6.481,1779,4.575,150.3,176.0,12.5,29.89,-97.93,0.0,97.8,67.6,38,11.5,188,172.0,0.0,93.05
2467159074,A special sort of humidity,2019-06-20T18:27:17Z,7.126,2205,5.157,138.9,168.0,22.0,29.88,-97.94,,96.3,72.1,46,13.7,178,,0.0,89.92
2472474726,Lazy short slog,2019-06-22T19:51:12Z,5.527,1643,4.955,143.1,155.0,9.0,29.9,-97.95,120.0,86.4,75.2,69,12.7,138,18.0,0.0,90.25
2475613683,Moist,2019-06-23T19:15:09Z,7.31,2037,4.644,146.5,162.0,18.7,29.9,-97.95,120.0,89.2,77.8,69,12.1,146,26.0,0.0,94.25
2477987248,Just as the storm blew away 🍃,2019-06-24T17:47:20Z,12.986,3512,4.508,149.2,170.0,139.9,29.87,-97.97,,81.1,70.7,71,16.1,166,,0.4,95.24
2480815761,"Hills, easy this time",2019-06-25T18:55:15Z,8.75,2437,4.642,147.9,175.0,54.0,29.86,-97.97,,84.6,70.4,63,11.7,130,,0.0,92.62
2486128492,Warm up,2019-06-27T19:06:13Z,1.697,479,4.704,138.4,151.0,4.0,29.94,-97.9,,82.5,73.4,74,6.7,143,,0.0,96.7
2486189185,Firecracker Run 5k,2019-06-27T19:30:03Z,5.03,1112,3.685,176.4,185.0,6.6,29.94,-97.9,,82.5,73.4,74,6.7,143,,0.0,96.85
2496472834,Starting off July the only way I know how,2019-07-01T17:50:28Z,8.057,2250,4.654,145.9,165.0,5.0,29.88,-97.93,180.0,85.9,70.3,60,9.2,148,32.0,0.0,93.22
2499416318,Easy-ish with a hot segment attempt to finish 🔥,2019-07-02T18:21:02Z,6.471,1776,4.574,146.6,174.0,17.0,29.9,-97.95,120.0,82.4,74.3,77,9.7,140,20.0,0.1,94.53
2499468760,What is a cool down,2019-07-02T19:09:17Z,2.126,649,5.087,153.3,163.0,42.0,29.9,-97.93,270.0,80.5,72.8,77,11.4,125,145.0,0.3,81.4
2502257750,"Rainy, wet, muddy",2019-07-03T18:26:56Z,8.116,2314,4.752,142.8,155.0,15.0,29.9,-97.95,120.0,80.3,74.2,82,10.0,146,26.0,0.1,93.33
2502309462,cOoLDoWn 🤪,2019-07-03T19:32:28Z,2.233,630,4.701,149.1,169.0,18.0,29.9,-97.93,270.0,80.9,75.7,84,9.3,132,138.0,0.0,90.34
2504395055,🇺🇲 freedom run 🦅,2019-07-04T13:01:23Z,6.51,1910,4.89,143.0,169.0,61.2,29.9,-97.95,,84.9,73.0,68,13.6,171,,0.2,91.47
2507554029,😭 CRC,2019-07-05T20:26:03Z,6.5,1806,4.63,145.1,162.0,22.0,29.9,-97.95,,85.5,73.3,67,8.4,138,,0.0,94.21
2519169948,Mailed it in,2019-07-09T19:17:13Z,4.84,1391,4.79,139.0,157.0,19.0,29.87,-97.97,180.0,81.3,78.4,91,1.8,180,0.0,0.0,93.81
2526768169,lol,2019-07-12T16:39:28Z,6.69,1897,4.726,152.9,179.0,73.0,29.87,-97.97,249.0,95.7,62.2,33,8.6,25,136.0,0.0,87.59
2526796613,Squeezed another 1.7 out before it died again,2019-07-12T17:23:11Z,2.792,814,4.859,160.0,174.0,7.0,29.87,-97.99,90.0,95.9,59.0,29,8.4,20,70.0,0.0,81.21
2528808417,Should have gotten more miles,2019-07-13T10:00:37Z,8.127,2380,4.881,147.9,170.0,23.8,29.9,-97.95,90.0,84.7,67.1,56,8.8,356,94.0,0.0,87.37
2528873667,Cooldown I guess,2019-07-13T10:50:09Z,2.014,615,5.089,159.3,170.0,18.4,29.9,-97.93,270.0,85.2,67.8,56,10.1,6,96.0,0.0,78.07
2533060929,Saw a fierce specimen on campus,2019-07-14T19:46:29Z,6.501,1868,4.789,151.0,171.0,55.1,29.9,-97.95,120.0,90.1,74.3,60,6.8,79,41.0,0.0,87.55
2535516027,Sup boys,2019-07-15T18:44:16Z,8.069,2231,4.608,149.8,174.0,13.0,29.9,-97.95,120.0,90.8,71.6,54,7.3,168,48.0,0.0,91.68
2535549230,loldown,2019-07-15T19:38:09Z,2.032,606,4.97,157.1,166.0,17.0,29.9,-97.93,270.0,92.0,72.1,52,8.6,160,110.0,0.0,81.37
2538413651,hot wind,2019-07-16T17:47:29Z,5.206,1358,4.348,147.4,174.0,21.9,29.86,-97.97,,93.9,70.5,47,12.0,159,,0.0,99.88
2541440166,"Rest of USA: ""we're going to die in the hEaTwAve!1""",2019-07-17T18:56:10Z,8.117,2323,4.77,146.2,162.0,40.4,29.9,-97.95,120.0,93.4,66.7,42,11.4,160,40.0,0.0,91.42
2544091590,More junk miles,2019-07-18T18:17:34Z,6.821,1954,4.774,144.9,162.0,32.0,29.87,-97.97,,94.4,66.0,40,12.7,149,,0.0,92.42
2546573474,Campus stairs (AKA trying to ruin as many cringe photo shoots as possible),2019-07-19T19:48:32Z,6.666,1936,4.841,147.4,177.0,63.6,29.9,-97.95,139.1,90.4,70.3,52,12.4,150,10.9,0.0,89.57
2548304351,River finish 💧,2019-07-20T10:06:06Z,9.736,2704,4.629,146.6,168.0,36.0,29.9,-97.95,120.0,83.6,71.7,68,12.0,190,70.0,0.0,93.78
2555040952,Zero energy,2019-07-22T18:51:07Z,4.848,1510,5.192,138.7,158.0,24.0,29.9,-97.95,139.1,91.5,67.5,45,4.7,172,32.9,0.0,87.23
2557965890,Felt better today,2019-07-23T19:10:24Z,8.474,2392,4.704,142.4,173.0,75.0,29.9,-97.95,139.1,88.0,58.0,36,11.5,46,93.1,0.0,94.34
2560771431,Jog,2019-07-24T19:02:31Z,8.507,2376,4.655,144.8,168.0,54.6,29.9,-97.95,139.1,85.2,53.1,33,9.6,57,82.1,0.0,92.93
2565846472,Progression...?,2019-07-26T19:13:30Z,8.899,2343,4.388,155.8,177.0,33.1,29.9,-97.95,120.0,88.1,55.5,33,5.4,109,11.0,0.0,91.13
2574299273,In the middle of a real ass running slump,2019-07-29T18:57:13Z,9.743,2843,4.863,148.9,171.0,50.1,29.9,-97.95,90.0,93.7,67.8,43,8.8,161,71.0,0.0,87.63
2577230063,Yay summer,2019-07-30T19:22:04Z,7.055,2027,4.788,147.2,163.0,16.0,29.9,-97.95,120.0,94.7,65.5,38,4.9,156,36.0,0.0,89.22
2579913407,They didn't shade this new trail at all lol,2019-07-31T17:42:11Z,4.83,1387,4.787,147.5,162.0,35.0,30.14,-97.87,330.0,96.3,63.7,34,6.9,126,156.0,0.0,89.44
2579999623,... And back,2019-07-31T18:30:11Z,4.899,1531,5.208,146.3,161.0,15.0,30.17,-97.89,150.0,95.4,63.1,35,7.0,132,18.0,0.0,82.81
2582976182,same old,2019-08-01T19:42:46Z,6.451,1881,4.86,143.6,166.0,29.0,29.9,-97.95,90.0,92.7,64.6,40,6.7,104,14.0,0.0,90.29
2588396745,lil bit,2019-08-03T20:19:44Z,5.011,1473,4.899,143.5,156.0,24.7,29.9,-97.95,,86.3,72.7,64,3.8,201,,0.2,89.18
2591776256,few hills ,2019-08-04T20:23:09Z,4.932,1461,4.937,144.4,160.0,65.8,29.9,-97.95,,85.4,74.7,70,5.9,101,,0.0,88.4
2594406016,couple loops,2019-08-05T19:55:52Z,4.877,1369,4.679,144.9,166.0,0.0,29.88,-97.93,,92.8,69.0,46,11.1,115,,0.0,94.08
2597359256,being slow,2019-08-06T19:27:04Z,4.975,1498,5.018,147.4,162.0,7.0,29.88,-97.93,270.0,92.8,71.3,50,13.9,138,132.0,0.0,86.87
2603095923,Windy!,2019-08-08T19:11:29Z,5.003,1487,4.954,143.9,162.0,0.0,29.88,-97.93,270.0,98.6,65.9,35,9.7,154,116.0,0.0,89.36
2608326989,just enough,2019-08-10T19:36:13Z,4.84,1469,5.059,134.6,150.0,2.0,29.9,-97.95,120.0,95.5,68.3,41,11.8,151,31.0,0.0,93.93
2610617086,🔆🔆🔆,2019-08-11T11:29:17Z,9.782,2965,5.052,148.1,167.0,49.6,29.9,-97.95,156.6,90.2,71.3,54,9.9,198,41.4,0.0,85.02
2611007078,couple more before it gets hot,2019-08-11T14:28:20Z,3.405,1058,5.179,141.0,169.0,21.0,29.88,-97.94,23.4,99.1,66.8,35,8.3,178,154.6,0.0,87.05
2611481855,Got in a couple more hills before dark,2019-08-11T20:17:26Z,3.418,1040,5.071,143.8,161.0,40.1,29.9,-97.95,,95.1,67.4,41,8.3,156,,0.0,86.99
2613933888,little warm outside,2019-08-12T18:42:04Z,4.843,1407,4.842,147.0,166.0,9.0,29.88,-97.93,270.0,101.7,62.2,28,8.3,174,96.0,0.0,89.19
2613968817,cool down,2019-08-12T19:18:28Z,1.62,513,5.279,151.4,159.0,0.0,29.88,-97.94,,98.6,67.0,36,10.0,156,,0.0,79.81
2617081389,"Easy, sorta consistent",2019-08-13T19:18:46Z,9.483,2740,4.815,149.7,175.0,2.0,29.88,-97.93,,99.4,62.7,30,8.4,124,,0.0,87.99
2619758026,Loops,2019-08-14T18:30:43Z,5.581,1725,5.152,145.7,164.0,31.0,30.09,-97.84,,97.9,65.6,35,10.4,37,,0.0,84.94
2625048795,sun soak,2019-08-16T16:26:44Z,9.813,2934,4.983,155.3,173.0,97.8,30.18,-97.72,270.0,98.6,65.4,34,4.1,135,135.0,0.0,81.32
2628029767,Reimer's,2019-08-17T16:04:35Z,8.212,2580,5.236,140.1,167.0,75.4,30.36,-98.12,319.2,100.6,62.0,28,6.3,145,174.2,0.0,86.11
2631257283,Nice afternoon at Pedernales Falls,2019-08-18T15:50:15Z,8.934,2818,5.257,143.2,162.0,70.5,30.31,-98.24,,98.9,63.1,31,10.2,172,,0.0,84.58
2633924076,Back to flat ground,2019-08-19T18:34:51Z,6.657,1949,4.879,140.6,168.0,2.0,29.88,-97.93,,94.3,70.2,46,13.6,139,,0.0,93.63
2636987494,Nice new bike facility on Guadalupe!,2019-08-20T18:57:46Z,7.223,2068,4.772,143.6,175.0,13.0,29.88,-97.94,90.0,97.1,63.1,33,8.7,157,67.0,0.0,92.51
2637005025,1K with the speed group,2019-08-20T19:43:51Z,1.007,236,3.907,163.1,174.0,4.0,29.88,-97.94,90.0,93.3,63.4,37,9.6,152,62.0,0.0,99.45
2639993052,River run,2019-08-21T19:06:10Z,7.122,2003,4.687,147.9,171.0,9.0,29.88,-97.93,,92.0,65.3,41,12.7,146,,0.0,92.06
2643030923,Late miles,2019-08-22T21:15:00Z,4.882,1370,4.677,150.2,171.0,69.6,29.9,-97.95,,81.7,72.8,74,9.3,156,,0.7,90.04
2645400658,Cloudy and breezy,2019-08-23T18:46:06Z,5.087,1523,4.99,138.5,149.0,5.0,29.88,-97.93,,88.1,73.0,61,11.6,133,,0.0,92.34
2648523679,Lake run 🚣‍♂️,2019-08-24T18:32:23Z,8.951,2596,4.834,148.9,168.0,64.4,30.57,-98.39,,93.9,67.2,42,7.5,99,,0.0,87.9
2651947565,😔,2019-08-25T20:00:20Z,4.881,1621,5.535,134.0,157.0,35.6,29.9,-97.95,,89.1,75.5,64,9.2,157,,0.0,85.8
2654489236,"tired legs today, fast run tomorrow",2019-08-26T18:34:53Z,4.832,1429,4.929,142.3,156.0,0.0,29.88,-97.93,270.0,99.4,67.8,36,11.6,165,105.0,0.0,91.34
2657578098,progressive,2019-08-27T18:43:19Z,8.216,2345,4.757,144.1,171.0,15.2,29.88,-97.93,,93.3,69.5,46,14.0,151,,0.0,93.68
2663333644,easy,2019-08-29T18:48:45Z,4.946,1495,5.037,138.2,149.0,0.0,29.88,-97.93,270.0,89.1,72.2,58,11.3,131,139.0,0.1,91.63
2665895538,#runstreak day 33 😎,2019-08-30T19:31:53Z,4.894,1464,4.985,139.5,159.0,25.0,29.9,-97.95,,85.9,70.9,61,7.9,106,,0.0,90.8
2669070214,August #runstreak complete!,2019-08-31T21:51:24Z,4.857,1434,4.921,140.9,156.0,69.0,29.9,-97.95,,81.9,70.3,68,6.3,107,,0.0,90.52
2672176288,trying to catch the sunset ,2019-09-01T19:19:55Z,7.15,2032,4.737,141.6,170.0,36.0,29.9,-97.95,,89.7,67.9,49,7.8,78,,0.0,94.18
2674323624,loop,2019-09-02T13:09:38Z,16.555,4734,4.766,155.0,180.0,85.8,30.27,-97.77,,92.2,65.4,41,7.8,31,,0.0,85.51
2677860022,a hill or something,2019-09-03T19:02:55Z,7.29,2116,4.838,140.0,157.0,54.0,29.87,-97.97,,93.3,59.7,33,9.0,89,,0.0,93.24
2680700157,byoo-dah,2019-09-04T18:29:11Z,7.08,1930,4.543,148.1,181.0,19.6,30.1,-97.85,,97.0,58.2,28,12.3,93,,0.0,94.63
2683528677,hi micah,2019-09-05T18:39:50Z,8.087,2267,4.672,149.4,169.0,29.8,30.1,-97.85,,95.4,63.2,35,9.2,166,,0.0,90.82
2685947455,hill machine 🅱️roke,2019-09-06T19:12:36Z,8.113,2285,4.694,145.7,162.0,21.5,29.9,-97.95,90.0,94.6,61.4,33,3.0,63,27.0,0.0,91.34
2689019929,back to my roots,2019-09-07T19:29:02Z,6.499,1865,4.783,142.4,155.0,42.8,29.46,-98.36,,93.8,59.3,32,9.6,158,,0.0,92.84
2692403380,hill machine fixed,2019-09-08T19:22:07Z,6.527,1987,5.074,136.9,167.0,83.8,29.9,-97.95,,84.7,71.2,64,6.5,202,,0.0,90.59
2694825909,🐢,2019-09-09T18:32:00Z,6.486,1876,4.821,142.9,158.0,7.0,29.88,-97.93,,91.8,62.8,38,14.1,151,,0.0,92.75
2697792543,"slow start, fast finish",2019-09-10T18:08:48Z,9.721,2619,4.49,149.9,181.0,91.8,30.14,-97.87,,87.3,66.9,51,10.6,139,,0.0,94.2
2700659399,warm up,2019-09-11T17:43:20Z,1.716,519,5.041,138.4,152.0,4.0,29.88,-97.93,270.0,88.4,70.6,56,10.0,164,106.0,0.0,91.05
2700660049,r u n  g r o u p,2019-09-11T18:05:27Z,4.968,1246,4.18,165.1,180.0,11.0,29.88,-97.94,,87.7,70.3,57,10.0,160,,0.0,91.98
2703521969,🗑️,2019-09-12T18:28:15Z,6.443,1918,4.962,147.6,166.0,13.0,29.88,-97.93,180.0,91.1,68.4,47,9.3,132,48.0,0.0,86.63
2706106709,Lake run,2019-09-13T19:28:30Z,8.171,2278,4.646,146.7,163.0,51.0,30.57,-98.39,,89.2,60.8,39,5.4,95,,0.0,91.77
2709219125,¯\_(ツ)_/¯,2019-09-14T19:43:04Z,6.447,2049,5.297,135.2,153.0,32.0,29.9,-97.95,,90.6,69.2,50,3.3,70,,0.0,87.5
2712569541,no hills today,2019-09-15T18:25:30Z,8.111,2336,4.8,146.1,167.0,6.0,29.88,-97.93,180.0,93.1,60.1,33,9.0,91,89.0,0.0,90.05
2715171603,Run club for #runstreak day 50,2019-09-16T19:05:24Z,5.747,1454,4.217,156.2,179.0,2.0,29.88,-97.93,270.0,92.4,61.5,36,9.4,85,175.0,0.0,96.0
2718045657,THE STREETS WERE WET AND THE GATE WAS LOCKED SO I JUMPED ITTTTTT AND I LET YOUUU IIINNNNNNNNNNNNNN,2019-09-17T17:42:36Z,9.806,2717,4.618,145.6,162.0,0.0,29.88,-97.93,,84.7,70.3,62,11.0,66,,0.0,94.43
2720954659,warm up,2019-09-18T17:44:13Z,1.816,582,5.34,135.8,146.0,4.0,29.88,-97.93,270.0,95.4,66.1,38,2.8,252,18.0,0.0,86.41
2720955370,run group,2019-09-18T18:06:47Z,5.93,1597,4.488,155.1,184.0,9.0,29.88,-97.94,,94.6,66.0,39,3.3,242,,0.0,90.06
2723925391,hill loop,2019-09-19T20:22:06Z,6.665,2011,5.029,144.9,158.0,83.9,29.9,-97.95,,79.9,75.3,86,14.0,96,,0.1,87.7
2726203012,the stupid heat made me mad today,2019-09-20T18:39:28Z,6.525,1937,4.948,138.8,155.0,24.0,29.9,-97.95,,87.8,71.5,59,14.4,143,,0.1,93.38
2729273694,i have been awake for 41 hours and my soul has left my body,2019-09-21T19:43:58Z,6.442,2034,5.262,137.1,154.0,61.0,29.9,-97.95,,85.9,69.0,57,10.4,127,,0.1,87.89
2732418539,thick ass hard to breathe air,2019-09-22T19:22:57Z,6.443,1936,5.008,142.4,160.0,28.0,29.9,-97.95,,88.4,65.3,46,9.5,137,,0.0,88.68
2734862835,💦 hills,2019-09-23T19:38:00Z,6.505,1914,4.904,144.0,162.0,79.8,29.9,-97.95,,92.1,62.8,38,9.1,144,,0.0,89.55
2737466509,just mailing in these 4 mile trash runs,2019-09-24T18:19:17Z,6.497,1737,4.456,145.2,167.0,0.0,29.88,-97.94,139.1,90.2,68.7,49,10.6,148,8.9,0.0,98.29
2740218337,Pacey Casey,2019-09-25T19:11:41Z,6.514,1720,4.401,144.9,167.0,19.6,29.9,-97.95,120.0,90.6,62.7,40,6.7,127,7.0,0.0,98.57
2740262328,Cooldown,2019-09-25T19:55:11Z,2.113,640,5.048,146.9,158.0,15.0,29.9,-97.93,270.0,90.9,63.0,40,8.1,132,138.0,0.0,85.03
2742674559,ok weather is really nice today,2019-09-26T18:17:21Z,6.535,1858,4.739,141.9,154.0,6.0,29.88,-97.93,,93.4,57.2,30,9.5,139,,0.0,93.86
2745025375,hill loop,2019-09-27T19:09:03Z,6.549,1928,4.907,148.1,164.0,76.5,29.9,-97.95,,89.9,63.2,41,10.3,136,,0.0,87.14
2747991633,I'm lookin' for my sister.... Stella,2019-09-28T21:13:42Z,6.615,1866,4.702,151.3,165.0,2.0,29.95,-90.06,,79.4,73.7,83,6.7,116,,0.0,88.35
2750761819,just jogging and taking pictures,2019-09-29T16:50:34Z,7.246,2215,5.095,139.8,153.0,6.0,29.95,-90.06,0.0,84.4,74.6,72,9.1,121,121.0,0.1,89.01
2753120257,I fell down and also got lost several times,2019-09-30T17:34:12Z,7.673,2339,5.081,133.0,144.0,10.8,29.95,-90.06,,88.1,69.3,54,8.9,108,,0.0,93.69
2755780045,Goodbye Stella,2019-10-01T17:54:29Z,7.506,2263,5.025,139.7,153.0,21.0,29.95,-90.06,,89.6,70.7,54,6.7,75,,0.0,89.93
2758622598,short quick one after a long drive,2019-10-02T20:28:53Z,4.845,1480,5.092,138.2,153.0,66.0,29.9,-97.95,,86.4,64.4,48,8.7,125,,0.0,89.56
2760949605,No place like home,2019-10-03T17:35:26Z,10.055,2889,4.789,146.3,169.0,39.2,29.41,-98.5,0.0,90.9,64.9,42,8.7,108,108.0,0.0,90.23
2763230419,easy start strong finish,2019-10-04T19:14:45Z,6.509,1690,4.327,151.8,177.0,15.0,29.9,-97.95,120.0,87.0,61.5,43,3.8,126,6.0,0.1,94.82
2766085430,lil hill jog,2019-10-05T19:30:07Z,4.873,1430,4.891,141.3,155.0,58.6,29.9,-97.95,,86.4,61.9,44,2.9,148,,0.0,89.94
2769121067,Day 70/Week 10 #runstreak complete,2019-10-06T19:24:00Z,5.248,1517,4.818,142.5,156.0,38.0,29.9,-97.95,,88.2,60.4,39,5.2,130,,0.0,91.0
2771390886,it's winter,2019-10-07T19:06:38Z,4.851,1306,4.487,143.3,165.0,8.0,29.87,-97.96,,78.3,57.4,49,10.3,39,,0.0,97.4
2774025380,the mommy bloggers were   a n g e r y   with me today 🤪,2019-10-08T18:04:55Z,12.14,3331,4.573,141.1,161.0,50.2,30.1,-97.85,,84.1,45.7,26,5.2,70,,0.0,95.69
2776597605,legs empty today,2019-10-09T18:49:47Z,4.926,1402,4.744,138.8,152.0,9.0,29.9,-97.95,120.0,86.1,67.0,53,13.2,168,48.0,0.0,96.77
2779274450,quick streak saver after long day at work,2019-10-10T21:06:05Z,4.851,1414,4.858,141.7,153.0,2.0,29.88,-97.93,,84.2,70.7,64,14.7,158,,0.0,92.96
2784042882,feeling fresh,2019-10-12T19:07:24Z,5.029,1242,4.117,154.1,169.0,13.0,29.9,-97.95,120.0,63.3,34.6,34,3.4,67,53.0,0.0,95.23
2786782285,feelin' good,2019-10-13T12:49:08Z,21.432,6058,4.711,145.8,176.0,93.0,29.53,-98.43,,72.0,38.7,30,4.3,174,,0.0,88.68
2789584329,couple loops,2019-10-14T18:54:00Z,4.858,1405,4.82,144.7,162.0,26.0,29.9,-97.95,,84.7,67.0,55,2.6,218,,0.0,89.26
2792138847,hot rain,2019-10-15T18:28:16Z,4.848,1340,4.606,150.7,175.0,40.0,29.9,-97.95,90.0,87.0,70.1,57,2.3,209,119.0,0.0,89.93
2794568651,too cold 😁,2019-10-16T17:30:11Z,8.125,2198,4.509,144.4,167.0,5.0,29.88,-97.93,180.0,68.0,39.5,35,14.3,14,166.0,0.0,95.31
2797088676,up the hill,2019-10-17T18:05:23Z,11.408,3092,4.517,141.9,162.0,124.3,29.87,-97.97,,67.6,47.1,48,3.8,83,,0.0,95.17
2799192191,estates loop,2019-10-18T18:03:28Z,8.286,2378,4.783,138.9,159.0,45.0,29.9,-97.98,,75.3,58.4,56,4.6,157,,0.0,93.04
2801887797,not my day,2019-10-19T18:57:40Z,4.834,1560,5.378,141.7,152.0,41.0,29.9,-97.95,,84.0,67.5,58,8.4,151,,0.0,82.67
2804545304,battling a fever,2019-10-20T13:57:44Z,12.954,3470,4.464,157.0,178.0,47.6,30.26,-97.69,90.0,83.7,70.5,65,12.5,191,101.0,0.5,90.83
2804572726,cool down,2019-10-20T15:05:26Z,1.611,484,5.006,157.3,168.0,11.0,30.26,-97.66,270.0,87.6,70.0,56,13.2,190,80.0,0.0,81.14
2806523547,Olmos basin loop,2019-10-21T12:54:24Z,8.05,2374,4.915,139.9,154.0,35.0,29.48,-98.48,,76.5,31.7,19,12.8,29,,0.0,90.01
2809697195,Got Casey out of retirement 😁,2019-10-22T18:23:31Z,6.96,1826,4.373,140.6,161.0,23.7,29.88,-97.93,,73.7,43.2,34,4.5,57,,0.0,99.5
2809719905,Speed lap of Rio,2019-10-22T19:13:19Z,1.013,205,3.372,127.6,137.0,0.0,29.88,-97.93,270.0,68.5,39.8,35,5.7,132,138.0,0.0,141.78
2812202052,oof wind,2019-10-23T17:33:09Z,10.232,2847,4.637,143.1,160.0,49.0,30.14,-97.87,,81.9,54.4,39,16.9,175,,0.0,95.74
2814539494,short one before storm,2019-10-24T17:02:20Z,5.514,1560,4.715,147.1,175.0,33.0,30.09,-97.84,,79.5,64.7,61,17.5,164,,0.1,92.18
2817032979,Capital to Coast leg 14,2019-10-25T21:57:15Z,9.58,2231,3.881,163.3,178.0,33.1,29.39,-97.88,210.2,53.4,38.1,56,13.5,339,128.8,0.0,97.29
2817761793,Capital to Coast leg 25,2019-10-26T05:30:28Z,10.301,2569,4.157,158.2,170.0,33.0,28.49,-97.78,163.7,51.1,35.7,55,9.3,305,141.3,0.0,92.97
2822300302,Post C2C shakeout 😇,2019-10-27T14:23:29Z,13.073,3812,4.86,144.4,159.0,124.2,29.71,-98.14,90.0,73.7,41.0,31,9.6,191,101.0,0.0,87.96
2824768842,an actual *recovery* run 🥰,2019-10-28T17:50:55Z,4.833,1477,5.093,133.0,142.0,17.2,29.88,-97.94,90.0,78.2,65.1,64,9.5,156,66.0,0.0,92.75
2832092796,No meat athlete group run,2019-10-31T19:10:03Z,8.357,2906,5.796,134.2,161.0,58.0,30.26,-97.75,,43.8,31.1,61,5.3,28,,0.0,77.97
2832112074,Just to wet the beak,2019-10-31T20:14:14Z,3.705,1008,4.535,147.9,161.0,2.0,30.26,-97.75,,41.1,31.2,68,6.0,31,,0.0,90.54
2833872261,bogey ⛳,2019-11-01T15:39:43Z,4.834,1485,5.12,142.4,155.0,33.0,29.85,-97.7,,58.1,25.8,29,5.6,180,,0.0,83.23
2836383948,Shoal Creek to check out BMX jam,2019-11-02T15:33:01Z,8.201,2313,4.701,143.7,161.0,52.9,30.28,-97.75,180.0,64.1,36.3,36,6.8,32,148.0,0.0,90.07
2836439703,Couple more miles around Pease,2019-11-02T16:45:24Z,5.105,1434,4.681,146.3,169.0,30.5,30.27,-97.75,0.0,64.0,36.7,36,6.8,27,27.0,0.0,88.85
2838822323,Wheatley Heights loop featuring all the loose dogs 🐕🐺🐩,2019-11-03T11:04:02Z,12.959,3400,4.373,152.4,180.0,20.0,29.45,-98.42,180.0,60.2,36.6,41,6.1,126,54.0,0.0,91.15
2841677111,meh,2019-11-04T17:44:36Z,4.834,1423,4.906,138.0,157.0,32.0,29.9,-97.95,,77.9,59.4,53,9.9,193,,0.0,92.53
2844140652,#runstreak day 100! 🎉,2019-11-05T17:31:06Z,5.308,1398,4.39,,,32.3,30.09,-97.84,,77.6,66.8,69,5.4,92,,0.0,
2846766477,Down week miles,2019-11-06T19:12:15Z,4.987,1428,4.772,143.2,157.0,28.0,29.9,-97.95,,75.4,64.1,68,8.4,140,,0.0,91.51
2849036980,NMA group run,2019-11-07T18:52:01Z,8.963,2836,5.273,147.3,170.0,55.0,30.26,-97.75,,55.3,46.1,71,14.4,353,,0.0,79.6
2853001572,in the hills 🤙,2019-11-09T11:24:31Z,16.188,4360,4.489,148.8,170.0,136.6,29.9,-97.95,,54.5,42.3,63,1.9,69,,0.0,90.17
2856089751,enjoy this great weather while it's here,2019-11-10T13:33:51Z,10.456,2851,4.545,147.7,166.0,34.8,29.9,-97.95,120.0,67.6,51.7,57,10.1,194,74.0,0.0,92.32
2856136759,cooldown back,2019-11-10T14:36:20Z,2.101,606,4.807,146.6,155.0,16.0,29.9,-97.93,270.0,70.2,53.0,54,11.8,194,76.0,0.0,88.47
2857873012,hill loop before the ice wind,2019-11-11T11:05:04Z,9.051,2456,4.523,148.2,173.0,98.5,29.9,-97.95,,70.5,64.0,80,12.2,208,,0.0,93.74
2867414631,🤢,2019-11-15T16:59:54Z,5.153,1477,4.777,146.9,163.0,22.0,29.9,-97.95,,59.0,35.8,42,5.4,5,,0.0,86.43
2869611011,still meh,2019-11-16T12:56:10Z,5.265,1430,4.527,149.6,169.0,32.0,29.9,-97.95,,56.2,37.0,48,4.3,152,,0.0,89.37
2872613724,back from the dead,2019-11-17T12:48:07Z,21.286,5693,4.457,152.6,168.0,66.5,29.53,-98.43,,62.5,52.6,70,5.0,212,,0.0,89.92
2875164689,kyle miles,2019-11-18T17:31:49Z,7.205,2015,4.661,139.9,155.0,45.8,30.02,-97.88,180.0,69.2,46.6,44,4.1,158,22.0,0.0,93.67
2877479521,cut short today,2019-11-19T17:07:01Z,9.116,2466,4.508,143.4,158.0,17.0,30.1,-97.85,270.0,73.8,52.9,48,11.7,173,97.0,0.0,96.62
2879825829,run streak over,2019-11-20T17:05:05Z,0.065,26,6.636,109.5,129.0,0.0,30.09,-97.83,,78.8,60.6,54,21.6,162,,0.0,88.49
2888347083,It's ok,2019-11-24T08:40:04Z,6.771,1652,4.067,153.7,178.0,22.0,30.26,-97.76,0.0,42.8,41.7,96,4.9,286,74.0,0.0,96.95
2900081315,spring lake loop,2019-11-29T14:04:59Z,8.562,2950,5.743,152.2,181.0,191.0,29.9,-97.95,,71.1,70.8,99,10.8,159,,0.4,72.01
2904982792,"New watch day, take 2",2019-12-01T13:06:11Z,8.054,2104,4.354,148.8,180.0,47.6,29.88,-97.94,,59.6,26.5,28,9.7,351,,0.0,94.45
2907259670,feeling good 🆗,2019-12-02T17:08:15Z,9.774,2596,4.426,145.7,163.0,59.0,30.09,-97.84,,61.5,29.4,30,5.0,27,,0.0,93.97
2909619429,oops,2019-12-03T17:12:27Z,9.66,2577,4.446,146.0,164.0,43.0,30.09,-97.84,,70.2,38.1,31,10.4,215,,0.0,94.88
2914134208,NMA run,2019-12-05T19:09:50Z,6.608,2088,5.266,131.3,156.0,57.0,30.26,-97.75,,65.9,58.5,77,8.8,186,,0.0,89.67
2915790980,hobbyjoggin',2019-12-06T16:12:24Z,6.614,1527,3.848,159.9,180.0,8.0,30.09,-97.87,90.0,69.4,40.3,35,11.8,350,100.0,0.0,100.47
2920276440,"progression, last two in zone 4-5-ish",2019-12-08T10:35:33Z,12.897,3203,4.139,162.1,186.0,55.0,30.25,-97.72,291.1,57.6,52.4,83,8.8,187,104.1,0.0,91.59
2930787449,McKinney loops,2019-12-13T14:30:03Z,9.659,2621,4.523,157.2,175.0,86.4,30.18,-97.72,270.0,74.2,38.7,28,13.2,280,10.0,0.0,87.38
2952251972,What a nice day,2019-12-23T16:23:23Z,9.683,2555,4.398,147.8,174.0,23.0,29.9,-97.95,156.6,68.3,40.1,36,4.6,194,37.4,0.0,93.64
2956393882,Great day for a trail jog,2019-12-25T17:07:43Z,7.296,2115,4.832,139.8,163.0,95.6,30.29,-98.25,336.7,69.9,52.7,54,8.1,180,156.7,0.0,91.55
2958809669,hello spider,2019-12-26T16:41:18Z,14.959,4285,4.774,140.0,160.0,116.1,30.14,-97.87,,66.9,59.1,76,4.5,127,,0.1,92.03
2961127959,To the top 😍,2019-12-27T16:36:07Z,8.851,2549,4.8,138.8,178.0,202.1,30.37,-97.79,,71.2,52.0,51,9.3,143,,0.0,93.08
2968684364,wanted one more good shot at this trail before the year was over,2019-12-30T14:03:33Z,8.294,2217,4.455,159.5,179.0,58.0,30.21,-97.91,,56.6,25.7,30,3.6,349,,0.0,85.05
2971716754,Nice and easy to end the year ✌️,2019-12-31T17:18:25Z,8.054,2293,4.745,137.5,151.0,25.0,29.94,-97.9,,58.3,22.9,25,3.8,69,,0.0,92.67
2974030114,Nice start to the year 🦎,2020-01-01T14:06:27Z,17.772,4972,4.663,150.4,167.0,74.0,29.9,-97.95,139.1,53.2,41.8,65,6.5,186,46.9,0.0,86.69
2976952700,Tempo with strong finish,2020-01-02T17:04:34Z,7.599,1930,4.233,149.5,170.0,48.0,30.09,-97.84,,59.5,55.0,85,10.2,195,,0.0,97.66
2979449224,exploring suburbia,2020-01-03T16:24:24Z,5.117,1493,4.863,131.1,144.0,37.0,30.08,-97.81,,63.7,36.6,37,16.1,326,,0.0,97.26
2986002909,New shoe day ☀️,2020-01-05T17:19:31Z,4.865,1265,4.334,144.3,169.0,13.0,29.88,-97.94,139.1,70.7,37.2,29,10.7,213,73.9,0.0,98.52
2986025649,Cool down,2020-01-05T17:52:45Z,1.738,524,5.024,129.0,153.0,13.0,29.87,-97.93,319.1,70.7,37.2,29,10.7,213,106.1,0.0,95.07
2988647705,progression,2020-01-06T17:10:42Z,6.672,1723,4.304,145.2,179.0,30.0,30.1,-97.85,220.9,71.4,46.9,42,9.1,202,18.9,0.0,98.89
2988682874,im so bad at cooldowns,2020-01-06T17:43:34Z,3.231,930,4.797,138.6,149.0,4.0,30.09,-97.86,40.9,71.2,46.1,41,8.2,197,156.1,0.0,92.72
2994600766,moon jog 🌝,2020-01-08T17:45:18Z,8.203,2259,4.59,140.6,162.0,21.0,29.94,-97.9,,67.5,46.5,47,14.7,159,,0.0,96.63
2997336941,sunset run 🌄,2020-01-09T17:39:37Z,4.837,1361,4.69,140.9,154.0,13.0,29.88,-97.93,,77.9,56.3,47,15.2,171,,0.0,95.67
3002065644,Purgatory Trail Race,2020-01-11T09:00:30Z,14.775,4515,5.093,159.0,181.0,162.7,29.87,-97.96,,44.3,32.4,63,12.2,319,,0.0,75.95
3012060435,Nice evening,2020-01-14T17:30:14Z,8.059,2334,4.827,142.2,165.0,15.0,29.94,-97.9,,73.8,67.4,80,5.8,180,,0.0,90.71
3014979033,loving the weather!,2020-01-15T17:25:30Z,8.081,2034,4.195,155.9,183.0,18.0,29.94,-97.9,,76.5,65.7,69,8.8,174,,0.0,95.86
3017890619,Run with Will,2020-01-16T17:27:57Z,8.564,2910,5.663,136.8,157.0,31.0,29.88,-97.93,,68.9,60.6,75,9.0,35,,0.0,80.32
3040258863,"Slow start, fast finish",2020-01-24T16:26:46Z,16.147,4238,4.374,158.4,178.0,115.7,30.14,-97.87,,63.0,37.4,39,3.2,98,,0.0,87.17
3046844940,can't beat this weather 🥰,2020-01-26T16:46:05Z,13.975,3906,4.658,150.0,166.0,55.0,29.9,-97.95,120.0,74.1,44.9,35,5.5,348,132.0,0.0,87.84
3049358354,a shoe with an identity crisis,2020-01-27T17:23:33Z,6.589,1719,4.348,144.9,177.0,10.0,29.94,-97.9,,70.1,51.9,52,9.7,154,,0.0,98.44
3055217120,Run with Will and Andrea,2020-01-29T17:35:21Z,7.924,2661,5.597,140.8,153.0,22.0,29.88,-97.92,270.0,60.4,37.7,43,7.4,3,93.0,0.0,77.28
3060374657,easy Friday miles,2020-01-31T16:23:17Z,8.388,2426,4.821,139.6,155.0,19.0,29.94,-97.9,270.0,59.1,35.2,41,6.9,327,57.0,0.0,90.41
3066463029,2020 Kenny does proper progressions,2020-02-02T12:27:11Z,10.177,2667,4.368,154.6,181.0,41.0,30.26,-97.69,90.0,67.7,34.2,29,6.5,221,131.0,0.0,90.13
3072476987,big wind,2020-02-04T17:35:53Z,4.846,1259,4.33,149.9,177.0,9.9,29.88,-97.93,,76.3,60.8,59,5.4,48,,0.2,95.61
3080743835,big ass moon,2020-02-07T17:00:57Z,12.426,3510,4.708,145.9,166.0,52.0,30.14,-97.87,,71.1,34.9,26,8.7,318,,0.0,89.22
3083785926,lazy day,2020-02-08T14:05:36Z,17.479,5173,4.933,142.5,157.0,39.0,29.9,-97.95,156.6,56.8,47.3,71,6.3,73,83.6,0.1,86.67
3087092775,Mr. Cone goes to the track,2020-02-09T17:34:57Z,6.518,1958,5.007,137.0,154.0,24.0,29.89,-97.94,180.0,70.6,66.3,86,12.6,155,25.0,0.2,91.82
3095113251,cold,2020-02-12T17:53:48Z,9.874,2836,4.787,142.3,159.0,11.0,29.94,-97.9,,61.5,46.1,57,6.4,306,,0.0,89.64
3102857776,gloomy,2020-02-15T12:59:43Z,9.661,2759,4.76,148.6,165.0,38.0,29.88,-97.93,,57.3,48.4,72,6.3,174,,0.0,86.21
3105946878,heights loop,2020-02-16T10:41:33Z,24.464,7045,4.799,147.8,171.0,135.0,29.53,-98.43,,58.1,56.8,96,4.6,259,,0.0,86.15
3126312419,"heights loop, but different",2020-02-23T11:23:29Z,24.189,7131,4.913,148.2,174.0,127.4,29.53,-98.43,,63.0,57.4,82,12.4,185,,0.0,85.57
3129450495,nice day,2020-02-24T17:28:28Z,5.288,1525,4.806,142.0,165.0,20.0,29.88,-97.93,,70.7,39.3,32,8.5,305,,0.0,89.99
3149101347,back at it,2020-03-02T17:19:08Z,8.072,2155,4.449,156.3,182.0,20.0,29.9,-97.95,111.0,75.2,61.3,62,7.7,210,99.0,0.0,89.62
3152187121,lazy hills day,2020-03-03T17:54:15Z,10.249,3183,5.176,139.4,160.0,98.0,29.87,-97.97,,74.8,61.2,63,8.8,71,,0.0,86.54
3157908441,searching the universe for my lost fitness,2020-03-05T18:40:13Z,4.84,1384,4.766,137.9,150.0,4.0,29.91,-97.9,,71.2,40.0,32,8.7,359,,0.0,93.54
3160234014,Texas Independence run 🤠,2020-03-06T16:05:41Z,13.234,3834,4.828,148.0,165.0,35.2,29.49,-97.45,,70.0,29.1,22,9.7,44,,0.0,85.62
3167118619,wandering around Georgetown,2020-03-08T15:23:16Z,21.143,6041,4.762,150.0,178.0,151.4,30.64,-97.67,,65.3,54.5,68,15.2,170,,0.2,87.71
3175730122,easing back in,2020-03-11T18:07:57Z,6.47,1844,4.75,148.4,166.0,13.0,29.91,-97.9,,79.7,61.6,54,8.2,189,,0.0,88.77
3178400527,just enjoyin' the weather,2020-03-12T17:55:17Z,8.068,2152,4.445,149.8,182.0,14.0,29.91,-97.9,220.9,83.9,62.7,49,12.0,189,31.9,0.0,95.04
3189823253,lil tempo,2020-03-16T18:28:17Z,4.904,1210,4.112,156.0,185.0,13.0,29.9,-97.95,120.0,76.0,60.5,59,9.0,150,30.0,0.0,97.41
3192814870,Love that post rain warm humidity 😎,2020-03-17T18:15:48Z,8.254,2305,4.654,145.1,164.0,20.3,29.91,-97.9,220.9,74.1,67.3,79,13.2,162,58.9,0.2,93.64
3195937766,lonely river ridge,2020-03-18T18:09:05Z,8.23,2355,4.769,141.8,169.0,9.0,29.91,-97.9,,81.8,65.1,57,13.1,173,,0.0,93.82
3198999653,quick hill loop,2020-03-19T18:35:32Z,5.209,1447,4.63,149.5,170.0,66.0,29.9,-97.95,,81.5,67.3,62,6.9,182,,0.0,90.59
3211482936,unmotivated,2020-03-23T17:36:33Z,5.272,1499,4.738,147.4,173.0,16.0,29.9,-97.95,90.0,79.2,64.4,60,10.8,186,96.0,0.0,90.21
3214956173,"some hills, some sun",2020-03-24T17:45:36Z,9.996,2950,4.919,153.6,172.0,60.0,29.9,-97.95,120.0,85.7,52.9,32,6.6,315,165.0,0.0,82.41
3218578630,nice day for a jog,2020-03-25T18:33:57Z,8.071,2162,4.464,157.4,184.0,44.9,29.9,-97.95,90.0,84.5,66.7,55,8.1,164,74.0,0.0,89.59
3218609408,lol,2020-03-25T19:17:44Z,1.622,485,4.984,160.0,173.0,24.0,29.9,-97.94,270.0,81.9,69.9,67,7.5,157,113.0,0.0,78.87
3222155401,chill hill jog,2020-03-26T18:24:07Z,8.148,2416,4.942,144.3,163.0,77.0,29.9,-97.95,,84.7,65.5,53,11.2,154,,0.0,88.8
3236689303,"good loop, easy run",2020-03-30T18:28:16Z,12.969,3855,4.954,151.6,183.0,102.0,29.9,-97.95,,72.0,71.4,98,8.3,177,,1.0,83.44
3240574762,enjoying the sunset 🌄,2020-03-31T18:48:00Z,8.068,2098,4.334,152.1,181.0,52.0,29.9,-97.98,,73.0,49.7,44,6.4,29,,0.0,93.48
3244469909,☀️☀️☀️ beautiful day,2020-04-01T18:34:38Z,12.006,3247,4.507,151.4,176.0,57.0,29.9,-97.95,139.1,74.3,51.2,44,8.9,143,3.9,0.0,90.93
3247810887,rain run 😅,2020-04-02T15:55:05Z,6.819,1935,4.73,139.8,165.0,96.0,29.9,-97.95,,69.3,68.8,98,10.0,156,,1.2,94.81
3250490116,Last mile and a half or so fueled by a rant I want to make,2020-04-03T11:14:54Z,6.777,1868,4.594,146.7,176.0,93.3,29.9,-97.95,,70.8,69.2,95,8.9,143,,0.4,92.91
3256043477,memories of Oregon winter on this bleak rainy day 🌧️,2020-04-04T17:58:31Z,7.423,2068,4.643,150.1,162.0,99.0,29.9,-97.95,,54.0,53.6,98,8.9,12,,0.4,88.06
3260877586,my watch screwed me 😠😭,2020-04-05T12:51:52Z,24.813,7065,4.745,151.1,179.0,82.3,29.39,-98.43,,63.9,56.5,77,8.9,58,,0.0,86.27
3269223902,amazing weather for new shoe day,2020-04-07T18:53:56Z,11.775,3340,4.727,149.3,167.0,42.0,29.9,-97.95,90.0,82.5,68.3,62,8.0,193,103.0,0.0,89.16
3273556924,soupy,2020-04-08T18:16:26Z,10.438,2935,4.687,150.8,168.0,70.0,29.9,-97.95,180.0,85.3,72.3,65,8.5,168,12.0,0.0,89.51
3277114854,that's some thick air 🔥,2020-04-09T14:51:15Z,7.114,2102,4.925,141.6,171.0,71.8,29.9,-97.95,,74.9,69.2,82,13.2,355,,2.5,90.84
3282132693,new shoe day again,2020-04-10T18:29:27Z,13.132,3656,4.64,141.7,159.0,43.6,29.9,-97.95,139.1,73.1,57.6,58,8.2,99,40.1,0.0,94.55
3286896924,big meh,2020-04-11T18:36:03Z,6.453,1810,4.675,138.7,156.0,34.0,29.9,-97.95,196.1,77.1,69.3,77,12.6,163,33.1,0.2,97.71
3300017607,lil' tempo for #newshoeday,2020-04-14T17:34:14Z,6.47,1622,4.178,149.5,176.0,38.3,29.9,-97.95,180.0,62.5,42.5,48,11.9,23,157.0,0.0,98.71
3305077790,🎉 11 year vegan-iversary🎈,2020-04-15T18:09:55Z,17.706,4878,4.592,148.1,167.0,73.0,29.9,-97.95,90.0,64.5,43.4,46,4.5,99,9.0,0.0,89.46
3309820706,Run with Andrea and Will,2020-04-16T17:20:46Z,14.159,4552,5.358,129.7,165.0,127.0,29.9,-97.95,180.0,76.0,50.8,41,11.5,162,18.0,0.0,89.85
3313971493,ignore this one,2020-04-17T18:27:11Z,2.909,871,4.99,137.3,151.0,18.0,29.9,-97.95,220.9,72.3,68.7,88,9.5,352,131.1,1.0,91.57
3313971972,SHART,2020-04-17T18:42:05Z,4.306,1288,4.985,143.1,158.0,62.0,29.88,-97.97,40.9,72.3,68.7,88,9.5,352,48.9,1.0,87.95
3313972354,ignore this one too,2020-04-17T19:04:08Z,2.222,638,4.786,152.0,161.0,36.0,29.89,-97.96,40.9,59.3,58.1,96,12.3,350,50.9,1.1,85.47
3323308662,the warmth is back,2020-04-19T12:13:46Z,16.513,4768,4.812,147.3,171.0,143.3,29.5,-98.54,,77.6,68.5,74,12.6,264,,0.0,89.36
3328739592,lil' bit,2020-04-20T18:52:21Z,8.09,2113,4.353,148.8,175.0,47.0,29.9,-97.95,139.1,83.0,61.0,47,6.5,153,13.9,0.0,96.43
3328828715,cool down sorta,2020-04-20T19:38:28Z,5.125,1624,5.281,145.5,172.0,66.6,29.89,-97.94,319.1,82.6,64.9,55,6.0,135,175.9,0.0,81.38
3333801183,just chipping away at the mileage,2020-04-21T18:33:08Z,12.906,3675,4.746,145.8,175.0,66.0,29.9,-97.95,139.1,81.8,65.5,58,10.9,134,5.1,0.0,91.29
3338855505,running inside of a cloud,2020-04-22T17:52:18Z,19.667,6337,5.37,132.0,171.0,85.4,29.9,-97.95,,85.2,71.2,63,7.3,225,,0.0,88.95
3343879838,just running to make my dog proud of me,2020-04-23T18:43:26Z,16.721,4841,4.825,140.5,168.0,112.0,29.9,-97.95,,82.3,51.4,34,5.8,67,,0.0,91.41
3368605457,it was chill until the last mile and a half 🆙,2020-04-28T18:17:54Z,13.859,3845,4.624,148.5,175.0,120.5,29.9,-97.95,,89.0,66.7,48,9.9,147,,0.0,92.29
3373438258,just flowing,2020-04-29T18:38:13Z,23.144,6596,4.75,145.3,167.0,74.0,29.88,-97.94,,81.8,37.6,21,10.0,10,,0.0,89.77
3377602151,pushing it on the hills,2020-04-30T18:15:02Z,14.646,3884,4.42,148.4,171.0,265.7,29.88,-97.95,,81.5,48.2,31,6.9,155,,0.0,94.46
3399407044,inching closer to that 100° day ☀️,2020-05-04T18:40:14Z,9.439,2643,4.667,143.1,175.0,90.3,29.9,-97.95,,94.2,57.8,30,11.3,165,,0.0,94.95
3404940057,feelin' heavy today,2020-05-05T18:36:59Z,9.749,2828,4.835,133.6,149.0,42.0,29.9,-97.95,180.0,78.2,62.5,59,11.8,19,161.0,1.0,97.58
3410699061,sunny easy,2020-05-06T17:49:39Z,9.13,2599,4.745,140.4,158.0,58.0,29.9,-97.95,180.0,81.4,48.2,31,8.8,74,106.0,0.0,93.37
3432489688,breezy ☀️,2020-05-10T17:24:01Z,21.352,5948,4.643,146.8,165.0,75.0,29.9,-97.95,139.1,78.0,45.2,31,7.2,85,54.1,0.0,90.6
3436946030,great weather this evening ☀️,2020-05-11T18:33:03Z,6.515,1802,4.61,143.6,155.0,18.8,30.1,-97.85,270.0,80.4,59.2,48,11.5,153,117.0,0.0,95.08
3442185701,downpour,2020-05-12T18:04:15Z,5.043,1216,4.019,150.0,171.0,15.0,29.91,-97.9,270.0,72.2,69.1,90,5.6,164,106.0,0.4,103.24
3447472317,swamp conditions,2020-05-13T18:32:50Z,9.702,2768,4.755,143.7,159.0,35.0,30.1,-97.85,,82.6,67.5,60,11.2,147,,0.0,92.67
3452555711,"exploring the Onion Creek ""ruins""",2020-05-14T17:59:22Z,8.091,2402,4.948,141.4,160.0,9.0,30.17,-97.75,,83.6,71.4,67,8.6,160,,0.1,90.29
3457525838,Run with Andrea and Will,2020-05-15T19:25:32Z,6.515,2194,5.613,127.9,146.0,24.0,29.9,-97.95,156.6,71.3,68.3,90,4.5,323,166.4,0.7,86.41
3474487280,sup Casey,2020-05-18T19:27:01Z,6.035,1631,4.504,146.0,179.0,28.0,29.9,-97.95,,87.2,65.7,49,5.4,189,,0.0,95.29
3479998527,why did I run here,2020-05-19T18:50:50Z,5.521,1637,4.942,135.9,157.0,46.3,29.99,-97.89,,93.4,68.5,44,8.2,163,,0.0,94.39
3485452092,a good day,2020-05-20T18:49:20Z,8.585,2424,4.706,147.1,164.0,13.0,29.95,-97.9,,94.1,66.1,40,9.7,140,,0.0,91.77
3491135022,it's humid,2020-05-21T18:35:24Z,8.208,2336,4.743,144.1,164.0,14.0,29.95,-97.9,,83.2,70.2,65,8.4,169,,0.0,92.29
3495511618,warm up,2020-05-22T17:09:37Z,1.611,452,4.678,145.9,156.0,5.0,30.1,-97.88,,90.8,67.2,46,10.3,176,,0.0,93.07
3495668568,"10x800 ""Yasso"" workout",2020-05-22T17:19:12Z,8.242,1880,3.801,164.8,183.0,2.8,30.1,-97.88,,90.8,67.2,46,10.3,176,,0.0,101.39
3512173064,my progressions are less shitty than they used to be,2020-05-25T18:52:12Z,9.699,2579,4.432,149.2,179.0,38.0,29.9,-97.95,90.0,80.3,64.2,58,2.6,59,31.0,0.1,93.73
3517584838,"easy day, nice weather",2020-05-26T18:56:54Z,6.599,1899,4.796,138.4,149.0,3.0,29.95,-97.9,,80.6,60.9,51,3.8,201,,0.1,93.43
3523104847,meh,2020-05-27T18:28:59Z,8.36,2505,4.994,132.2,141.0,24.4,30.17,-97.74,,74.0,66.4,77,11.8,112,,0.0,95.44
3528308051,Felt easy! Didn't get zapped ⚡,2020-05-28T18:15:23Z,8.748,2369,4.514,143.7,162.0,20.0,29.95,-97.9,,81.9,69.9,67,7.7,73,,0.0,97.02
3533020737,run streak June...?,2020-05-29T17:58:27Z,9.671,2740,4.722,140.9,159.0,21.0,30.17,-97.74,,84.0,60.4,45,14.6,25,,0.0,95.52
3543233454,big humid,2020-05-31T11:44:32Z,6.535,1730,4.412,152.3,169.0,26.3,30.25,-97.72,291.1,78.8,69.1,72,6.8,58,126.9,0.1,93.24
3550108477,Just a lil' jog,2020-06-01T18:19:41Z,10.714,3149,4.899,133.6,146.0,13.0,30.17,-97.74,,75.7,71.8,88,7.1,118,,0.4,95.77
3555690258,strong mile to finish,2020-06-02T19:03:19Z,11.363,3098,4.544,141.9,179.0,102.0,29.87,-97.97,180.0,80.1,72.7,78,3.2,115,65.0,0.1,96.74
3560687384,easy/humid one for Global Running Day,2020-06-03T18:23:41Z,6.446,1820,4.706,141.1,158.0,10.0,29.88,-97.93,,81.9,71.7,71,6.7,150,,0.3,94.68
3565468248,zoned out run,2020-06-04T18:51:23Z,8.307,2365,4.745,143.4,162.0,75.3,29.87,-97.97,,89.5,66.3,46,7.1,169,,0.0,92.6
3573598726,🥴🥴,2020-06-06T11:28:02Z,11.315,3089,4.55,160.8,173.0,51.5,29.56,-98.52,319.0,87.7,67.3,51,3.0,117,158.0,0.0,85.33
3585319593,MORE HEAT,2020-06-08T18:17:02Z,6.452,1756,4.536,146.8,173.0,33.0,30.03,-97.89,,98.5,63.3,32,4.5,189,,0.0,94.46
3590843712,1 mile time trial w/ SMTX Road Runners group,2020-06-09T19:23:39Z,1.637,316,3.217,128.5,139.0,0.0,29.82,-97.95,,83.4,76.6,80,6.0,347,,0.0,152.46
3604964937,no motivation,2020-06-12T17:33:44Z,9.683,2771,4.77,148.0,166.0,58.0,30.14,-97.87,,89.2,51.9,28,9.6,65,,0.0,88.9
3616494179,slumping,2020-06-14T18:50:53Z,8.165,2250,4.593,145.7,166.0,32.9,29.9,-97.95,139.1,87.3,56.8,36,6.9,88,51.1,0.0,93.42
3621291994,🤷‍♂️,2020-06-15T18:58:05Z,8.448,2393,4.721,139.3,156.0,19.0,29.95,-97.9,,88.4,66.3,48,8.8,150,,0.0,96.08
3626700199,Trail 8x400 with San Marcos Roadrunners,2020-06-16T19:03:01Z,5.898,1444,4.08,138.9,166.0,46.0,29.88,-97.98,,88.8,57.7,35,10.1,143,,0.0,111.21
3636317236,warm & windy,2020-06-18T18:34:21Z,8.21,2200,4.466,159.2,177.0,29.6,29.88,-97.94,,88.3,67.0,49,10.0,163,,0.0,89.13
3656370740,thick air,2020-06-22T18:58:12Z,8.081,2333,4.811,147.6,171.0,41.0,29.9,-97.95,,87.4,70.1,56,10.0,160,,0.0,89.36
3661782500,"waddling, oops",2020-06-23T19:05:08Z,8.622,2443,4.722,149.0,188.0,92.0,29.89,-97.95,60.0,87.4,66.9,51,6.7,339,81.0,1.4,89.38
3666900924,one day it's just going to click again,2020-06-24T19:00:13Z,8.076,2280,4.705,144.6,160.0,8.0,29.95,-97.9,,84.7,67.5,56,8.7,44,,0.0,92.7
3671730414,enjoying the breeze,2020-06-25T18:46:26Z,9.192,2599,4.713,148.8,173.0,72.0,29.87,-97.97,,83.8,72.1,68,10.3,138,,0.5,90.46
3676133269,starting to feel easy again,2020-06-26T19:41:22Z,6.585,1876,4.748,138.4,156.0,34.0,29.9,-97.95,120.0,80.1,70.0,71,9.2,173,53.0,0.0,95.96
3679587777,not fun,2020-06-27T11:25:09Z,8.796,2494,4.726,148.0,164.0,12.0,29.52,-98.43,139.0,84.0,70.6,64,13.1,172,33.0,0.1,91.16
3690516305,heatmapping suburbia,2020-06-29T18:14:22Z,8.19,2323,4.727,141.6,161.0,25.7,30.1,-97.85,,88.3,71.2,57,15.0,163,,0.0,95.94
3700457899,suburbia and the hot dust cloud,2020-07-01T18:22:11Z,8.155,2322,4.746,144.3,165.0,26.0,30.09,-97.85,,93.5,69.3,45,10.5,178,,0.0,93.08
3705495940,More dust,2020-07-02T19:37:36Z,5.04,1424,4.709,141.2,158.0,17.0,29.9,-97.95,120.0,91.3,68.2,47,7.2,144,24.0,0.0,94.99
3709890552,Full moon run,2020-07-03T20:57:26Z,5.036,1405,4.65,144.3,165.0,23.0,29.9,-97.95,90.0,89.1,68.1,50,5.2,130,40.0,0.0,93.61
3714849907,Run streak July,2020-07-04T20:13:37Z,6.646,1826,4.579,141.6,162.0,34.2,29.9,-97.95,139.1,90.3,61.3,38,6.5,136,3.1,0.0,96.79
3720023113,easy lazy,2020-07-05T19:35:11Z,6.478,1868,4.806,139.5,155.0,35.5,29.9,-97.95,139.1,94.4,63.8,37,7.8,134,5.1,0.0,94.25
3724677810,Westover hills,2020-07-06T19:51:34Z,8.187,2323,4.729,145.5,171.0,79.0,29.9,-97.95,180.0,91.8,67.7,45,7.9,148,32.0,0.0,91.94
3729635891,Willow Creek hill loop,2020-07-07T18:56:57Z,8.889,2536,4.755,147.3,168.0,88.1,29.87,-97.97,,92.2,70.2,49,3.8,216,,0.0,89.7
3734313635,starting off easy!,2020-07-08T18:56:26Z,5.057,1438,4.739,149.2,166.0,40.3,30.29,-97.75,180.0,97.8,64.3,34,8.7,179,1.0,0.0,89.76
3738977460,just run it out,2020-07-09T18:13:12Z,10.239,3105,5.054,146.7,171.0,41.2,29.99,-97.86,,96.3,67.5,39,15.0,153,,0.0,86.86
3743543745,Easy day,2020-07-10T20:34:56Z,4.863,1413,4.842,140.0,151.0,9.0,29.88,-97.94,,93.3,71.9,50,10.4,147,,0.0,94.15
3748763008,Run to Will's,2020-07-11T20:34:31Z,5.61,1672,4.968,128.7,144.0,18.0,29.9,-97.95,139.1,94.3,67.6,42,5.3,144,4.9,0.0,98.55
3754101308,Embrace the heat ☀️,2020-07-12T19:45:59Z,5.505,1535,4.647,150.6,164.0,12.0,29.9,-97.95,120.0,98.0,63.0,32,5.6,178,58.0,0.0,90.03
3768801697,"running, injured or not",2020-07-15T19:15:26Z,10.009,2975,4.954,143.5,160.0,27.0,29.9,-97.95,120.0,95.8,61.2,32,10.4,149,29.0,0.0,89.32
3773439426,perfect Texas summer evening,2020-07-16T18:47:04Z,8.54,2499,4.877,143.7,162.0,78.3,29.87,-97.97,180.0,94.9,62.9,35,10.4,165,15.0,0.0,90.64
3777661925,Is this a cold front 🤔,2020-07-17T18:17:06Z,8.101,2280,4.691,147.1,172.0,14.0,30.17,-97.74,270.0,93.6,67.5,43,16.3,117,153.0,0.0,93.43
3781863806,Acequia/River trail,2020-07-18T12:21:28Z,13.037,3829,4.895,152.0,174.0,44.0,29.32,-98.45,,89.8,66.7,47,5.8,152,,0.2,84.48
3787498827,Acequia trail part 2,2020-07-19T13:29:16Z,9.921,2840,4.771,146.3,166.0,44.1,29.33,-98.46,,93.6,64.8,39,4.9,106,,0.0,89.99
3798633536,Lazy,2020-07-21T20:08:07Z,5.121,1471,4.787,141.4,161.0,68.9,29.9,-97.95,180.0,86.8,71.4,60,5.8,90,90.0,0.0,92.96
3803276577,big humid,2020-07-22T17:43:43Z,10.102,2988,4.93,144.9,163.0,72.6,30.16,-97.81,220.9,89.5,71.9,56,5.4,114,106.9,0.0,88.2
3806648245,Couple laps at Searight and some neighborhood heatmapping,2020-07-23T18:22:02Z,11.365,3224,4.728,150.3,172.0,77.7,30.16,-97.81,,96.0,65.7,37,9.7,95,,0.0,89.48
3809588212,Walnut,2020-07-24T16:52:01Z,11.407,3241,4.736,146.9,177.0,103.4,30.41,-97.72,,98.3,68.1,38,16.6,55,,0.0,93.05
3813179241,New shoe day 🙌,2020-07-25T18:57:27Z,5.056,1510,4.978,135.9,152.0,22.0,29.4,-98.49,,85.5,71.8,64,19.7,64,,0.1,95.76
3817144054,easy Live Oak loop,2020-07-26T19:53:19Z,5.547,1631,4.9,138.4,154.0,45.3,29.54,-98.33,,87.4,69.7,56,9.5,117,,0.3,93.44
3830697064,just wanderin',2020-07-28T19:33:06Z,16.352,4606,4.695,146.5,169.0,78.2,29.9,-97.95,139.1,84.7,74.9,73,9.0,136,3.1,0.0,92.2
3836054605,more flat,2020-07-29T18:48:20Z,11.32,3276,4.823,142.5,160.0,25.5,29.88,-97.93,180.0,87.0,72.4,62,10.8,187,7.0,0.0,92.59
3840946145,easy breezy,2020-07-30T18:35:50Z,5.34,1562,4.875,138.0,153.0,7.0,29.88,-97.93,270.0,90.1,70.9,53,11.0,181,89.0,0.1,94.73
3850892960,Hello Røger,2020-08-01T20:00:01Z,10.145,2868,4.712,144.8,177.0,107.4,29.9,-97.95,,83.3,71.2,67,7.1,152,,0.0,92.27
3856238985,lil' bit,2020-08-02T19:13:45Z,6.54,1806,4.602,143.9,159.0,53.1,29.9,-97.95,120.0,88.5,70.9,56,7.0,149,29.0,0.0,95.33
3856239717,cooldown,2020-08-02T19:54:11Z,2.209,671,5.063,145.4,154.0,21.0,29.9,-97.93,270.0,89.2,71.0,55,5.7,138,132.0,0.0,85.57
3860769023,easy rainy,2020-08-03T18:38:46Z,8.927,2654,4.955,135.0,158.0,60.9,29.9,-97.95,139.1,95.4,62.9,34,5.4,92,47.1,0.0,94.0
3865951837,deep in summer,2020-08-04T19:26:38Z,8.057,2323,4.805,143.0,170.0,38.0,29.9,-97.95,90.0,92.1,65.5,42,6.0,178,88.0,0.0,91.58
3875798903,"That hot, windy, dry mood",2020-08-06T18:31:08Z,6.452,1861,4.807,145.4,159.0,8.0,29.88,-97.94,90.0,97.6,60.8,30,11.1,158,68.0,0.0,91.05
3890529697,Easy week this week,2020-08-09T19:44:15Z,8.101,2267,4.664,147.2,162.0,58.0,29.55,-98.33,180.0,94.6,63.9,36,12.8,164,16.0,0.0,93.04
3895110424,I fell asleep on the couch and napped for 2 hours,2020-08-10T19:47:04Z,5.021,1468,4.873,137.6,156.0,21.0,29.9,-97.95,90.0,91.3,67.2,45,12.6,155,65.0,0.0,95.22
3904871908,Only a little hot 😅,2020-08-12T18:41:04Z,8.323,2425,4.856,150.1,172.0,12.0,29.87,-97.93,0.0,101.5,61.2,27,8.1,182,178.0,0.0,87.0
3909796148,Feelin' good ☀️,2020-08-13T20:04:30Z,6.611,1815,4.576,149.6,172.0,26.0,29.88,-97.94,139.1,95.7,62.2,33,7.9,160,20.9,0.0,92.31
3913929329,Got Ty out for some easy miles,2020-08-14T18:41:48Z,9.565,2770,4.827,153.3,177.0,90.6,29.9,-97.95,,101.2,57.6,24,7.2,187,,0.0,85.32
3924065765,sun soak,2020-08-16T18:09:34Z,8.306,2401,4.818,144.6,162.0,35.7,29.42,-98.49,180.0,101.6,58.9,25,8.3,104,76.0,0.0,90.93
3928553019,chilly 🥶,2020-08-17T18:43:56Z,8.845,2555,4.815,143.1,169.0,59.0,30.02,-97.88,,95.1,59.8,31,5.1,29,,0.0,91.01
3933626348,more easy miles,2020-08-18T18:35:55Z,10.037,2999,4.98,142.1,166.0,71.9,30.01,-97.89,40.9,97.2,59.4,29,6.0,42,1.1,0.0,88.88
3938413077,feelin' fresh,2020-08-19T18:31:04Z,13.013,3603,4.615,150.3,168.0,26.0,30.0,-97.86,180.0,97.9,40.6,14,12.6,39,141.0,0.0,90.9
3943038250,Mountain City?,2020-08-20T17:59:05Z,8.097,2360,4.858,136.4,158.0,73.8,30.03,-97.89,,96.1,49.5,21,7.0,42,,0.0,94.46
3947090634,no place like Texas,2020-08-21T18:05:48Z,6.555,1985,5.047,134.8,157.0,63.9,30.0,-98.09,,94.6,58.6,30,3.3,106,,0.0,91.72
3952050685,couple miles before dark,2020-08-22T20:10:43Z,3.919,1099,4.674,145.4,163.0,34.0,29.9,-97.95,,84.1,63.0,49,3.9,114,,0.0,91.59
3966030012,junk miles,2020-08-25T18:02:56Z,4.877,1477,5.048,136.9,148.0,10.5,30.17,-97.74,0.0,95.6,60.0,31,9.7,50,50.0,0.0,91.66
3971037574,big meh,2020-08-26T18:55:51Z,8.066,2328,4.81,145.4,167.0,35.0,30.2,-97.89,,88.9,71.5,57,9.2,77,,0.0,90.74
3975698337,some loops,2020-08-27T19:24:28Z,9.723,2756,4.724,149.7,175.0,47.9,29.9,-97.95,,92.6,67.6,44,3.6,86,,0.0,88.68
3979753247,got Casey to put some running shoes on,2020-08-28T19:24:02Z,4.846,1435,4.936,138.3,165.0,50.2,29.9,-97.95,232.4,97.9,65.4,35,6.8,134,98.4,0.0,92.68
3979782063,upper Purg loop attempt & ran into Curtis,2020-08-28T19:51:44Z,5.463,1534,4.68,154.8,179.0,61.1,29.88,-97.98,52.4,97.9,65.4,35,6.8,134,81.6,0.0,87.33
3984390163,lazy today,2020-08-29T19:35:53Z,6.499,1928,4.944,134.7,157.0,51.4,29.9,-97.95,139.1,97.2,63.2,33,7.6,118,21.1,0.0,94.97
3989016970,hot hilly,2020-08-30T16:36:00Z,6.571,1905,4.832,143.7,170.0,72.8,30.27,-97.74,319.2,100.0,64.2,31,9.7,171,148.2,0.0,91.73
3989382195,couple more to hit my weekly,2020-08-30T19:47:58Z,3.421,1020,4.97,139.1,158.0,40.6,29.9,-97.95,,95.3,66.4,39,11.7,144,,0.0,92.37
3993800097,enjoying the weather,2020-08-31T18:51:38Z,5.024,1484,4.923,131.2,153.0,4.0,29.9,-97.95,120.0,90.6,74.2,59,13.2,159,39.0,0.0,99.37
3998677911,beautiful evening,2020-09-01T18:25:38Z,9.816,2864,4.863,147.9,170.0,65.2,30.2,-97.89,90.0,90.1,74.8,61,13.9,154,64.0,0.1,89.39
4003448630,some hills today,2020-09-02T17:53:28Z,16.221,4588,4.714,149.1,172.0,185.5,29.9,-97.95,,87.4,73.4,63,3.4,143,,0.0,89.22
4008078814,lil' rain run,2020-09-03T18:39:36Z,5.005,1508,5.022,136.1,152.0,70.1,29.9,-97.95,,87.4,71.0,58,7.2,92,,0.0,92.36
4017802247,tempo with mile effort to finish,2020-09-05T18:17:05Z,8.145,2111,4.32,148.3,181.0,33.0,29.56,-98.63,180.0,79.8,71.1,75,7.2,64,116.0,0.0,98.07
4023228386,an interesting run,2020-09-06T18:07:22Z,8.109,2379,4.89,140.0,171.0,73.0,29.89,-97.97,,83.1,72.4,70,4.7,329,,0.0,91.56
4032286497,rained out and now I gotta go home and get dry shoes 😔,2020-09-08T17:56:03Z,1.31,399,5.077,127.6,142.0,2.0,30.1,-97.85,,83.5,71.7,68,12.0,132,,0.0,98.22
4032583554,heat mapping,2020-09-08T18:58:54Z,8.151,2275,4.652,141.9,161.0,91.6,29.89,-97.97,,83.3,71.8,68,9.3,132,,0.0,95.85
4037286512,yo this dreary stuff is 👎,2020-09-09T18:35:20Z,9.677,2774,4.778,139.8,161.0,33.7,30.1,-97.85,,79.1,75.8,90,5.2,133,,0.9,93.9
4041937569,lil' ripper 🤷🏼,2020-09-10T17:50:12Z,21.36,5757,4.492,149.5,174.0,114.3,30.16,-97.87,180.0,67.2,63.6,88,9.0,346,166.0,0.3,92.73
4051044293,New shoe day,2020-09-12T18:47:39Z,6.525,1932,4.935,137.2,152.0,27.0,29.95,-97.9,,85.1,69.7,60,6.8,38,,0.1,92.94
4056580022,checking out the new Westside trail connection,2020-09-13T18:42:11Z,9.749,2811,4.806,142.5,158.0,34.0,29.43,-98.54,,85.7,72.8,65,7.2,26,,0.3,92.18
4061045936,quick little hill rip,2020-09-14T19:12:25Z,4.862,1365,4.679,137.4,163.0,65.2,29.9,-97.95,,82.6,69.3,64,8.2,35,,0.0,97.99
4065991190,legs felt like bricks but vibe was good,2020-09-15T18:11:17Z,9.665,2728,4.704,142.3,159.0,54.0,30.14,-97.87,,84.5,69.4,61,9.7,9,,0.0,94.52
4075514285,flopped around,2020-09-17T18:22:12Z,8.08,2362,4.872,133.3,147.0,14.0,29.95,-97.9,,81.2,68.8,66,11.2,26,,0.2,97.49
4079829177,progression,2020-09-18T19:34:47Z,8.095,2078,4.278,153.7,182.0,41.0,29.9,-97.94,,82.3,59.9,47,11.8,19,,0.0,95.94
4084803694,recovery,2020-09-19T19:23:49Z,4.86,1450,4.973,135.6,148.0,27.0,29.9,-97.95,,78.0,57.7,50,10.0,27,,0.0,92.82
4089610249,11 @ marathon goal pace,2020-09-20T12:40:26Z,17.986,4765,4.415,155.8,178.0,70.0,29.61,-98.59,201.1,77.2,53.9,44,10.0,17,175.9,0.0,90.73
4089610597,cool down,2020-09-20T14:11:20Z,3.31,1019,5.131,148.4,159.0,6.0,29.51,-98.63,180.0,83.0,52.2,34,11.6,15,165.0,0.0,82.45
4099436386,heat mapping,2020-09-22T18:05:38Z,11.317,3391,4.994,131.2,146.0,66.1,29.97,-97.86,,75.6,67.0,75,15.7,358,,0.0,97.1
4103964084,Leisurewoods heatmap,2020-09-23T17:50:25Z,12.89,3829,4.951,134.8,153.0,94.2,30.11,-97.87,,78.6,64.7,62,9.0,7,,0.0,94.04
4108390299,at least there was a nice sunset,2020-09-24T18:28:19Z,9.689,2690,4.627,143.0,162.0,55.1,30.04,-97.82,,80.3,61.8,53,6.7,21,,0.0,94.33
4112124134,lazy,2020-09-25T18:11:42Z,6.554,1874,4.766,135.8,153.0,32.5,29.9,-97.95,120.0,82.7,63.6,53,5.4,150,30.0,0.0,96.43
4125716385,🤪,2020-09-28T17:37:14Z,5.524,1473,4.444,145.6,183.0,11.0,30.1,-97.86,90.0,75.0,43.1,32,16.7,18,72.0,0.0,97.02
4130621729,🏃🌞☺️,2020-09-29T17:51:13Z,16.153,4380,4.519,148.5,174.0,33.0,29.98,-97.84,,79.1,34.0,20,4.2,335,,0.0,90.88
4139389657,ragweed,2020-10-01T17:43:36Z,11.304,3288,4.848,137.4,154.0,71.8,30.11,-97.85,,85.4,46.6,26,6.0,51,,0.0,92.98
4143039066,not feeling it,2020-10-02T17:57:00Z,4.848,1343,4.617,140.2,160.0,42.4,30.11,-97.85,270.0,80.2,44.9,29,5.1,88,178.0,0.0,95.1
4147528724,all the sun,2020-10-03T16:18:17Z,22.552,6319,4.67,155.4,174.0,55.0,29.39,-98.43,,87.5,54.1,32,8.7,157,,0.0,86.33
4152634421,Easy to finish the week off,2020-10-04T19:07:41Z,5.437,1635,5.012,135.9,152.0,26.0,29.54,-98.33,,81.9,58.5,45,4.1,99,,0.0,91.04
4156588628,forcing a recovery run,2020-10-05T18:34:42Z,6.535,1970,5.025,126.7,137.0,12.0,29.95,-97.9,,84.5,58.7,42,3.6,150,,0.0,97.48
4161209502,short progression,2020-10-06T18:44:51Z,6.549,1835,4.67,136.6,161.0,14.0,29.95,-97.9,,85.6,60.2,42,3.6,68,,0.0,97.43
4165685185,progression,2020-10-07T18:32:06Z,8.143,2239,4.583,140.8,173.0,13.0,29.95,-97.9,,86.1,51.7,31,7.3,63,,0.0,96.59
4169862394,"3 easy, 1 @ 5k rp",2020-10-08T18:12:16Z,6.482,1720,4.422,144.6,181.0,18.0,29.95,-97.9,180.0,81.7,68.0,63,10.3,92,88.0,0.0,98.81
4169862656,cool down,2020-10-08T18:42:05Z,1.627,480,4.918,145.6,153.0,1.0,29.94,-97.9,0.0,81.7,68.0,63,10.3,92,92.0,0.0,88.25
4173373406,Slaughter Creek,2020-10-09T15:48:28Z,8.367,2497,4.974,151.1,172.0,52.0,30.21,-97.91,,86.1,67.6,54,10.7,11,,0.0,84.36
4191822358,meh,2020-10-13T18:05:17Z,9.677,2889,4.976,134.6,156.0,21.0,29.95,-97.9,,85.6,52.6,32,4.9,30,,0.0,92.62
4196267394,talk about beautiful weather 😍,2020-10-14T18:32:20Z,6.459,1792,4.624,143.7,173.0,17.0,29.95,-97.9,,88.2,62.4,42,9.5,189,,0.0,94.98
4200428277,not feeling it today,2020-10-15T18:43:36Z,4.846,1412,4.856,131.5,143.0,3.0,29.95,-97.9,,87.9,64.0,45,4.0,357,,0.0,97.78
4204080550,a life lesson I've learned from running,2020-10-16T17:46:53Z,11.298,3166,4.67,140.9,164.0,136.0,29.87,-97.97,,72.9,35.5,26,10.3,56,,0.0,93.58
4208854313,slumping,2020-10-17T18:41:53Z,6.522,1705,4.357,152.7,181.0,33.3,29.9,-97.95,,79.9,63.8,58,11.4,178,,0.0,94.83
4214156818,dragging it along,2020-10-18T18:29:39Z,9.674,2823,4.864,141.3,168.0,85.1,29.9,-97.95,90.0,86.1,62.0,45,10.2,170,80.0,0.0,91.83
4217960912,new river trail connection finally open,2020-10-19T18:24:00Z,4.993,1370,4.573,146.1,168.0,17.0,29.88,-97.93,,83.7,69.0,61,11.7,148,,0.0,95.03
4226652922,feeling back to normal,2020-10-21T18:33:33Z,9.671,2772,4.777,145.0,163.0,16.0,29.95,-97.9,,84.3,61.4,46,11.4,130,,0.0,91.2
4230935236,"warm, windy, hilly",2020-10-22T18:22:47Z,11.28,3296,4.87,143.6,167.0,81.0,30.01,-97.88,,83.6,65.5,55,9.2,157,,0.0,90.11
4238119489,dreary jog,2020-10-24T10:49:53Z,19.377,5527,4.754,146.9,164.0,62.0,29.52,-98.43,180.0,58.4,42.5,56,7.2,4,176.0,0.0,87.22
4244199620,easy mode,2020-10-25T17:32:24Z,5.165,1609,5.192,136.3,152.0,17.0,29.71,-98.13,90.0,83.6,64.0,52,12.2,186,96.0,0.0,89.53
4248123446,cold front!,2020-10-26T17:57:09Z,16.47,5848,5.918,140.7,170.0,168.2,29.88,-97.94,,60.3,53.3,78,15.9,2,,0.2,75.06
4263183059,Hot Wells/Acequia/Espada loop,2020-10-30T11:39:22Z,16.469,4789,4.847,157.2,175.0,79.4,29.37,-98.47,,57.5,40.0,52,5.0,69,,0.0,79.55
4282862648,Afternoon Run,2020-11-03T17:08:59Z,6.78,2056,5.054,136.7,157.0,29.0,29.9,-97.95,,73.0,33.6,24,5.7,169,,0.0,88.2
4287527161,Up and down,2020-11-04T17:34:08Z,8.499,2338,4.585,149.8,182.0,72.1,30.08,-97.81,,77.0,48.9,37,11.2,178,,0.0,90.8
4292020740,few quick miles before my commission meeting,2020-11-05T16:42:26Z,8.196,2337,4.752,150.7,178.0,55.0,30.09,-97.84,,78.3,55.8,46,7.8,183,,0.0,86.91
4299190625,easy flat,2020-11-06T17:00:36Z,6.604,2041,5.151,131.5,150.0,20.8,29.86,-97.95,,74.8,58.0,56,3.2,124,,0.0,90.96
4304809596,enjoying the warmth,2020-11-07T16:26:18Z,13.299,3877,4.859,150.2,173.0,19.6,29.9,-97.95,90.0,77.7,51.6,40,5.7,154,64.0,0.0,84.67
4315142046,would be nice to jump in this pool rn,2020-11-09T17:20:18Z,9.667,2869,4.947,143.2,167.0,24.0,30.09,-97.85,,81.9,58.6,45,11.1,170,,0.0,88.83
4320063290,Progression,2020-11-10T17:42:05Z,6.446,1736,4.489,148.2,175.0,34.0,30.01,-97.89,0.0,73.3,50.4,44,10.2,8,8.0,0.0,93.43
4325024927,San Marcos running friends...?,2020-11-11T16:48:45Z,16.13,4617,4.771,149.7,169.0,85.1,29.81,-97.99,,79.0,55.4,44,4.7,55,,0.0,86.61
4333632331,progression,2020-11-13T16:41:40Z,11.282,3120,4.609,147.1,179.0,73.6,30.14,-97.87,139.1,77.4,62.2,59,4.9,156,16.9,0.0,91.57
4338878735,Comanche,2020-11-14T17:16:49Z,4.884,1397,4.767,144.9,168.0,64.0,29.59,-98.37,,84.7,59.6,43,10.2,209,,0.0,91.14
4348374740,damn it,2020-11-16T17:18:55Z,6.616,1786,4.499,149.5,175.0,28.0,30.1,-97.85,270.0,71.2,23.3,16,4.3,62,152.0,0.0,89.98
4353504138,lil progression,2020-11-17T18:23:00Z,5.426,1453,4.463,139.2,167.0,9.0,29.86,-97.95,,65.9,35.2,32,3.7,76,,0.0,97.37
4358146958,Today's run vibe: celebratory 🥳,2020-11-18T17:47:37Z,8.865,2460,4.625,145.3,164.0,10.0,29.94,-97.9,,74.2,51.5,45,7.7,172,,0.0,92.12
4362516479,short progression,2020-11-19T17:47:23Z,5.034,1241,4.109,158.1,179.0,27.0,29.99,-97.89,0.0,76.9,53.9,45,10.5,184,176.0,0.0,96.16
4366714108,lazy,2020-11-20T17:13:11Z,9.881,3009,5.075,135.2,166.0,75.0,29.9,-97.95,,77.3,56.6,49,6.7,178,,0.0,90.49
4377718924,meh,2020-11-22T16:43:03Z,10.3,3007,4.866,146.1,167.0,82.0,29.9,-97.95,180.0,71.2,63.5,77,2.7,55,125.0,0.0,86.68
4390617126,gimme all the sun,2020-11-25T12:18:28Z,32.232,9733,5.033,149.9,166.0,73.0,29.62,-98.57,135.1,65.4,36.0,34,9.0,6,129.1,0.0,81.06
4403885273,slowly aimlessly running around campus,2020-11-28T12:29:01Z,13.117,3936,5.001,151.5,166.0,94.3,29.9,-97.95,90.0,60.4,60.2,99,10.9,46,44.0,3.0,81.99
4403885651,couple more rain miles,2020-11-28T13:43:45Z,2.958,900,5.071,152.5,166.0,34.0,29.9,-97.94,270.0,62.9,59.4,88,10.6,60,150.0,1.0,80.36
4409896958,big wind,2020-11-29T15:37:21Z,8.072,2285,4.718,148.5,163.0,22.0,29.9,-97.95,120.0,61.1,41.5,48,15.8,339,141.0,0.0,88.57
4426802693,this weather sucks,2020-12-03T18:00:51Z,5.129,1434,4.66,143.4,157.0,7.0,29.95,-97.9,,52.2,32.8,47,10.6,339,,0.0,91.73
4430384266,Estates loop out and back,2020-12-04T16:49:35Z,12.908,3641,4.701,146.7,165.0,97.0,29.9,-97.98,,54.7,32.9,43,4.5,360,,0.0,87.79
4434950194,sloppin' around,2020-12-05T16:51:05Z,7.092,2137,5.022,142.5,162.0,31.0,29.89,-97.93,,54.0,36.3,51,2.1,319,,0.0,84.19
4438460217,joining Auz on his first half 🤠,2020-12-06T08:10:13Z,21.199,7462,5.867,147.5,173.0,55.9,29.88,-97.94,90.0,42.8,36.8,79,8.2,319,131.0,0.0,70.49
4443851950,some of these holiday displays are outrageous,2020-12-07T17:54:04Z,5.26,1596,5.058,142.6,162.0,11.0,29.95,-97.9,,65.5,35.5,33,5.4,341,,0.0,84.15
4447942870,amazing weather ☀️,2020-12-08T15:27:53Z,11.453,3367,4.9,142.7,162.0,12.0,29.9,-97.95,120.0,73.2,34.6,24,3.6,313,167.0,0.0,86.85
4448012490,squeezed in an extra mile since it's so nice out,2020-12-08T16:35:53Z,1.919,588,5.106,139.3,150.0,22.0,29.9,-97.93,270.0,73.8,34.6,24,4.4,336,66.0,0.0,85.54
4452447859,river run,2020-12-09T17:47:52Z,5.389,1609,4.976,138.0,150.0,25.0,29.88,-97.93,,76.5,32.5,20,6.8,212,,0.0,89.07
4455383952,big wind,2020-12-10T11:48:30Z,13.077,3813,4.86,148.6,164.0,51.0,29.86,-97.96,90.0,61.4,43.2,51,7.8,192,102.0,0.0,84.64
4459870023,wandering,2020-12-11T15:33:41Z,9.714,2913,4.998,140.1,156.0,50.0,29.99,-97.89,,72.4,61.2,68,7.9,220,,0.0,88.89
4463877417,I hate wind,2020-12-12T12:48:05Z,8.088,2359,4.861,145.9,168.0,50.0,29.89,-97.94,,56.8,39.7,53,10.4,28,,0.0,86.39
4468419956,before the big wind,2020-12-13T10:42:53Z,8.086,2430,5.009,146.9,166.0,41.0,29.9,-97.95,,60.7,59.5,96,4.7,175,,0.4,83.34
4477365205,feeling fresh,2020-12-15T17:07:10Z,8.512,2452,4.801,142.7,158.0,31.0,30.01,-97.89,40.9,62.6,44.2,51,6.2,221,179.9,0.0,89.04
4485277899,more suburbia,2020-12-17T17:11:20Z,10.164,3001,4.921,142.1,160.0,59.0,30.03,-97.89,,58.9,29.9,33,6.9,180,,0.0,87.0
4488847063,actually not cold!,2020-12-18T17:21:39Z,5.873,1763,5.003,140.7,158.0,33.0,29.9,-97.95,,62.2,54.9,77,9.6,158,,0.1,87.82
4498253739,every now and then I do this run,2020-12-20T15:12:35Z,16.123,4840,5.003,145.8,163.0,24.0,29.65,-97.97,0.0,68.4,38.7,34,6.3,266,94.0,0.0,83.66
4502094685,more map completion,2020-12-21T17:51:53Z,4.928,1515,5.123,148.5,164.0,28.0,30.03,-97.89,,68.3,38.6,34,6.1,186,,0.0,80.17
4506025566,big wind,2020-12-22T15:17:11Z,11.584,3250,4.676,150.4,170.0,37.0,29.9,-97.95,120.0,68.6,52.7,57,12.4,167,47.0,0.0,88.65
4510192399,warm and breezy,2020-12-23T17:08:54Z,6.456,1916,4.946,135.8,152.0,40.0,30.03,-97.89,,76.9,46.9,35,5.9,279,,0.0,91.72
4521269367,map completion,2020-12-26T12:00:03Z,12.064,3465,4.787,155.5,178.0,48.0,29.53,-98.43,,58.4,25.9,29,6.3,203,,0.0,81.63
4527225165,🥴,2020-12-27T16:46:18Z,6.548,2016,5.131,138.0,157.0,59.0,29.9,-97.95,,72.1,52.8,51,11.3,205,,0.0,88.04
4531990711,spooky progression,2020-12-28T18:06:09Z,8.084,2177,4.488,150.8,180.0,23.0,30.1,-97.85,,69.4,59.3,70,10.7,144,,0.1,92.21
4568558998,first run of the year,2021-01-04T17:34:36Z,8.092,2202,4.535,143.4,166.0,41.0,30.05,-97.84,0.0,68.1,42.4,39,8.4,11,11.0,0.0,94.44
4579559545,running feels effortless again,2021-01-06T17:36:51Z,6.453,1880,4.856,144.6,161.0,30.0,30.05,-97.84,0.0,62.4,37.2,39,19.0,316,44.0,0.0,88.83
4584724890,track was closed,2021-01-07T18:31:30Z,4.856,1181,4.053,153.7,186.0,32.0,29.82,-97.95,,57.7,34.2,41,6.8,349,,0.0,97.64
4611882260,couple hills,2021-01-12T18:37:33Z,6.509,1830,4.686,145.8,164.0,75.0,29.9,-97.95,,44.5,34.6,68,6.1,190,,0.5,88.91
4617098293,river jog,2021-01-13T18:25:21Z,6.44,1867,4.831,141.8,154.0,27.0,29.88,-97.93,,57.7,38.3,48,8.8,207,,0.0,89.15
4631656852,"if you're looking for the wind, it's here",2021-01-16T12:32:22Z,4.911,1748,5.932,125.8,162.0,4.0,35.2,-101.9,67.8,42.7,6.4,22,9.8,210,142.2,0.0,82.01
4631657219,Afternoon Run,2021-01-16T13:03:57Z,2.29,996,7.25,122.3,151.0,9.0,35.2,-101.87,270.0,46.8,9.1,21,7.6,220,50.0,0.0,68.71
4638113374,less wind,2021-01-17T12:41:55Z,5.106,1803,5.885,128.4,151.0,4.0,35.2,-101.9,180.0,39.6,17.8,41,7.4,3,177.0,0.0,80.59
4649439344,forgot to start my watch 😑,2021-01-19T17:24:38Z,6.643,1898,4.762,144.8,166.0,21.0,30.09,-97.84,,63.8,61.5,92,9.7,23,,2.6,90.13
4654830621,was just finishing my lazy rainy trail run when...,2021-01-20T18:06:31Z,6.542,1950,4.968,144.8,171.0,29.0,29.88,-97.93,,55.1,52.1,89,4.4,345,,0.2,84.51
4654831012,... I saw Ty's group up the road so I caught up with them for a quick Core loop,2021-01-20T18:39:50Z,4.841,1203,4.142,163.2,178.0,21.0,29.88,-97.94,,55.1,52.1,89,4.4,345,,0.2,89.95
4659930357,who would have thought putting in no mileage and no speed work would make me so slow lol,2021-01-21T17:59:58Z,6.476,1830,4.709,148.3,163.0,21.0,29.88,-97.93,,65.1,58.0,78,6.8,207,,0.1,88.34
4669827583,misty river run,2021-01-23T12:37:57Z,9.657,3624,6.255,133.9,158.0,15.6,29.88,-97.93,,56.7,51.1,82,7.3,47,,0.0,73.05
4681787466,back on my bullshit,2021-01-25T17:38:51Z,12.899,3412,4.408,152.9,180.0,73.7,30.1,-97.85,270.0,71.8,31.7,23,9.2,309,39.0,0.0,90.88
4687155365,heatmapping,2021-01-26T17:37:43Z,8.864,2646,4.975,134.5,149.0,18.0,30.11,-97.85,,68.7,38.7,33,6.6,78,,0.0,91.27
4692531047,too cold,2021-01-27T17:38:00Z,8.062,2268,4.688,141.4,168.0,35.0,30.11,-97.85,270.0,61.7,24.1,24,13.9,10,100.0,0.0,93.09
4697629461,just not my day,2021-01-28T18:13:10Z,4.845,1473,5.067,144.9,165.0,22.0,29.88,-97.93,270.0,54.1,31.9,43,5.2,80,170.0,0.0,82.58
4702216220,baby run streak,2021-01-29T17:06:39Z,8.063,2238,4.626,141.1,158.0,15.0,29.91,-97.9,,65.3,49.5,57,10.8,174,,0.0,94.81
4719560000,too cold and dry,2021-02-01T17:48:06Z,8.12,2362,4.848,132.6,155.0,31.0,30.11,-97.85,270.0,62.8,22.4,21,7.6,21,111.0,0.0,94.78
4725034872,"slow start, strong finish",2021-02-02T17:35:15Z,9.679,2548,4.388,148.1,175.0,61.0,30.14,-97.87,,64.7,28.5,25,9.2,176,,0.0,94.07
4730507796,(っ◔◡◔)っ ♥ Suburbia Kyle ♥,2021-02-03T17:26:03Z,9.676,2779,4.787,136.3,150.0,24.5,29.98,-97.84,,73.7,50.8,45,15.7,184,,0.0,96.4
4736000409,very much wind and baby hills,2021-02-04T17:09:42Z,8.066,2251,4.651,145.6,166.0,48.6,29.86,-97.94,270.0,83.4,45.7,27,10.3,24,114.0,0.0,92.11
4746794407,lazy Saturday,2021-02-06T15:03:30Z,11.489,3281,4.759,141.6,165.0,37.8,29.9,-97.95,196.1,73.7,27.0,18,15.5,313,116.9,0.0,91.92
4757727867,meh,2021-02-08T17:52:22Z,4.84,1446,4.979,131.8,144.0,8.0,29.95,-97.9,90.0,74.3,56.3,53,11.1,199,109.0,0.0,95.29
4768091749,that was miserable,2021-02-10T18:02:43Z,5.351,1551,4.831,148.0,163.0,34.0,30.05,-97.84,,49.5,46.8,90,12.4,28,,0.8,86.05
4782510068,got everyone out for a chilly winterpocalypse run before it ices,2021-02-13T13:44:32Z,8.21,3055,6.201,155.9,174.0,12.0,29.9,-97.95,120.0,29.2,17.9,62,12.3,3,117.0,0.0,63.62
4789559310,🤷,2021-02-15T01:18:18Z,0.372,92,4.119,129.3,141.0,3.0,29.9,-97.95,,15.5,7.7,71,15.4,341,,1.5,116.25
4814473694,new shoe day,2021-02-19T17:39:11Z,4.852,1382,4.747,145.6,164.0,23.0,29.89,-97.93,,36.2,27.3,70,2.4,139,,0.0,87.22
4820294734,took the long way around to Spring Lake,2021-02-20T14:39:56Z,16.108,4509,4.665,152.3,180.0,58.4,29.9,-97.95,120.0,51.3,31.4,46,10.5,184,64.0,0.0,86.26
4827279230,warmth,2021-02-21T14:03:55Z,16.135,4735,4.891,148.8,172.0,134.2,29.86,-97.97,,67.4,51.9,58,14.0,202,,0.0,85.84
4832873861,easy with hard effort to finish,2021-02-22T17:42:18Z,8.209,2272,4.613,144.3,158.0,61.8,30.06,-97.84,,69.3,36.9,30,5.3,165,,0.0,91.45
4838846663,low HR jams,2021-02-23T17:52:55Z,4.839,1439,4.957,130.5,148.0,9.0,30.09,-97.87,,73.7,52.8,48,16.1,190,,0.0,97.45
4844956839,Progression 🤷,2021-02-24T18:23:45Z,5.074,1206,3.962,158.1,179.0,0.0,29.88,-97.93,,76.8,61.3,59,5.1,135,,0.0,99.07
4850669041,brain off,2021-02-25T18:03:46Z,8.06,2393,4.948,147.6,168.0,6.4,29.88,-97.93,,62.5,54.0,74,8.0,23,,0.0,84.34
4862156607,hills,2021-02-27T17:30:32Z,8.918,2741,5.122,138.7,166.0,130.3,29.9,-97.95,220.9,73.7,64.9,74,14.2,168,52.9,0.0,89.04
4880516828,suburban hell party,2021-03-02T17:42:24Z,6.489,1813,4.657,142.9,157.0,34.0,30.05,-97.84,,60.8,31.5,33,8.5,27,,0.0,91.72
4886516149,happy the south wind is back,2021-03-03T18:04:48Z,6.463,1905,4.913,132.3,142.0,19.0,29.86,-97.96,90.0,65.7,42.1,42,6.8,172,82.0,0.0,94.03
4891943030,heat mapping new streets,2021-03-04T18:07:48Z,6.499,1900,4.873,138.4,148.0,5.7,29.95,-97.9,,71.5,51.3,49,12.4,157,,0.0,92.53
4896636494,???,2021-03-05T16:24:02Z,5.295,1567,4.933,142.5,163.0,44.3,30.03,-97.88,,76.6,34.4,22,13.9,314,,0.0,88.4
4910122324,look who I got out for his yearly run,2021-03-07T16:43:16Z,10.314,2976,4.809,141.9,162.0,32.0,29.9,-97.95,156.6,66.5,35.4,32,6.2,134,22.6,0.0,89.13
4915262859,lil progression,2021-03-08T17:47:14Z,6.448,1746,4.513,141.9,172.0,14.0,30.03,-97.89,139.1,67.8,50.8,54,10.4,166,26.9,0.0,96.78
4921210513,no energy today,2021-03-09T17:49:15Z,5.014,1459,4.849,133.1,146.0,6.0,30.03,-97.89,139.1,73.6,54.3,51,17.1,163,23.9,0.0,97.95
4926680703,*smashes drywall*,2021-03-10T17:51:56Z,9.706,2804,4.815,140.6,159.0,46.8,29.99,-97.89,,81.1,54.4,40,18.3,169,,0.0,94.08
4931788968,6 creeks,2021-03-11T17:53:45Z,8.506,2536,4.969,135.5,155.0,75.4,30.01,-97.9,180.0,77.7,59.1,53,14.6,175,5.0,0.0,93.93
4936461382,hills 🥴,2021-03-12T17:19:43Z,6.556,1882,4.784,142.2,174.0,130.5,29.9,-97.95,,79.6,58.6,49,15.6,164,,0.0,93.24
4953259154,Santa Cruz River trail,2021-03-15T14:07:19Z,11.343,3490,5.128,133.2,163.0,45.1,32.22,-110.98,180.0,63.1,25.4,24,13.2,360,180.0,0.0,90.22
4981028877,enjoying the sun ☀️,2021-03-20T16:01:00Z,12.994,3713,4.762,151.3,178.0,122.8,29.9,-97.95,,68.2,37.8,33,3.4,90,,0.0,84.15
4986893131,Salado south ☀️,2021-03-21T11:20:09Z,24.144,7047,4.865,147.4,171.0,59.9,29.45,-98.42,203.5,60.8,46.8,60,8.4,151,52.5,0.0,85.5
4999440017,sorry to everyone I passed on my run...,2021-03-23T17:57:37Z,11.298,3167,4.672,143.7,167.0,62.9,30.03,-97.89,,80.3,31.5,17,1.4,129,,0.0,90.26
5005412786,nightmare suburban sprawling hellscape part 100,2021-03-24T17:56:09Z,11.295,3275,4.833,140.0,160.0,52.4,29.93,-97.88,,76.8,62.9,62,8.4,138,,0.0,92.44
5011176322,feelin' good,2021-03-25T18:08:08Z,14.503,4061,4.667,144.7,164.0,82.7,30.03,-97.89,,72.9,40.0,30,6.7,330,,0.0,90.77
5034301585,feeling meh,2021-03-29T17:48:13Z,10.273,2929,4.752,140.0,161.0,33.9,30.1,-97.85,,75.6,35.5,23,12.9,166,,0.0,93.21
5040831229,Anytown USA,2021-03-30T17:52:08Z,11.738,3354,4.762,140.5,162.0,113.4,30.08,-97.81,,82.5,61.4,49,17.5,196,,0.0,95.53
5046885008,stupid god damn WIND,2021-03-31T18:27:55Z,4.851,1307,4.491,150.3,171.0,11.9,29.89,-97.93,180.0,68.6,38.3,33,18.7,23,157.0,0.0,92.74
5052359913,easy day heatmapping,2021-04-01T17:50:44Z,8.069,2312,4.775,137.9,152.0,27.4,30.03,-97.89,,70.1,25.1,18,7.8,59,,0.0,92.56
5064567997,new shoe day,2021-04-03T18:02:03Z,13.643,3902,4.767,143.5,166.0,100.3,29.9,-97.95,,64.1,55.5,74,11.3,131,,0.0,90.84
5069688644,McAllister is a nightmare,2021-04-04T12:04:14Z,13.562,3755,4.615,147.9,179.0,50.9,29.55,-98.44,,66.1,56.0,70,8.9,124,,0.0,90.73
5076621830,"ignore, prepping for fart",2021-04-05T18:09:14Z,1.236,378,5.099,124.1,132.0,3.8,29.95,-97.9,139.1,76.4,53.9,46,10.8,173,33.9,0.0,98.75
5076654034,F A R T,2021-04-05T18:15:38Z,5.373,1552,4.814,134.1,145.0,17.8,29.94,-97.89,0.0,76.4,53.9,46,10.8,173,173.0,0.0,96.79
5082063465,😮‍💨,2021-04-06T17:50:35Z,7.252,2122,4.877,137.6,152.0,11.0,29.95,-97.9,,83.7,59.7,44,19.5,167,,0.0,95.64
5087670016,progression,2021-04-07T17:33:13Z,8.135,2179,4.464,147.5,179.0,20.0,29.95,-97.9,,86.5,33.8,15,13.5,333,,0.0,94.84
5098639050,new shoe day!,2021-04-09T17:00:55Z,5.812,1430,4.1,146.7,177.0,17.6,29.99,-97.89,,90.1,58.7,35,8.1,180,,0.0,104.5
5105122156,easy day,2021-04-10T18:36:46Z,12.928,3789,4.885,140.4,156.0,96.4,29.9,-97.98,90.0,80.5,27.5,14,9.1,38,52.0,0.0,89.55
5111755459,Progression,2021-04-11T18:46:44Z,8.057,2165,4.479,145.7,174.0,13.6,29.87,-97.93,319.1,86.9,41.6,20,10.8,185,134.1,0.0,95.65
5122681979,"easy, with fast finish",2021-04-13T18:00:44Z,8.397,2351,4.666,140.0,164.0,40.9,30.03,-97.89,,82.8,61.2,48,8.1,66,,0.0,95.93
5126489871,🎉 12 year vegan-versary 🎉,2021-04-14T10:20:25Z,19.327,5508,4.75,146.7,167.0,58.9,29.5,-98.42,,75.7,67.8,76,0.3,45,,0.0,88.47
5145465409,saw Tony the Pony 🐴,2021-04-17T19:01:56Z,5.638,2014,5.953,115.1,133.0,40.0,29.9,-97.98,0.0,58.8,41.8,53,12.3,15,15.0,0.0,89.8
5152110304,no energy,2021-04-18T16:46:51Z,11.271,3447,5.097,131.1,164.0,86.4,29.9,-97.98,270.0,65.6,37.9,36,6.5,14,104.0,0.0,91.16
5157504581,progression,2021-04-19T17:41:04Z,11.339,2951,4.337,152.4,182.0,74.4,30.14,-97.87,,71.1,35.6,27,4.5,123,,0.0,91.97
5169552966,too cold,2021-04-21T17:49:24Z,8.508,2287,4.48,142.1,167.0,41.0,30.03,-97.89,139.1,66.7,26.0,21,8.9,53,86.1,0.0,95.95
5175230087,rainy hill loop,2021-04-22T18:24:00Z,8.66,2429,4.675,135.4,153.0,104.6,29.9,-97.95,,67.4,59.3,75,7.0,153,,0.1,97.72
5180264906,it's gross outside,2021-04-23T17:17:57Z,8.122,2402,4.929,134.7,152.0,29.3,29.9,-97.94,,70.2,68.9,96,8.6,195,,1.4,94.2
5191570757,before it gets hot,2021-04-25T10:14:02Z,11.822,3386,4.774,140.5,163.0,54.8,29.9,-97.95,,68.4,56.0,65,5.1,119,,0.0,91.74
5198748614,great weather this evening,2021-04-26T18:37:49Z,4.851,1300,4.467,140.4,161.0,32.1,30.03,-97.89,,84.7,56.1,38,16.9,165,,0.0,101.59
5204756155,cloudy windy,2021-04-27T18:17:13Z,6.45,1835,4.741,133.5,158.0,14.3,29.88,-97.94,90.0,78.5,70.7,77,11.2,143,53.0,0.0,99.98
5210341488,humid af,2021-04-28T17:55:23Z,8.096,2279,4.692,138.9,158.0,55.9,30.03,-97.89,139.1,85.6,70.2,60,15.4,159,19.9,0.0,98.39
5215664329,Some hills,2021-04-29T18:35:14Z,5.36,1465,4.555,133.1,147.0,74.9,29.9,-97.95,,78.3,69.8,75,8.7,357,,0.0,103.76
5220243169,between rains,2021-04-30T16:48:38Z,8.861,2543,4.783,136.0,149.0,30.3,29.9,-97.94,90.0,72.7,66.7,81,10.7,74,16.0,1.3,96.58
5233147283,South Salado,2021-05-02T17:50:39Z,15.12,4454,4.91,144.8,166.0,40.3,29.45,-98.42,,87.3,63.4,45,12.9,208,,0.0,89.43
5238125262,difficult running conditions,2021-05-03T18:18:57Z,5.264,1502,4.756,138.0,156.0,13.3,29.88,-97.93,,86.9,73.0,64,11.6,165,,0.0,97.17
5254133480,some hills,2021-05-06T18:05:38Z,8.076,2287,4.719,144.5,165.0,65.1,29.87,-97.97,,81.4,55.8,42,7.1,58,,0.0,91.32
5264929949,🅱️lood 🩸 run 😈,2021-05-08T19:32:32Z,6.513,2319,5.934,124.9,141.0,14.7,29.88,-97.94,,82.3,67.0,60,16.3,159,,0.0,86.32
5270943365,big humid,2021-05-09T18:05:41Z,8.507,2478,4.855,143.8,162.0,22.9,29.9,-97.95,120.0,89.8,66.6,46,4.3,192,72.0,0.0,89.75
5275907157,"trying to run myself out of slump, exploring unpaved roads",2021-05-10T18:02:55Z,8.077,2169,4.476,145.4,187.0,21.0,29.95,-97.9,,74.8,71.8,90,15.0,1,,2.5,97.87
5281378350,lightning run,2021-05-11T17:01:58Z,9.852,2691,4.552,146.4,176.0,56.0,30.09,-97.84,,71.6,68.9,91,12.8,354,,13.8,94.76
5287054755,flat miles,2021-05-12T17:50:39Z,8.584,2461,4.778,137.6,147.0,25.9,29.86,-97.96,,71.8,57.7,61,11.8,29,,0.0,95.19
5292678194,pond loops,2021-05-13T17:27:35Z,8.267,2286,4.609,141.6,178.0,80.3,30.06,-97.84,,72.1,56.6,58,6.5,46,,0.0,94.8
5298134552,neighborhood jog,2021-05-14T19:09:31Z,5.263,1558,4.934,138.5,157.0,58.0,29.9,-97.95,,77.3,61.8,59,5.9,115,,0.0,91.01
5304016427,down the hill up the hill,2021-05-15T19:40:46Z,8.172,2359,4.811,139.1,168.0,96.2,29.9,-97.95,,71.5,68.7,91,5.2,110,,0.1,92.86
5310104181,"big humid, hills and blood",2021-05-16T18:43:24Z,9.709,2830,4.858,137.7,169.0,103.0,29.9,-97.95,,77.4,69.7,77,9.8,160,,0.0,94.2
5314888496,super easy today,2021-05-17T18:21:51Z,4.904,1459,4.959,130.1,148.0,14.0,29.9,-97.95,,77.4,70.2,79,12.0,147,,0.0,98.17
5320615260,rain run,2021-05-18T18:06:46Z,6.465,1842,4.749,140.8,158.0,15.5,29.87,-97.93,0.0,73.8,69.1,85,9.8,135,135.0,0.1,94.0
5326232051,endless soul crushing suburbia,2021-05-19T17:49:23Z,12.904,3683,4.757,133.5,152.0,85.0,29.97,-97.84,,71.9,63.9,76,8.7,77,,0.0,98.3
5331478523,lil' progression ☀️,2021-05-20T17:57:36Z,6.486,1615,4.15,153.0,179.0,8.1,29.95,-97.9,,82.2,64.2,55,3.0,103,,0.0,97.8
5335917350,felt hotter than it was,2021-05-21T16:55:37Z,9.686,2755,4.741,140.4,162.0,48.9,30.03,-97.89,139.1,82.4,66.5,59,7.6,88,51.1,0.0,94.35
5341603096,El Camino Real heatmap,2021-05-22T17:52:30Z,8.433,2338,4.621,139.0,159.0,46.7,29.83,-97.94,0.0,79.0,70.1,74,10.4,155,155.0,0.1,98.36
5347751013,mega sog,2021-05-23T18:18:37Z,6.483,1906,4.9,134.9,155.0,60.2,29.9,-97.95,,75.5,72.2,90,9.0,99,,0.6,95.2
5369523557,Three days off is an eternity,2021-05-27T19:06:02Z,6.486,1846,4.743,147.3,171.0,39.2,29.9,-97.95,,83.0,73.6,73,9.5,150,,0.0,90.68
5374347710,short progression,2021-05-28T19:13:53Z,5.261,1306,4.137,152.1,177.0,9.7,29.87,-97.93,0.0,72.4,71.9,98,1.9,324,36.0,6.4,98.34
5386018768,very humid,2021-05-30T14:55:54Z,12.878,3874,5.014,146.0,158.0,2.5,29.89,-97.93,,78.5,69.6,74,6.8,136,,0.4,85.6
5398016006,easy flat loop @ fire station,2021-06-01T19:58:09Z,6.475,1768,4.551,144.4,182.0,2.8,29.91,-97.9,,80.8,68.4,66,3.8,118,,0.4,94.83
5402835526,easy trail miles for global run day!,2021-06-02T14:20:44Z,8.071,2441,5.041,140.8,163.0,30.9,29.55,-98.53,90.0,74.1,69.9,87,3.5,50,40.0,1.6,87.46
5409612525,short fire station loop,2021-06-03T19:20:31Z,4.856,1406,4.826,133.8,145.0,5.0,29.91,-97.9,,70.2,68.4,94,8.1,71,,9.5,96.73
5420365910,not feeling it today,2021-06-05T18:05:26Z,8.067,2327,4.808,141.2,160.0,28.8,29.9,-97.95,120.0,77.3,70.0,78,4.9,164,44.0,0.9,91.89
5426977822,summer finally starting to show up,2021-06-06T18:21:01Z,13.006,3967,5.084,148.8,168.0,51.8,29.42,-98.49,,85.6,72.3,65,10.6,150,,0.0,84.02
5431976822,this weather pattern 😑,2021-06-07T18:02:52Z,4.854,1440,4.945,138.8,152.0,12.0,29.88,-97.94,,88.9,75.0,64,11.5,189,,0.0,93.13
5437722066,more heat!,2021-06-08T17:42:03Z,6.577,1809,4.584,150.3,167.0,2.1,29.88,-97.93,,87.8,72.5,61,11.2,168,,0.0,92.51
5443662946,Best way to end a run,2021-06-09T18:02:29Z,8.089,2319,4.778,146.6,165.0,7.7,29.88,-97.93,,88.2,76.0,67,13.8,157,,0.0,91.73
5449177079,river is the best prize after a run,2021-06-10T18:11:30Z,6.457,1870,4.827,142.4,161.0,8.1,29.87,-97.93,0.0,89.7,72.9,58,12.8,168,168.0,0.0,93.18
5453858032,💦💦,2021-06-11T17:15:33Z,5.255,1531,4.856,144.1,160.0,11.7,29.88,-97.94,40.9,91.4,70.3,50,9.2,184,143.1,0.0,90.78
5458168188,BRC group run,2021-06-12T10:51:03Z,6.271,1506,4.002,174.2,191.0,41.4,29.45,-98.49,,82.6,72.6,72,7.6,156,,0.0,90.43
5466305170,especially lazy miles,2021-06-13T19:53:00Z,6.557,2011,5.112,133.3,163.0,25.9,29.9,-97.95,90.0,91.4,71.1,52,3.2,82,8.0,0.0,92.1
5466305321,"what the heck, one more",2021-06-13T20:29:40Z,2.208,690,5.209,143.0,152.0,19.3,29.9,-97.93,270.0,88.8,72.1,58,4.3,141,129.0,0.0,84.36
5471135104,summer almost here,2021-06-14T18:04:07Z,4.857,1436,4.928,143.0,164.0,14.0,29.88,-97.94,40.9,90.3,69.7,51,7.5,81,40.1,0.0,89.72
5488013598,Evening Run,2021-06-17T18:58:54Z,8.053,2376,4.918,142.6,166.0,24.0,29.9,-97.95,90.0,90.3,66.9,46,3.7,107,17.0,0.0,89.29
5492692058,Evening Run,2021-06-18T20:03:44Z,4.856,1467,5.036,143.5,163.0,51.8,29.9,-97.95,,85.6,64.0,49,6.5,98,,0.0,86.74
5508485172,Evening Run,2021-06-21T18:52:58Z,4.97,1439,4.826,152.0,173.0,19.0,29.9,-97.95,90.0,90.1,73.0,57,8.6,131,41.0,0.1,86.56
5508528100,Evening Run,2021-06-21T19:20:22Z,1.615,504,5.201,159.9,173.0,16.0,29.9,-97.94,270.0,87.8,75.2,66,9.1,147,123.0,0.7,76.42
5514164282,humidity,2021-06-22T20:08:10Z,6.602,1873,4.729,152.9,177.0,61.3,29.9,-97.95,,83.3,73.3,72,4.0,74,,0.0,86.62
5519135805,this weather,2021-06-23T17:35:29Z,8.056,2476,5.123,148.0,171.0,24.0,30.1,-97.85,,91.8,72.1,53,9.4,177,,0.0,83.93
5524771907,Evening Run,2021-06-24T20:03:55Z,4.838,1394,4.803,147.4,162.0,52.5,29.9,-97.95,,87.7,72.4,61,10.6,152,,0.0,89.9
5540510099,slipped in the mud and twisted ankle,2021-06-27T17:10:48Z,10.338,3141,5.064,153.0,175.0,88.9,29.9,-97.95,196.1,80.0,73.9,82,4.1,68,128.1,0.0,80.72
5540569009,limping home,2021-06-27T18:21:40Z,2.454,795,5.4,149.6,167.0,19.0,29.88,-97.96,23.4,81.4,73.0,76,6.0,75,51.6,0.0,77.74
5550578362,need to run myself out of this slump,2021-06-29T18:04:25Z,11.946,3604,5.028,149.2,171.0,39.7,29.88,-97.93,,82.4,71.8,70,10.0,136,,0.3,84.41
5555588715,waves of humidity,2021-06-30T18:00:59Z,6.451,1789,4.622,153.5,175.0,3.2,29.95,-97.9,,81.2,73.5,77,6.3,113,,0.2,88.59
5560750069,full sun,2021-07-01T17:55:55Z,6.451,1837,4.746,149.1,178.0,2.4,29.88,-97.93,,87.3,72.5,62,3.5,75,,0.0,88.58
5565330599,just trying to stay in the shade and keep my HR low 🥴,2021-07-02T17:33:31Z,6.597,2048,5.174,139.1,162.0,12.5,29.89,-97.94,,92.2,69.8,48,1.8,150,,0.0,86.91
5571031352,breezy,2021-07-03T19:29:11Z,8.115,2384,4.896,141.7,161.0,13.2,29.9,-97.95,120.0,79.5,76.4,90,4.1,84,36.0,0.0,90.25
5571073125,back home,2021-07-03T20:18:17Z,2.083,659,5.274,143.7,155.0,19.0,29.9,-97.93,270.0,81.3,75.2,82,5.0,100,170.0,0.0,82.81
5576782191,horsefly alert!,2021-07-04T19:43:17Z,8.381,2585,5.141,141.2,167.0,81.6,29.9,-97.95,,78.4,76.6,94,3.4,58,,0.4,86.08
5581801130,rainy campus hills & stairs,2021-07-05T19:12:41Z,6.504,1906,4.884,142.4,170.0,86.3,29.9,-97.95,,76.6,75.3,96,3.2,102,,0.5,89.63
5586814781,at this point I've forgotten what it feels like to run on a non humid day,2021-07-06T17:56:39Z,6.443,1956,5.059,139.6,158.0,13.7,29.87,-97.93,,79.2,74.1,84,9.9,126,,3.4,89.59
5592567735,wind time,2021-07-07T18:07:47Z,8.044,2226,4.612,151.7,179.0,11.9,29.95,-97.9,,78.8,74.1,86,8.3,87,,2.2,90.11
5597562152,feelin' good,2021-07-08T19:41:23Z,8.069,2198,4.54,151.1,169.0,14.1,29.88,-97.93,,76.1,74.1,94,8.5,84,,1.4,91.79
5601849671,full sog,2021-07-09T16:39:27Z,12.889,3806,4.922,143.1,163.0,90.5,30.14,-97.87,,76.2,74.8,96,8.7,136,,1.5,89.49
5607772485,lazy evening,2021-07-10T19:37:27Z,6.455,1975,5.099,141.3,158.0,34.1,29.9,-97.95,,84.3,74.7,73,6.9,167,,0.0,87.58
5618188548,fav hill loop,2021-07-12T18:13:15Z,10.0,2886,4.81,148.9,169.0,84.0,29.87,-97.97,180.0,86.5,70.2,58,5.5,166,14.0,0.0,87.72
5623538783,plum creek hill loop,2021-07-13T17:51:09Z,8.113,2343,4.813,145.5,170.0,50.1,30.03,-97.89,180.0,82.2,72.7,73,7.2,154,26.0,0.0,89.93
5628914872,lazy day,2021-07-14T17:59:31Z,6.494,1956,5.02,143.8,160.0,9.9,29.95,-97.9,,82.3,72.1,71,11.8,147,,0.9,88.06
5634085675,"""embracing the hills""",2021-07-15T17:53:15Z,11.296,3465,5.112,146.6,172.0,97.0,30.11,-97.85,270.0,85.8,71.7,63,11.7,175,95.0,0.0,84.98
5642085392,trail vibes,2021-07-17T06:06:17Z,24.158,9517,6.566,152.9,187.0,523.3,29.63,-99.18,,72.1,71.4,98,6.5,153,,0.0,62.2
5654936331,soggy,2021-07-19T17:50:22Z,6.463,1844,4.756,146.3,162.0,3.0,29.95,-97.9,,80.2,74.6,83,7.4,7,,1.0,90.56
5660645065,saw a bug,2021-07-20T18:14:53Z,6.513,1863,4.767,146.2,173.0,7.4,29.95,-97.9,,86.1,69.3,57,7.9,32,,0.0,90.52
5666127596,lil progression,2021-07-21T18:00:53Z,8.07,2164,4.469,147.9,181.0,37.8,30.03,-97.89,156.6,85.6,67.7,55,5.0,77,79.6,0.0,94.75
5666176677,c/d,2021-07-21T18:43:40Z,1.645,538,5.451,143.9,152.0,11.0,30.01,-97.88,336.6,85.6,67.7,55,5.0,77,100.4,0.0,79.84
5671440853,lazy rainy,2021-07-22T17:46:07Z,8.293,2519,5.063,136.9,155.0,26.0,30.11,-97.85,270.0,81.6,73.9,78,10.8,185,85.0,0.6,91.6
5675615961,trails still extremely muddy at Mac,2021-07-23T13:46:59Z,6.825,2200,5.372,147.4,166.0,27.1,29.55,-98.45,,87.2,71.5,60,11.9,177,,0.0,80.52
5687751358,feeling like summer 🤠,2021-07-25T19:16:23Z,11.28,3189,4.712,149.4,174.0,50.5,29.56,-98.45,,88.7,70.3,55,5.6,143,,0.0,89.4
5692851849,neighborhood hills,2021-07-26T19:47:26Z,6.682,1998,4.984,143.2,164.0,77.6,29.9,-97.95,,89.4,71.8,56,5.7,189,,0.0,88.32
5698059804,full sun 🌞,2021-07-27T18:01:50Z,8.075,2395,4.943,144.6,172.0,49.4,30.14,-97.87,,92.7,62.7,37,6.4,141,,0.0,87.99
5703308058,accidental progression,2021-07-28T18:05:23Z,6.447,1729,4.47,147.9,184.0,22.4,30.11,-97.85,,87.5,71.4,59,7.0,127,,0.3,95.48
5708695603,lazy mood,2021-07-29T18:01:25Z,16.12,5203,5.379,133.6,148.0,90.5,30.11,-97.85,,88.4,72.8,60,4.9,114,,0.0,87.56
5727274113,🌧️,2021-08-02T09:50:58Z,17.053,5562,5.436,149.3,171.0,77.0,29.9,-97.95,120.0,73.5,73.1,99,5.3,292,172.0,2.3,76.89
5740588524,sunset progression,2021-08-04T19:15:53Z,8.059,2195,4.54,157.0,180.0,24.7,29.59,-98.6,,84.1,72.5,68,4.8,112,,0.0,88.02
5745885166,campus loop,2021-08-05T19:31:46Z,7.151,1998,4.656,147.4,176.0,86.5,29.9,-97.95,,80.6,72.9,78,3.6,90,,0.0,90.99
5754276196,BRC x Davis Mountains,2021-08-07T06:25:44Z,17.714,8009,7.536,145.1,170.0,496.0,30.6,-103.93,,64.0,59.9,86,7.9,248,,0.0,56.58
5759826209,BRC morning run hike,2021-08-08T06:35:27Z,4.854,2348,8.063,135.2,160.0,200.2,30.6,-103.93,,69.0,59.1,71,9.7,244,,0.0,57.11
5761569727,few more miles for the week,2021-08-08T19:31:26Z,4.945,1426,4.806,143.0,163.0,23.6,29.9,-97.95,,87.1,75.0,68,9.0,153,,0.0,92.4
5766595095,finishing heatmap of MC,2021-08-09T18:36:02Z,8.078,2372,4.894,141.4,159.0,46.0,30.03,-97.89,,91.4,70.0,50,11.5,172,,0.0,92.22
5772377386,lil solo Track Tuesday,2021-08-10T18:17:46Z,6.575,2130,5.4,153.7,182.0,0.0,30.03,-97.89,,91.0,66.2,44,13.5,158,,0.0,77.02
5778088321,sun soak 🌞,2021-08-11T18:00:44Z,11.33,3544,5.213,147.8,165.0,64.2,30.11,-97.85,,87.6,73.1,62,13.0,145,,0.1,83.06
5783452519,PC,2021-08-12T18:21:33Z,8.058,2639,5.458,140.6,162.0,27.3,29.97,-97.84,,87.9,72.8,61,10.9,149,,0.0,83.01
5791429168,humidity?,2021-08-14T06:37:24Z,24.151,6701,4.624,158.0,185.0,76.4,29.56,-98.5,270.0,74.9,74.5,99,2.7,99,171.0,0.0,85.1
5791429880,cool down?,2021-08-14T08:47:56Z,2.824,943,5.566,156.5,168.0,6.9,29.56,-98.52,90.0,76.9,76.3,98,3.7,115,25.0,0.2,71.7
5796954646,No Meat Athlete ATX brunch run 🐝,2021-08-15T08:02:00Z,8.071,2835,5.854,132.6,149.0,84.5,30.24,-97.75,,78.7,74.2,86,2.8,162,,0.0,80.29
5804486299,extra lazy mood day,2021-08-16T18:08:11Z,6.443,2104,5.442,133.8,147.0,21.3,30.11,-97.85,,85.6,72.6,65,6.2,131,,0.1,86.49
5815499304,soup air,2021-08-18T18:00:44Z,8.073,2234,4.612,149.7,189.0,31.7,30.11,-97.85,,81.4,75.9,83,8.1,161,,0.2,91.53
5820876213,Trail and river,2021-08-19T17:35:17Z,10.984,3551,5.388,152.1,169.0,104.8,29.9,-97.95,120.0,92.9,67.9,44,10.7,151,31.0,0.0,77.71
5825555985,summer sun,2021-08-20T16:34:41Z,8.328,2337,4.677,148.9,170.0,49.6,30.03,-97.89,180.0,90.0,73.6,59,9.8,164,16.0,0.1,91.44
5828651374,soup air month 😅,2021-08-21T06:38:52Z,16.1,4756,4.923,152.3,176.0,52.7,29.56,-98.5,,75.8,73.8,94,2.9,148,,0.0,82.97
5836303233,purgatory sunny miles,2021-08-22T12:21:35Z,8.053,2879,5.959,137.9,158.0,94.1,29.87,-97.96,0.0,87.0,73.3,64,6.3,203,157.0,0.1,76.77
5842305178,baby hills and 🌞🌞🌞,2021-08-23T18:22:48Z,6.464,1610,4.151,152.9,180.0,82.2,30.0,-97.9,,93.5,67.2,42,11.4,157,,0.0,100.47
5848211860,zoo hill run,2021-08-24T18:34:33Z,6.46,1822,4.701,149.7,168.0,117.1,29.46,-98.47,,93.5,68.2,44,6.7,127,,0.0,89.79
5853914773,easy exploring miles,2021-08-25T18:13:04Z,16.103,5078,5.256,140.4,162.0,141.6,30.01,-97.9,,93.9,67.2,42,7.0,140,,0.0,85.65
5859145126,campus & neighborhood hills,2021-08-26T18:50:01Z,9.75,3064,5.238,135.4,161.0,129.3,29.9,-97.95,,90.6,67.2,46,6.4,78,,0.0,88.82
5866747281,estates loop/Purg run,2021-08-28T07:00:45Z,22.8,7312,5.345,141.7,163.0,248.3,29.9,-97.95,,74.3,73.6,98,2.9,99,,0.0,82.05
5879787325,campus stair loop,2021-08-30T19:13:43Z,5.255,1319,4.184,155.2,182.0,77.1,29.9,-97.95,,85.6,77.4,77,1.4,18,,0.0,96.32
5885510162,Some good ups & good views,2021-08-31T19:12:44Z,10.17,3295,5.4,128.0,173.0,147.0,29.97,-98.04,,86.5,75.9,71,2.9,141,,0.0,90.73
5890751004,more Fulton Ranch Road,2021-09-01T18:04:40Z,12.066,3456,4.774,143.3,168.0,155.5,29.97,-98.04,0.0,88.5,71.0,56,9.8,137,137.0,0.0,92.84
5900925026,rollerbladers taking up the whole trail 😔,2021-09-03T18:05:12Z,9.311,2373,4.247,153.6,185.0,51.6,29.47,-98.64,,90.6,70.8,52,7.5,113,,0.0,96.99
5904232553,Feelin' groovy🕺🏼,2021-09-04T06:39:05Z,16.298,4924,5.035,140.6,163.0,122.6,29.59,-98.6,,75.9,73.5,92,5.8,182,,0.0,88.4
5912725726,Seminole Canyon 🌞,2021-09-05T14:58:18Z,12.546,6569,8.727,114.2,153.0,125.6,29.7,-101.32,,94.5,62.0,34,9.5,139,,0.0,63.57
5915847990,old Del Rio 🌞,2021-09-06T10:23:32Z,6.883,2210,5.351,123.1,138.0,22.6,29.36,-100.9,,87.3,62.7,44,7.3,128,,0.0,95.34
5923843770,meh,2021-09-07T18:00:50Z,6.941,1942,4.663,136.5,158.0,64.0,30.01,-97.9,,93.4,62.8,36,4.5,27,,0.0,98.48
5932345753,de-stressing,2021-09-09T08:38:48Z,15.306,4664,5.079,132.6,164.0,118.1,29.9,-97.95,,72.2,55.8,56,6.7,6,,0.0,91.87
5942939544,breezy hills,2021-09-11T07:56:28Z,24.422,7153,4.881,139.0,179.0,238.0,29.9,-97.95,,69.6,65.0,85,3.4,176,,0.0,90.93
5943078575,bonus hills,2021-09-11T10:05:18Z,2.612,764,4.874,156.7,177.0,58.1,29.9,-97.95,,78.5,58.3,50,3.0,103,,0.0,80.82
5950631106,feeling easy today,2021-09-12T13:49:49Z,8.093,2409,4.961,130.1,144.0,24.7,29.62,-98.57,41.0,82.1,70.3,68,4.9,106,65.0,0.3,96.96
5956395059,lazy heatmap,2021-09-13T17:56:12Z,17.712,5282,4.97,129.3,146.0,98.4,30.15,-97.86,,83.2,67.8,60,13.3,82,,0.4,99.02
5961396696,neighborhood hills,2021-09-14T16:56:56Z,6.476,1955,5.031,136.2,159.0,113.4,29.9,-97.95,,86.6,63.9,47,11.1,14,,0.0,92.41
5972529064,progression,2021-09-16T19:38:40Z,8.806,2383,4.51,141.4,177.0,52.6,30.14,-97.87,,86.9,63.5,46,4.8,62,,0.0,97.99
5976745130,up the hill,2021-09-17T17:26:21Z,8.419,2547,5.042,134.8,168.0,205.0,30.59,-103.94,,87.0,40.0,19,7.3,38,,0.0,91.08
5998833241,rumors of a cold front are fake news 😑,2021-09-21T18:01:51Z,19.544,5621,4.793,145.3,171.0,121.7,30.15,-97.84,270.0,87.2,70.7,58,8.9,43,133.0,0.0,90.93
6004083055,fart spell,2021-09-22T18:14:00Z,11.973,3672,5.111,125.1,139.0,49.6,30.16,-97.87,90.0,81.5,38.2,21,9.3,8,82.0,0.0,96.78
6004170060,post fart spell easy miles,2021-09-22T19:18:14Z,4.866,1460,5.001,131.5,144.0,27.5,30.16,-97.85,270.0,78.8,42.0,27,5.3,22,112.0,0.0,93.4
6009121425,jog,2021-09-23T17:36:14Z,16.938,4939,4.86,135.6,158.0,122.7,30.14,-97.87,,82.3,39.6,22,5.6,95,,0.0,93.32
6025489254,new shoe day,2021-09-26T19:08:33Z,11.273,3152,4.66,143.1,155.0,70.6,29.47,-98.63,,82.7,49.5,32,4.0,137,,0.0,92.5
6030026274,chonky and lazy,2021-09-27T18:01:15Z,11.369,3414,5.005,130.1,170.0,57.3,30.17,-97.87,,87.7,59.3,38,8.1,156,,0.0,96.43
6035439980,progression I guess,2021-09-28T18:32:31Z,9.153,2414,4.396,148.0,174.0,41.5,29.9,-97.95,,77.5,71.6,82,1.6,146,,0.0,95.35
6049321665,terrible disgusting weather,2021-10-01T16:37:27Z,16.125,4681,4.838,142.5,170.0,127.7,29.9,-97.95,,83.5,69.9,64,5.7,72,,0.1,90.98
6054960043,humidity,2021-10-02T18:10:59Z,19.315,6097,5.261,126.5,146.0,55.0,30.26,-97.69,,82.4,68.2,62,4.3,21,,0.0,93.81
6060288376,just sloggin' ,2021-10-03T18:30:44Z,9.67,2724,4.695,138.9,158.0,52.8,29.9,-97.95,,81.8,65.3,57,4.0,56,,0.0,95.47
6064603254,progression,2021-10-04T17:52:56Z,5.042,1138,3.762,158.4,179.0,17.4,30.11,-97.85,180.0,87.3,48.9,27,11.1,28,152.0,0.0,105.33
6064716455,cooldown,2021-10-04T18:20:17Z,5.024,1530,5.075,136.1,144.0,10.9,30.1,-97.85,0.0,85.9,50.0,29,8.8,36,36.0,0.0,90.4
6074918752,heatmap & hills,2021-10-06T17:57:58Z,16.145,4589,4.737,138.9,174.0,116.5,29.99,-97.89,,87.5,46.4,24,4.1,158,,0.0,93.86
6079821332,did not feel like running today,2021-10-07T17:57:36Z,14.541,4475,5.129,130.3,150.0,74.1,30.17,-97.87,180.0,89.3,56.5,33,7.7,187,7.0,0.0,93.8
6089738495,Weather meh,2021-10-09T18:34:40Z,13.239,3948,4.97,136.3,169.0,135.7,29.9,-97.95,,85.5,59.6,42,11.1,172,,0.0,93.16
6095256675,weird and windy,2021-10-10T17:40:12Z,22.832,6946,5.07,135.7,165.0,106.0,30.26,-97.69,,90.9,70.9,52,21.4,169,,0.0,94.77
6104881235,progression-ish,2021-10-12T18:20:11Z,14.583,4067,4.648,142.9,175.0,106.7,29.9,-97.98,,76.0,72.2,88,10.3,160,,0.1,95.04
6109619850,easy hills,2021-10-13T17:36:51Z,16.259,5204,5.335,127.7,150.0,118.6,30.11,-97.85,,84.2,71.9,67,14.8,170,,0.1,94.02
6114335189,progression sorta,2021-10-14T18:02:14Z,12.928,3575,4.609,136.4,171.0,58.3,30.16,-97.87,,82.8,72.5,71,4.3,69,,0.0,99.6
6118505471,braindead,2021-10-15T18:18:04Z,7.254,2303,5.291,119.1,127.0,15.3,29.95,-97.9,,76.8,60.0,56,13.9,4,,0.0,100.21
6133760474,feelin good,2021-10-18T17:41:40Z,20.959,6036,4.8,131.2,162.0,95.4,30.17,-97.87,180.0,71.1,53.0,53,8.0,153,27.0,0.0,98.27
6138628543,hail SATN,2021-10-19T17:34:46Z,12.895,4444,5.744,139.0,164.0,69.1,30.17,-97.89,,77.9,60.1,54,10.8,159,,0.0,78.64
6143391118,some hills,2021-10-20T17:36:20Z,13.305,3883,4.864,144.4,169.0,130.7,29.9,-97.95,,80.5,67.5,65,2.7,132,,0.0,88.45
6147791394,lazy,2021-10-21T17:44:03Z,6.96,2236,5.354,124.9,136.0,13.0,29.95,-97.9,,82.6,65.8,57,5.2,59,,0.0,93.4
6157105723,wander,2021-10-23T18:22:15Z,10.52,3299,5.227,137.2,154.0,62.0,29.47,-98.63,,80.7,65.9,61,8.6,159,,0.0,87.63
6162164711,sun soak ☀️,2021-10-24T14:19:32Z,22.54,6666,4.929,146.1,179.0,102.4,30.26,-97.69,,83.0,69.2,63,10.4,199,,0.1,87.9
6166738501,late summer,2021-10-25T17:58:03Z,9.673,2949,5.081,127.8,146.0,71.5,30.03,-97.89,,86.6,70.2,58,7.4,160,,0.0,97.15
6171592572,progression,2021-10-26T17:53:49Z,9.697,2669,4.587,138.6,188.0,17.1,30.03,-97.89,139.1,84.4,69.2,60,16.0,160,20.9,0.0,100.84
6184748295,new shoe day,2021-10-29T17:11:10Z,8.062,2345,4.848,134.1,147.0,39.0,29.99,-97.89,,70.1,29.7,22,15.9,326,,0.0,95.32
6189447077,floating,2021-10-30T15:50:13Z,26.116,7611,4.857,139.6,178.0,121.7,30.26,-97.69,,74.3,44.2,34,4.9,177,,0.0,90.38
6194816281,🎃👻,2021-10-31T18:28:07Z,8.077,2463,5.082,132.8,149.0,67.0,29.9,-97.95,,74.9,57.2,54,7.1,118,,0.0,91.97
6202615667,Exploring 🌵,2021-11-02T10:21:45Z,9.7,2662,4.574,150.7,169.0,36.9,35.74,-112.12,180.0,57.0,33.5,41,5.7,231,51.0,0.0,88.05
6208000955,South Kaibab/Bright Angel 🌞👼,2021-11-03T08:10:17Z,34.241,16919,8.235,136.2,170.0,1363.0,36.06,-112.11,270.0,56.1,36.8,48,3.0,138,132.0,0.0,53.82
6221925521,back in Texas,2021-11-06T17:58:39Z,9.96,3263,5.46,126.2,141.0,50.3,29.48,-98.63,,65.3,51.5,61,4.2,126,,0.0,88.71
6226995502,Leon North ➡️ South,2021-11-07T13:00:02Z,29.794,8867,4.96,141.5,167.0,86.3,29.62,-98.57,198.7,66.0,52.2,61,5.6,178,20.7,0.0,87.42
6236485373,lil' track evening,2021-11-09T17:38:35Z,16.117,4369,4.518,147.2,186.0,0.0,29.99,-97.89,,73.1,61.4,67,7.0,163,,0.0,93.46
6240912663,nice night,2021-11-10T17:50:25Z,6.486,1648,4.235,148.2,170.0,0.0,29.99,-97.89,,78.0,61.6,57,15.0,191,,0.0,101.04
6263396864,some loops ➿,2021-11-15T17:05:09Z,6.458,1849,4.772,141.9,161.0,87.0,29.9,-97.95,,77.7,59.5,53,8.6,195,,0.0,92.26
6268072432,ran out of light 😔,2021-11-16T17:20:58Z,8.065,2545,5.259,133.5,157.0,62.7,30.11,-97.85,,78.7,59.8,52,17.2,180,,0.0,90.67
6272652698,Stagecoach loops,2021-11-17T17:17:02Z,10.012,2913,4.849,146.3,168.0,83.0,30.09,-97.84,,80.1,60.0,50,12.3,180,,0.0,88.9
6276966621,track progression,2021-11-18T17:27:23Z,8.153,2038,4.166,151.6,178.0,0.0,30.03,-97.89,,63.0,33.3,33,15.3,18,,0.0,98.0
6280794526,Neighborhood hills,2021-11-19T17:16:33Z,8.115,2559,5.256,135.7,161.0,153.9,29.9,-97.95,,63.0,35.2,35,3.9,103,,0.0,84.79
6284405203,lazy,2021-11-20T11:01:17Z,6.452,1925,4.973,143.4,159.0,79.5,29.9,-97.95,,62.4,53.3,72,6.1,188,,0.0,86.0
6294570889,feeling easy today,2021-11-22T17:06:48Z,12.913,3842,4.959,134.5,153.0,72.0,30.09,-97.84,,66.9,30.5,26,8.0,13,,0.0,91.42
6299068335,more laps,2021-11-23T17:08:45Z,9.684,2772,4.771,147.0,164.0,54.5,30.09,-97.84,,66.7,36.4,33,10.0,164,,0.0,87.47
6303344249,lazy river run,2021-11-24T16:52:20Z,5.136,1584,5.14,129.2,139.0,11.3,29.89,-97.93,220.9,77.5,60.8,56,17.5,182,38.9,0.0,95.91
6307280834,5K TT for Bexar Run Crew,2021-11-25T14:50:33Z,5.014,1014,3.37,150.8,191.0,7.3,29.94,-97.93,180.0,60.0,34.9,39,17.7,1,179.0,0.0,122.38
6315073264,gloomy wander,2021-11-27T16:02:50Z,13.523,4181,5.153,146.7,169.0,132.7,29.9,-97.95,,51.3,50.8,98,5.4,204,,1.0,80.34
6327918070,wobble,2021-11-30T17:09:23Z,9.692,2814,4.839,144.6,166.0,49.2,30.09,-97.84,,69.3,54.3,59,10.5,184,,0.0,88.87
6332131896,nice evening,2021-12-01T17:24:32Z,9.674,2934,5.055,133.4,153.0,54.3,30.14,-97.87,,73.6,59.2,61,5.7,201,,0.0,91.83
6336192388,cool and humid,2021-12-02T17:24:47Z,8.055,2434,5.036,127.6,143.0,18.3,30.11,-97.85,,74.8,62.1,65,10.1,193,,0.0,97.5
6339858835,warm,2021-12-03T17:07:29Z,9.684,2976,5.122,134.5,155.0,48.1,29.47,-98.64,,76.0,63.0,64,7.7,144,,0.0,90.61
6344240018,dark,2021-12-04T16:49:41Z,17.109,5340,5.202,129.8,151.0,86.1,29.47,-98.64,,74.4,64.7,72,3.0,126,,0.0,91.56
6352654063,it's too cold,2021-12-06T18:24:11Z,5.962,1712,4.786,135.8,148.0,78.7,29.9,-97.95,,57.7,29.7,34,13.2,4,,0.0,94.82
6356730866,just doing some loops,2021-12-07T17:32:38Z,11.363,2905,4.261,153.6,170.0,2.0,30.03,-97.89,,64.0,44.1,48,7.8,183,,0.0,93.59
6360845871,lazy loops,2021-12-08T17:46:42Z,6.559,2011,5.11,130.2,138.0,0.0,29.94,-97.9,,72.6,51.1,47,5.7,135,,0.0,92.56
6368071064,soupy,2021-12-10T16:47:16Z,9.812,2847,4.836,142.5,163.0,0.0,29.94,-97.9,,82.0,65.7,58,12.4,208,,0.0,91.98
6380893710,campus ramble,2021-12-13T18:05:30Z,8.088,2430,5.008,147.0,168.0,103.5,29.9,-97.95,,58.5,51.0,76,2.5,90,,0.0,82.39
6385067847,an actual workout,2021-12-14T17:41:10Z,11.844,3101,4.364,159.2,179.0,4.1,30.03,-97.89,,74.8,66.1,75,9.5,195,,0.0,90.3
6389063817,windy gloomy,2021-12-15T17:34:04Z,10.046,3207,5.32,128.1,142.0,59.3,30.03,-97.89,,78.3,65.4,64,15.7,180,,0.0,93.42
6392960411,campus hills,2021-12-16T17:44:35Z,9.796,2916,4.961,147.0,179.0,250.6,29.9,-97.95,,79.9,62.9,56,7.8,192,,0.0,85.81
6396758761,Finally got Will to run and all it took was a 3 hour drive,2021-12-17T21:21:48Z,5.574,2022,6.045,116.3,127.0,0.0,29.02,-95.43,,70.9,69.7,96,7.6,148,,0.0,88.85
6404395463,loops,2021-12-19T11:52:14Z,16.264,4670,4.786,146.7,176.0,162.0,29.9,-97.95,,44.2,27.8,52,11.5,13,,0.0,87.48
6408863499,baseball loops,2021-12-20T17:44:21Z,8.238,2592,5.244,126.4,150.0,17.0,29.88,-97.93,270.0,56.8,39.6,52,2.1,108,162.0,0.0,90.91
6413020664,progression I guess,2021-12-21T17:45:25Z,8.076,2194,4.528,141.7,171.0,31.0,29.88,-97.93,,62.7,47.1,57,9.1,205,,0.0,95.82
6416906078,easy,2021-12-22T17:56:53Z,9.011,2811,5.199,126.7,143.0,33.0,29.87,-97.93,,69.3,53.4,57,9.8,179,,0.0,94.21
6426895723,looking at mountains 🦅,2021-12-25T13:32:40Z,11.279,3346,4.944,141.5,169.0,24.9,40.59,-105.08,,43.3,24.2,47,6.0,75,,0.0,86.81
6440105272,some hills,2021-12-28T16:11:59Z,14.607,4364,4.979,142.7,165.0,160.1,29.9,-97.95,,73.0,63.4,72,3.4,270,,0.1,86.93
6444450769,graveyard bop 🪦,2021-12-29T16:31:20Z,8.109,2108,4.333,145.6,180.0,57.7,29.9,-97.95,220.9,79.5,63.7,58,4.3,261,40.1,0.0,98.51
6444524787,cool down,2021-12-29T17:17:29Z,3.26,1040,5.317,138.3,157.0,38.1,29.89,-97.96,40.9,80.8,59.8,49,2.0,207,166.1,0.0,83.98
6449140550,hills and campus,2021-12-30T17:52:33Z,11.274,3544,5.239,136.4,165.0,179.2,29.9,-97.95,,77.4,61.5,58,4.9,150,,0.0,86.84
6453045177,last run of the year!,2021-12-31T12:06:40Z,11.879,3778,5.301,134.0,162.0,100.8,29.9,-97.95,90.0,69.0,66.2,91,11.0,184,94.0,0.2,88.28
6453862258,just for the meme,2021-12-31T18:50:50Z,3.507,1047,4.976,150.1,167.0,110.8,29.9,-97.95,,78.2,64.7,63,10.3,181,,0.0,84.24
6457272487,town lake,2022-01-01T11:13:12Z,16.211,4874,5.011,136.8,153.0,61.1,30.25,-97.72,,73.8,69.7,87,12.8,207,,0.0,92.3
6473942156,how about this weather???,2022-01-04T16:36:35Z,11.287,3026,4.468,152.0,177.0,114.2,29.9,-97.95,,61.6,41.3,47,13.9,206,,0.0,91.03
6479004720,first run from my new office,2022-01-05T17:07:18Z,10.252,2827,4.596,149.5,166.0,69.3,30.28,-97.74,,68.7,34.2,28,3.6,300,,0.0,88.11
6484068305,too cold 😔,2022-01-06T17:30:40Z,6.808,2025,4.957,137.3,157.0,82.2,30.28,-97.74,,50.6,19.0,28,14.4,6,,0.0,90.76
6493835063,pacing the end of Courtney's 100k!,2022-01-08T15:54:19Z,16.226,6141,6.308,145.3,196.0,219.7,29.62,-99.17,319.0,59.6,56.1,88,8.8,199,120.0,0.0,67.28
6504082842,cold windy,2022-01-10T16:48:47Z,12.906,3732,4.819,147.3,167.0,161.0,29.9,-97.95,,54.8,24.2,30,13.4,18,,0.0,86.85
6514549590,lil road and trail mix,2022-01-12T16:08:43Z,18.035,5155,4.764,145.2,180.0,172.4,29.9,-97.95,,60.7,40.1,47,5.7,211,,0.0,87.78
6535647751,some estates loops,2022-01-16T15:10:29Z,16.329,4623,4.718,147.0,170.0,120.6,29.9,-97.98,,58.5,20.6,23,4.0,254,,0.0,87.2
6540463715,river run,2022-01-17T16:31:09Z,6.458,1878,4.847,138.3,151.0,32.0,29.88,-97.93,,66.3,22.6,19,6.5,188,,0.0,90.69
6546014341,lazy city loop,2022-01-18T17:08:27Z,9.98,2941,4.911,142.6,163.0,94.9,29.9,-97.95,,71.4,48.2,44,14.0,193,,0.0,89.22
6551266725,enjoying the last warm evening before the freeze,2022-01-19T17:40:19Z,6.71,2011,4.995,134.7,154.0,50.9,29.9,-97.95,,72.9,56.9,57,5.9,187,,0.0,91.9
6576788117,not my day,2022-01-24T17:15:16Z,6.468,1908,4.917,141.0,163.0,91.6,29.9,-97.95,220.9,54.0,48.7,82,3.0,283,62.1,0.0,87.22
6612299807,btwn drizzle and rain,2022-01-31T17:02:28Z,8.508,2458,4.815,143.8,168.0,103.1,29.9,-97.95,,57.1,56.7,98,6.4,36,,2.3,88.52
6617716895,baby progression,2022-02-01T17:43:17Z,8.076,2172,4.482,150.0,167.0,59.6,29.9,-97.95,,68.4,50.9,53,3.8,144,,0.0,90.98
6636321162,cold,2022-02-05T10:56:27Z,6.642,2010,5.044,141.0,161.0,63.3,29.9,-97.95,,32.7,17.6,53,1.7,293,,0.0,84.65
6643161043,loops,2022-02-06T17:48:14Z,6.451,1918,4.955,138.1,160.0,83.8,29.9,-97.95,,55.0,37.3,51,4.7,163,,0.0,88.51
6647823926,neighborhood hills,2022-02-07T17:18:37Z,8.157,2595,5.302,142.4,165.0,161.3,29.9,-97.95,,57.4,33.0,40,9.5,7,,0.0,81.0
6653314271,mini city loop,2022-02-08T17:24:01Z,8.053,2342,4.847,147.6,167.0,80.9,29.9,-97.95,,61.9,33.5,34,5.4,210,,0.0,84.78
6679278702,Rouse run,2022-02-13T13:15:55Z,9.159,2748,5.0,142.9,164.0,54.3,29.47,-98.64,,56.6,19.1,23,5.8,242,,0.0,84.95
6684375053,medium city loop,2022-02-14T17:24:15Z,11.977,3241,4.51,156.4,181.0,107.8,29.9,-97.95,,64.4,25.2,23,10.1,175,,0.0,86.81
6689506017,neighborhood hills & a lil trail,2022-02-15T17:32:57Z,8.06,2600,5.377,140.9,161.0,119.1,29.9,-97.95,,72.1,44.9,38,14.8,176,,0.0,82.49
6694466089,spring lake out and back,2022-02-16T17:33:12Z,8.972,2545,4.728,148.1,170.0,75.4,29.9,-97.95,,79.4,53.3,40,16.6,176,,0.0,90.47
6699370617,Prospect,2022-02-17T17:22:35Z,6.454,2064,5.33,141.3,164.0,79.3,29.87,-97.96,,62.2,30.6,30,16.5,347,,0.0,82.39
6708695266,almost too cold,2022-02-19T16:43:28Z,6.911,1910,4.606,138.0,175.0,0.0,29.99,-97.89,,62.4,27.1,26,5.2,85,,0.0,95.39
6714361395,river run,2022-02-20T18:42:47Z,4.853,1552,5.33,130.3,144.0,24.0,29.87,-97.93,,72.5,50.3,46,13.6,189,,0.0,90.08
6718822068,took the long way down to the springs ,2022-02-21T17:31:33Z,9.674,2836,4.886,140.0,157.0,43.3,29.9,-97.95,120.0,82.0,61.0,49,16.4,177,57.0,0.0,93.17
6723855663,feelin good,2022-02-22T16:45:31Z,12.934,3990,5.141,133.6,160.0,162.3,29.97,-98.04,,83.0,52.5,35,8.7,72,,0.0,90.87
6729044002,frozen death,2022-02-23T16:33:21Z,8.328,2387,4.777,144.7,163.0,14.8,29.87,-97.93,,41.5,28.1,59,15.0,9,,0.0,89.48
6733694001,lazy,2022-02-24T16:54:17Z,7.251,2294,5.273,135.8,150.0,79.2,29.9,-97.95,,44.0,39.0,83,6.7,14,,0.0,84.93
6748541723,chilly and windy,2022-02-27T13:13:14Z,11.859,3412,4.795,146.0,161.0,35.6,29.52,-98.62,192.3,53.3,27.7,37,9.3,11,178.7,0.0,87.33
6753885909,beautiful evening in San Marcos,2022-02-28T17:27:32Z,9.429,2782,4.918,140.3,162.0,134.3,29.9,-97.95,,62.4,23.2,22,3.4,127,,0.0,87.56
6759141256,does this count as hills? 🥰,2022-03-01T17:22:18Z,10.303,3037,4.913,145.5,167.0,282.3,29.9,-97.95,,68.4,25.6,20,5.6,157,,0.0,84.89
6764232234,city wander ,2022-03-02T16:54:33Z,16.201,4871,5.011,140.4,168.0,129.7,29.9,-97.95,,71.1,34.0,26,7.7,154,,0.0,86.88
6769331934,Fulton mini out & back,2022-03-03T17:21:33Z,13.107,3990,5.073,135.9,161.0,165.9,29.97,-98.04,,76.3,47.3,36,7.5,163,,0.0,89.64
6785237892,Sunday ez,2022-03-06T17:39:36Z,17.816,5406,5.057,138.9,169.0,138.9,29.85,-98.02,50.5,79.5,64.1,59,14.8,185,134.5,0.0,90.46
6789385304,back to trash weather ,2022-03-07T15:51:27Z,12.905,3924,5.068,144.8,165.0,295.7,29.9,-97.95,,50.0,23.1,35,14.4,7,,0.0,84.19
6794591196,lil graveyard,2022-03-08T16:18:47Z,8.086,2436,5.021,,,39.6,29.89,-97.96,,49.2,35.4,59,9.8,11,,0.0,
6799685065,hour progression,2022-03-09T15:21:53Z,13.216,3605,4.546,143.7,173.0,65.8,29.89,-97.96,180.0,59.5,29.2,32,6.0,68,112.0,0.0,92.96
6804799145,windy,2022-03-10T16:24:49Z,4.88,1498,5.117,129.4,148.0,16.6,29.95,-97.9,0.0,70.7,41.0,34,8.1,166,166.0,0.0,92.78
6814592935,☀️☀️☀️,2022-03-12T15:34:24Z,12.899,3936,5.086,132.0,148.0,32.0,29.44,-98.43,,52.5,13.1,20,3.2,192,,0.0,89.95
6825419409,de stress,2022-03-14T18:09:50Z,13.625,4127,5.048,140.2,174.0,114.6,29.9,-97.95,,79.3,46.5,31,12.9,220,,0.0,88.42
6830855198,run with Will and Andrea,2022-03-15T17:51:47Z,9.936,3239,5.433,129.5,160.0,121.4,29.9,-97.95,,75.1,34.5,23,12.5,344,,0.0,87.98
6835849906,perfect weather,2022-03-16T18:03:30Z,11.671,3432,4.901,144.2,170.0,155.2,29.9,-97.95,,78.5,36.7,22,11.0,175,,0.0,87.63
6840855831,flat,2022-03-17T18:43:14Z,6.711,2085,5.178,131.4,141.0,2.9,29.88,-97.93,,77.8,59.9,54,12.9,163,,0.0,92.67
6850919259,☀️,2022-03-19T18:34:32Z,8.193,2545,5.177,134.9,164.0,156.2,29.9,-97.95,,76.0,25.8,15,6.6,147,,0.0,87.15
6856910127,neighborhood breezy,2022-03-20T18:47:51Z,6.452,1801,4.652,141.2,166.0,98.9,29.9,-97.95,,74.6,34.2,23,16.9,143,,0.0,95.06
6861553419,sierra loops,2022-03-21T17:18:56Z,8.495,2411,4.73,142.5,172.0,118.0,29.9,-97.95,,70.0,64.9,84,11.2,203,,4.9,93.05
6867152802,frozen wind,2022-03-22T17:21:50Z,11.288,3448,5.091,135.9,162.0,119.1,29.9,-97.95,,65.6,30.3,27,16.9,314,,0.0,89.75
6872526780,gloom,2022-03-23T16:44:38Z,16.104,4630,4.792,141.6,181.0,116.7,29.9,-97.97,,68.7,19.9,15,9.3,305,,0.0,90.11
6877986832,run with Will,2022-03-24T18:22:29Z,8.368,2775,5.527,127.9,144.0,15.9,29.88,-97.93,,76.3,13.6,9,11.8,309,,0.0,86.93
6882459818,WARMTH,2022-03-25T17:42:18Z,6.462,1735,4.475,144.0,173.0,38.7,29.47,-98.64,,85.2,21.0,9,3.6,158,,0.0,94.14
6894190227,white rock lake loop,2022-03-27T17:47:51Z,15.076,4161,4.6,146.9,177.0,58.6,32.83,-96.73,,90.1,32.6,13,13.2,185,,0.0,92.49
6899002039,Arkansas wander,2022-03-28T18:15:21Z,8.973,2600,4.83,136.8,154.0,29.0,36.34,-94.2,,64.5,47.3,54,7.8,149,,0.0,92.92
6904332092,more Razorback Greenway exploring,2022-03-29T18:27:24Z,8.069,2510,5.185,129.8,141.0,27.2,36.32,-94.19,,70.2,58.5,67,16.1,179,,0.0,93.79
6922763583,Trace heatmapping,2022-04-02T18:55:31Z,11.832,3597,5.067,129.4,148.0,76.0,29.81,-97.99,,86.3,30.9,14,8.1,16,,0.0,94.01
6928337489,lazy Sunday,2022-04-03T17:58:41Z,19.319,6023,5.196,136.5,166.0,200.2,29.83,-97.99,26.4,86.4,52.9,32,10.8,140,113.6,0.0,88.6
6932510382,short progression,2022-04-04T18:00:22Z,5.021,1228,4.076,151.1,184.0,16.3,29.9,-97.95,90.0,84.4,60.6,45,11.2,164,74.0,0.0,102.49
6942840018,feelin' easy ,2022-04-06T18:13:53Z,17.725,5282,4.967,138.9,171.0,131.7,29.9,-97.95,,76.8,30.3,18,15.0,5,,0.0,90.06
6951702891,worm,2022-04-08T19:00:30Z,6.497,1935,4.963,131.3,151.0,35.0,29.9,-97.95,,76.0,15.6,10,7.1,328,,0.0,93.39
6960601100,warm up,2022-04-10T07:31:43Z,1.872,587,5.227,129.7,147.0,9.0,30.28,-97.75,156.6,62.0,55.4,79,10.7,179,22.4,0.0,91.41
6960602678,"cap10k, first one in three years",2022-04-10T08:00:47Z,10.187,2346,3.838,175.1,185.0,86.1,30.26,-97.75,,63.0,55.8,78,11.9,178,,0.0,92.52
6967209977,treating myself to some easy miles today ,2022-04-11T17:19:08Z,6.446,2062,5.332,125.9,141.0,8.3,29.9,-97.95,120.0,86.2,62.4,45,7.2,185,65.0,0.0,93.46
6972895687,perfect weather,2022-04-12T18:37:15Z,6.45,1965,5.077,132.3,146.0,23.3,29.9,-97.95,120.0,84.6,60.6,45,15.4,164,44.0,0.0,94.82
7015196496,13 year vegan-versary run 🎉🥳,2022-04-20T17:19:25Z,20.933,6302,5.017,145.6,169.0,214.2,29.9,-97.95,,82.7,66.1,57,17.0,190,,0.0,87.68
7020561853,gloomy windy ,2022-04-21T18:54:10Z,6.444,2116,5.473,126.1,146.0,33.1,29.9,-97.95,,80.6,65.2,60,14.4,147,,0.0,92.13
7025170866,beautiful evening,2022-04-22T19:02:06Z,8.062,2293,4.741,142.9,177.0,62.6,29.9,-97.95,,79.7,62.7,56,18.1,146,,0.0,94.39
7041119536,wet air,2022-04-25T17:21:52Z,9.686,2868,4.935,141.4,171.0,119.5,29.9,-97.95,,69.6,64.1,83,12.3,33,,0.1,90.02
7046447614,🗑️,2022-04-26T16:59:55Z,8.186,2522,5.135,132.1,153.0,52.3,29.9,-97.95,,72.1,56.2,57,9.9,51,,0.0,91.83
7060991595,😐,2022-04-29T13:03:33Z,8.062,2194,4.536,146.1,180.0,54.1,29.9,-97.95,,79.1,67.3,67,14.3,176,,0.1,95.96
7067544056,feeling slightly better,2022-04-30T18:53:07Z,8.062,2501,5.17,137.7,164.0,108.6,29.9,-97.95,,79.5,67.9,68,4.2,58,,0.0,87.5
7073538194,lazy ,2022-05-01T19:26:21Z,6.472,2045,5.266,131.2,160.0,70.4,29.9,-97.95,,79.2,71.8,78,4.7,65,,0.0,90.46
7078370517,the long way down to the springs,2022-05-02T17:33:47Z,8.061,2357,4.873,136.6,160.0,21.4,29.9,-97.95,120.0,80.2,68.8,68,14.4,173,53.0,0.0,95.7
7083890092,run w David,2022-05-03T17:12:57Z,4.845,1674,5.758,126.0,143.0,34.6,30.28,-97.74,220.8,88.0,68.6,53,8.3,147,73.8,0.0,87.1
7084113945,heatmapping ,2022-05-03T18:19:46Z,4.824,1447,5.0,144.6,166.0,62.0,30.28,-97.74,180.0,85.6,66.9,54,8.4,158,22.0,0.0,87.21
7099772104,nah ,2022-05-06T19:49:27Z,4.897,1323,4.502,143.3,176.0,64.2,29.9,-97.95,,89.9,64.6,43,7.9,155,,0.0,97.73
7115975545,summer came early,2022-05-09T17:00:04Z,8.11,2469,5.074,141.8,165.0,86.2,29.9,-97.95,,94.6,67.5,41,15.4,159,,0.0,89.48
7119024817,day 2 of running myself out of the slump,2022-05-10T08:15:56Z,9.69,2871,4.938,142.0,175.0,46.0,29.9,-97.95,,77.2,73.1,87,8.8,153,,0.1,89.86
7122406997,who even am I ,2022-05-10T19:41:48Z,6.448,2035,5.26,131.3,161.0,84.4,29.9,-97.95,,86.9,70.1,57,12.2,137,,0.0,92.29
7125063736,lookout and back,2022-05-11T09:08:59Z,8.952,2544,4.737,145.0,174.0,43.5,29.9,-97.95,,77.4,69.3,76,12.3,170,,0.0,92.21
7127925165,nice evening,2022-05-11T19:21:10Z,5.029,1650,5.469,129.5,148.0,51.2,29.9,-97.95,,87.5,66.4,50,13.3,134,,0.0,90.03
7133323647,springs out and back,2022-05-12T19:11:15Z,10.364,3152,5.069,137.9,170.0,90.4,29.9,-97.95,,89.1,63.7,43,12.3,147,,0.0,90.95
7135952455,meh,2022-05-13T09:55:01Z,5.495,1691,5.129,132.5,169.0,65.6,29.9,-97.95,,74.2,65.5,74,8.7,206,,0.0,92.08
7143763364,hazy,2022-05-14T18:56:58Z,8.05,2530,5.238,138.5,170.0,108.7,29.9,-97.95,,88.7,56.6,34,0.3,45,,0.0,85.07
7149944548,campus hills,2022-05-15T19:28:42Z,5.253,1511,4.794,141.3,171.0,75.0,29.9,-97.95,,91.7,56.8,31,8.2,169,,0.0,92.79
7152738233,students gone ,2022-05-16T10:20:48Z,8.079,2441,5.035,133.8,161.0,39.3,29.9,-97.95,,80.3,68.5,67,4.7,172,,0.0,92.64
7154915790,flat ,2022-05-16T19:15:40Z,6.688,1981,4.937,134.3,164.0,10.3,29.88,-97.93,270.0,93.3,54.3,27,6.5,139,131.0,0.0,94.42
7160390662,couple with David,2022-05-17T17:03:03Z,6.625,2412,6.068,120.4,146.0,45.2,30.28,-97.74,270.0,96.9,57.8,27,15.7,169,101.0,0.0,87.77
7160391204,couple more solo ,2022-05-17T18:00:06Z,4.856,1440,4.942,145.0,171.0,47.5,30.28,-97.74,,96.3,56.8,27,16.2,165,,0.0,89.48
7163337141,dog walkers,2022-05-18T08:56:21Z,5.262,1474,4.669,147.1,179.0,59.9,29.9,-97.95,,73.8,68.7,84,11.4,182,,0.0,91.8
7166332246,beautiful evening,2022-05-18T19:16:36Z,8.069,2452,5.065,134.9,158.0,39.6,29.9,-97.95,,92.0,63.0,38,13.6,150,,0.0,93.44
7171661171,nice evening!,2022-05-19T19:50:42Z,4.866,1515,5.189,130.6,151.0,53.4,29.9,-97.95,,88.2,67.3,50,17.0,166,,0.0,94.93
7173921786,running in the morning sucks,2022-05-20T08:42:12Z,6.898,2077,5.019,141.7,171.0,83.2,29.9,-97.95,,76.6,71.8,85,13.5,173,,0.1,89.38
7179494644,beach to bay,2022-05-21T08:57:53Z,6.734,1555,3.849,176.1,193.0,11.2,27.7,-97.29,299.5,81.4,74.4,79,18.2,174,125.5,0.0,95.18
7189785609,lazy morning neighborhood hills,2022-05-23T07:56:54Z,6.453,1952,5.041,137.1,159.0,85.9,29.9,-97.95,,66.0,63.2,91,4.5,37,,0.0,89.17
7192663592,haven't been to Plum Creek in a while,2022-05-23T19:01:52Z,8.184,2432,4.953,133.0,156.0,53.1,30.03,-97.89,,75.8,68.4,78,13.2,124,,0.0,96.17
7195411434,quick hills in between meetings,2022-05-24T09:53:06Z,4.854,1482,5.089,134.3,169.0,116.1,29.9,-97.95,,72.0,68.4,88,3.8,130,,0.0,90.68
7198055538,tired 😴,2022-05-24T19:18:01Z,4.846,1552,5.337,126.4,147.0,48.8,29.9,-97.95,,80.3,65.1,60,8.8,150,,0.1,93.11
7203090363,springs loop,2022-05-25T18:24:53Z,8.417,2538,5.025,131.5,167.0,70.7,29.9,-97.95,,79.8,50.2,36,4.9,3,,0.0,93.39
7205757511,couple hills,2022-05-26T07:55:52Z,6.458,1878,4.846,142.7,171.0,138.8,29.9,-97.95,,62.4,55.1,77,5.2,239,,0.0,88.61
7208754439,easy with hard effort to end,2022-05-26T19:36:04Z,5.038,1519,5.025,130.6,163.0,63.2,29.9,-97.95,,90.6,56.7,32,5.7,154,,0.0,95.21
7222114542,too early to run fast,2022-05-29T08:35:52Z,5.012,1125,3.741,161.6,187.0,12.8,29.4,-98.42,,76.2,70.3,82,12.3,181,,0.1,104.75
7227368006,lazy,2022-05-30T10:43:25Z,6.459,2058,5.311,126.9,147.0,42.5,29.47,-98.64,,81.7,69.4,67,16.3,172,,0.0,95.04
7231870145,thick air,2022-05-31T07:44:31Z,9.684,2958,5.091,139.0,170.0,94.0,29.9,-97.95,,75.1,73.0,93,9.6,168,,0.2,89.07
7234908329, tired,2022-05-31T18:58:00Z,6.44,2064,5.342,129.9,148.0,77.8,29.9,-97.95,,93.5,62.8,36,13.9,150,,0.0,92.15
7237683316,hills,2022-06-01T09:05:20Z,6.95,2162,5.184,144.3,176.0,192.0,29.9,-97.95,,76.1,73.1,91,4.2,148,,0.9,83.36
7240162130,more hills,2022-06-01T17:38:03Z,9.283,2781,4.993,144.5,163.0,157.1,29.9,-97.95,,87.1,69.7,56,11.5,153,,0.0,88.19
7248431247,no energy,2022-06-03T08:45:07Z,7.117,2166,5.072,134.3,156.0,48.4,29.9,-97.95,,71.0,69.2,94,2.2,276,,0.1,90.67
7256338186,warm,2022-06-04T18:57:40Z,8.382,2610,5.189,134.9,150.0,62.4,29.9,-97.95,,93.6,59.5,32,3.1,60,,0.0,89.1
7262025573,sunny ☀️,2022-06-05T19:15:00Z,7.26,2111,4.846,139.8,166.0,70.2,29.89,-98.01,79.1,83.8,68.4,60,9.6,147,67.9,6.8,93.27
7264345524,wind,2022-06-06T07:58:01Z,5.096,1559,5.099,135.6,157.0,46.7,29.9,-97.95,,75.5,72.5,91,11.9,184,,0.0,91.6
7267358149,easy with hard effort last half mile or so,2022-06-06T19:27:12Z,4.96,1316,4.422,143.6,173.0,24.0,29.89,-97.97,,93.6,70.7,48,13.4,150,,0.0,101.1
7269874539,bleh,2022-06-07T08:33:27Z,8.065,2476,5.117,133.8,148.0,102.3,29.9,-97.95,,76.7,71.5,84,13.4,183,,0.0,92.81
7272260631,sun soak,2022-06-07T16:14:28Z,6.459,1897,4.895,139.6,155.0,78.8,29.9,-97.95,,100.0,62.5,29,12.9,162,,0.0,93.74
7277747911,good mood,2022-06-08T17:32:33Z,8.075,2513,5.187,134.7,154.0,81.6,29.9,-97.95,,98.6,61.5,30,8.2,135,,0.0,90.64
7282806330,easy + lil trail + fast finish,2022-06-09T17:07:05Z,6.53,1946,4.967,139.8,169.0,53.7,29.9,-97.95,,96.0,65.4,37,9.8,159,,0.0,91.58
7288014092,new shoe day,2022-06-10T18:50:09Z,8.069,2470,5.102,134.9,164.0,93.0,29.9,-97.95,,96.1,61.1,32,6.8,171,,0.0,91.56
7293726241,more suburbia,2022-06-11T19:20:41Z,5.032,1560,5.166,127.2,145.0,28.3,29.82,-97.94,,99.8,62.1,29,8.3,161,,0.0,96.49
7297603309,short progression ,2022-06-12T10:04:07Z,6.457,1811,4.675,146.6,165.0,46.2,29.9,-97.95,,84.9,70.0,61,11.1,199,,0.0,92.66
7301840189,lazy morning,2022-06-13T08:10:32Z,5.014,1562,5.192,132.2,160.0,72.4,29.9,-97.95,,79.0,72.3,80,11.6,191,,0.0,92.4
7304779026,nice San Marcos evening,2022-06-13T19:28:41Z,6.838,2027,4.941,138.1,159.0,107.1,29.9,-97.95,,90.5,68.7,49,16.9,152,,0.0,94.48
7307191676,kinda tired,2022-06-14T07:58:08Z,8.29,2505,5.036,135.2,161.0,94.1,29.9,-97.95,,76.6,72.8,88,11.0,175,,0.0,92.92
7310383177,horsefly season in SLP,2022-06-14T18:52:45Z,8.125,2412,4.948,129.9,155.0,74.3,29.9,-97.95,,93.7,58.5,31,18.1,158,,0.0,100.12
7313081276,windy,2022-06-15T08:45:20Z,6.548,1994,5.075,134.6,166.0,120.9,29.9,-97.95,,79.4,72.9,80,10.8,173,,0.2,92.75
7315878243,Run with David,2022-06-15T18:19:15Z,8.677,2660,5.109,129.3,156.0,73.6,30.28,-97.74,220.8,95.3,63.0,35,12.6,176,44.8,0.0,96.64
7326054139,meh,2022-06-17T18:52:58Z,8.062,2208,4.565,145.4,169.0,49.5,29.47,-98.64,,94.8,63.8,36,8.5,137,,0.0,95.37
7331471570,easy ,2022-06-18T18:38:50Z,6.587,2049,5.185,127.3,162.0,36.0,29.47,-98.64,,95.1,62.1,34,11.1,130,,0.0,96.35
7337136002,new trail section,2022-06-19T18:58:24Z,7.254,2155,4.951,131.6,153.0,29.0,29.47,-98.64,,95.6,62.8,34,11.1,126,,0.0,97.68
7340246792,sun 🤩,2022-06-20T11:26:10Z,8.217,2528,5.127,132.8,153.0,34.6,29.55,-98.29,,88.1,67.2,50,5.1,178,,0.0,92.11
7342239735,back to hills 🥰,2022-06-20T19:04:32Z,6.536,1896,4.835,139.3,159.0,101.4,29.9,-97.95,,96.5,58.5,28,8.4,136,,0.0,93.75
7344891479,warm,2022-06-21T08:32:31Z,6.964,2098,5.021,139.1,162.0,94.3,29.9,-97.95,,80.5,72.7,77,4.2,196,,0.0,89.51
7347933055,neighborhood hills,2022-06-21T19:04:02Z,6.51,1977,5.061,138.2,162.0,140.0,29.9,-97.95,,98.6,56.0,24,7.3,121,,0.6,90.04
7350512710,me when I get bit by horsefly in spring lake,2022-06-22T08:22:42Z,7.097,2255,5.296,131.6,156.0,57.9,29.9,-97.95,,78.5,73.0,83,5.6,187,,0.1,89.88
7353458116,lazy,2022-06-22T19:17:54Z,4.838,1580,5.444,127.6,154.0,57.1,29.9,-97.95,,95.9,57.8,28,8.3,166,,0.0,90.81
7358618463,horsefly when it bites me 😈,2022-06-23T18:44:56Z,8.369,2533,5.045,136.1,160.0,123.1,29.9,-97.95,,98.2,56.8,25,6.2,142,,0.0,91.55
7360908841,😔,2022-06-24T08:05:19Z,6.455,1995,5.151,134.1,163.0,58.7,29.9,-97.95,,77.8,70.1,77,6.5,214,,0.0,90.65
7374488121,no energy,2022-06-26T18:31:34Z,8.388,2548,5.063,142.2,164.0,61.9,29.86,-98.01,77.0,98.7,54.5,23,7.5,120,43.0,0.0,87.45
7376539772,morning 😮‍💨,2022-06-27T07:49:45Z,8.199,2582,5.249,134.2,158.0,63.0,29.9,-97.95,,78.6,64.8,63,8.5,358,,0.0,89.01
7379180331,holy shit,2022-06-27T17:40:17Z,9.774,2970,5.064,131.1,162.0,134.9,29.9,-97.95,,95.7,62.3,33,10.1,47,,0.0,95.63
7382209766,neighborhood,2022-06-28T09:13:24Z,8.151,2441,4.991,136.9,170.0,110.2,29.9,-97.95,,78.1,72.2,82,10.6,48,,1.6,92.57
7384745992,progression,2022-06-28T17:33:00Z,8.52,2410,4.714,141.7,174.0,88.9,29.9,-97.95,,91.8,64.7,41,10.5,40,,0.1,95.04
7387527453,tired,2022-06-29T08:25:58Z,5.011,1605,5.338,132.5,159.0,73.4,29.9,-97.95,180.0,73.8,64.4,72,6.7,354,174.0,0.0,88.03
7390452307,Spring Lake loop,2022-06-29T18:48:44Z,8.381,2588,5.146,134.0,160.0,90.8,29.9,-97.95,,95.2,54.7,26,8.2,43,,0.0,91.23
7395341729,super lazy today,2022-06-30T18:06:22Z,4.942,1564,5.275,130.2,154.0,54.2,29.9,-97.95,,92.8,64.8,40,6.9,90,,0.0,91.81
7400092178,heatmap & new trail section,2022-07-01T18:32:12Z,10.429,2845,4.547,144.7,175.0,26.4,29.51,-98.64,,96.1,62.8,34,7.4,93,,0.0,96.01
7411470386,more heatmap,2022-07-03T18:35:30Z,8.773,2654,5.042,129.8,152.0,25.1,29.48,-98.65,90.0,95.3,65.1,37,12.7,136,46.0,0.0,97.7
7414483846,sweaty,2022-07-04T10:36:31Z,9.665,3051,5.261,130.9,155.0,57.1,29.47,-98.64,,82.7,70.3,66,11.9,178,,0.2,92.25
7416446308,windy,2022-07-04T17:44:47Z,6.468,1855,4.78,138.8,164.0,90.2,29.9,-97.95,,97.1,64.8,35,12.3,155,,0.0,96.38
7424786672,🤷🤷🤷,2022-07-06T08:00:20Z,16.134,4745,4.902,144.1,174.0,91.9,29.9,-97.95,,79.1,72.1,79,9.6,202,,0.0,89.41
7427655386,new shoe run,2022-07-06T19:18:57Z,4.847,1577,5.422,128.7,144.0,43.0,29.9,-97.95,,96.6,65.0,36,9.7,154,,0.0,91.11
7432794229,Nacho Run Group,2022-07-07T18:19:07Z,5.284,1576,4.971,142.2,160.0,9.7,29.44,-98.48,,98.2,62.7,31,8.1,161,,0.0,89.6
7435420273,nice morning,2022-07-08T08:43:41Z,10.037,3075,5.106,130.7,144.0,43.0,29.51,-98.64,,79.7,72.9,80,6.1,188,,0.0,94.02
7437411554,warm,2022-07-08T17:40:09Z,9.024,2842,5.249,131.0,155.0,52.6,29.47,-98.64,,98.4,64.8,33,6.0,146,,0.0,91.84
7448922929,more heatmap,2022-07-10T19:00:12Z,8.691,2598,4.982,137.9,169.0,51.0,29.52,-98.62,,98.7,66.5,35,4.5,57,,0.0,91.75
7451019792,some loops,2022-07-11T07:29:42Z,8.488,2584,5.074,136.0,159.0,55.0,29.9,-97.95,,81.2,71.6,73,6.8,229,,0.0,91.07
7453866247,felt very humid,2022-07-11T17:47:11Z,13.207,3695,4.663,142.0,169.0,138.3,29.9,-97.95,,102.6,64.9,30,7.7,165,,0.0,95.98
7457099079,lazy morning,2022-07-12T10:02:12Z,4.851,1563,5.37,127.9,142.0,55.0,29.9,-97.95,,83.8,73.8,72,3.2,141,,0.0,91.09
7459628147,clouds,2022-07-12T18:44:52Z,8.106,2396,4.926,135.1,164.0,53.7,29.87,-97.97,,100.3,63.2,30,4.8,118,,0.0,94.66
7465128753,springs out and back,2022-07-13T18:45:39Z,8.178,2598,5.295,129.2,159.0,75.9,29.9,-97.95,,100.2,62.8,30,6.6,118,,0.0,92.43
7470567692,stormy windy,2022-07-14T19:05:51Z,8.321,2449,4.905,130.6,148.0,48.9,29.55,-98.44,,80.8,71.3,73,6.8,67,,0.0,98.06
7478950836,Davis Mountains,2022-07-16T08:37:56Z,16.179,5641,5.811,141.8,175.0,365.4,30.6,-103.93,,65.8,56.8,73,4.5,270,,0.0,74.5
7484074855,skyline road,2022-07-17T08:23:34Z,6.491,2038,5.233,136.5,164.0,171.5,30.6,-103.93,,69.0,56.8,65,3.9,257,,0.0,86.01
7491417068,🫥🪰,2022-07-18T18:12:50Z,6.594,2203,5.568,143.1,175.0,95.4,29.9,-97.95,90.0,99.5,59.0,26,8.1,174,84.0,0.0,79.37
7494080252,beautiful morning,2022-07-19T07:49:22Z,9.695,2961,5.09,138.1,156.0,39.0,29.87,-97.93,,77.6,72.4,84,8.8,201,,0.0,89.62
7496976519,hørse,2022-07-19T19:31:18Z,6.568,2077,5.271,125.3,144.0,47.7,29.9,-97.98,,96.0,67.4,39,13.0,141,,0.0,97.07
7501808309,mid day purg,2022-07-20T15:42:15Z,9.675,3287,5.663,146.3,168.0,65.1,29.88,-97.96,220.9,100.3,63.9,31,6.5,164,56.9,0.0,76.36
7504793194,humid,2022-07-21T08:05:24Z,4.882,1408,4.806,137.4,165.0,48.8,29.9,-97.95,,80.4,74.0,81,9.9,193,,0.0,95.88
7507207875,beautiful ,2022-07-21T16:38:29Z,8.096,2597,5.346,149.4,172.0,88.3,29.87,-97.96,,97.7,65.3,35,9.8,160,,0.0,79.7
7510654381,tired,2022-07-22T10:33:00Z,5.488,1652,5.017,129.9,147.0,65.0,29.9,-97.95,,83.7,71.2,66,10.8,193,,0.0,97.38
7521678236,SA 🤝 SM,2022-07-24T08:33:26Z,16.188,5474,5.636,145.6,166.0,173.2,29.87,-97.96,0.0,79.5,74.1,84,9.0,189,171.0,0.0,76.98
7525941636,Spring Lake views,2022-07-25T07:37:21Z,8.114,2466,5.065,137.2,166.0,78.1,29.9,-97.95,,76.5,73.6,91,6.5,202,,0.0,90.23
7528715083,River run,2022-07-25T18:00:11Z,8.116,2445,5.021,134.6,151.0,15.4,29.88,-97.94,,98.5,62.1,30,11.4,160,,0.0,94.36
7531727505,Tired,2022-07-26T09:02:30Z,5.246,1736,5.516,125.6,142.0,25.0,29.88,-97.94,,81.9,72.1,72,7.8,207,,0.0,90.98
7534591352,parking lot speed work day 🤠,2022-07-26T19:02:09Z,8.123,2261,4.639,143.2,182.0,6.4,29.9,-97.92,,96.7,63.5,34,14.6,133,,0.0,96.63
7537294515,heavy legs,2022-07-27T08:17:32Z,8.069,2401,4.959,139.0,163.0,16.5,29.88,-97.94,,79.6,73.3,81,9.3,197,,0.0,91.65
7540138176,🫥,2022-07-27T18:21:05Z,4.986,1584,5.294,130.4,150.0,89.8,29.9,-97.95,,88.3,68.8,53,11.5,147,,0.2,92.19
7543557852,mid morning is a weird time to run,2022-07-28T10:18:41Z,8.053,2475,5.122,129.1,152.0,50.2,29.9,-97.95,,85.2,70.7,62,9.0,203,,0.0,95.67
7553996628,so many freds,2022-07-30T09:18:02Z,7.181,2218,5.148,136.5,159.0,42.4,29.47,-98.64,,81.1,71.2,72,7.6,180,,0.0,89.56
7570004961,morning river people ,2022-08-02T08:10:54Z,9.709,2916,5.006,135.6,154.0,20.2,29.88,-97.94,,79.7,72.4,78,10.6,202,,0.0,93.29
7573201309,Tuesday parking lot speed work,2022-08-02T19:06:02Z,8.11,2193,4.507,146.4,182.0,7.2,29.9,-97.92,180.0,99.7,60.4,28,10.7,157,23.0,0.0,96.48
7575876011,very humid,2022-08-03T07:52:17Z,9.698,3022,5.193,133.4,155.0,13.9,29.88,-97.94,,79.8,73.0,80,12.7,188,,0.0,91.85
7578761755,flat,2022-08-03T18:25:48Z,6.578,1993,5.05,131.5,150.0,19.2,29.9,-97.92,,100.7,61.5,28,14.1,162,,0.0,96.7
7586783965,struggle ,2022-08-05T07:41:01Z,9.786,3027,5.155,130.3,170.0,69.8,29.9,-97.95,,78.2,72.9,84,8.6,189,,0.0,93.81
7592671184,new shoe day,2022-08-06T09:28:59Z,6.47,1651,4.253,147.3,177.0,35.4,29.9,-97.95,,73.7,72.7,97,9.9,141,,0.8,100.57
7600751610,looks stormy but it isn't,2022-08-07T18:01:56Z,8.314,2593,5.198,130.0,166.0,67.7,29.9,-97.95,,93.0,66.7,42,11.7,175,,0.0,94.38
7611355535,more hills here than I thought,2022-08-09T16:05:59Z,12.951,3525,4.536,145.3,170.0,198.0,45.36,-85.05,,71.2,56.1,59,7.1,281,,0.0,93.9
7615000823,hills,2022-08-10T09:47:05Z,8.053,2402,4.971,138.4,161.0,170.2,45.36,-85.05,,68.9,64.1,85,8.2,223,,0.0,90.48
7626249271,still Michigan,2022-08-12T10:23:09Z,11.275,3186,4.709,134.5,180.0,11.9,43.6,-84.29,,65.4,50.5,58,2.2,354,,0.0,96.07
7633759671,back home 😍,2022-08-13T18:15:59Z,6.716,2168,5.38,129.3,143.0,7.3,29.88,-97.94,,97.3,66.5,37,10.6,72,,0.0,91.71
7637155108,morning swamp,2022-08-14T08:28:41Z,11.296,3265,4.817,,,105.7,29.9,-97.95,,79.2,71.3,77,7.1,62,,0.1,
7642131875,the swamp has hills,2022-08-15T08:04:31Z,6.452,2026,5.233,136.3,154.0,132.4,29.9,-97.95,,74.9,73.1,94,4.3,111,,0.1,87.38
7647716581,🗑️,2022-08-16T08:00:31Z,8.877,2741,5.146,130.3,165.0,71.9,29.9,-97.95,,77.9,75.5,92,2.9,189,,0.2,93.0
7650885671,new streets,2022-08-16T19:35:20Z,4.847,1444,4.965,129.8,147.0,31.6,30.01,-97.91,,85.0,69.7,60,10.1,158,,0.0,98.32
7653529392,graveyard,2022-08-17T08:17:05Z,8.057,2436,5.039,130.5,156.0,53.4,29.89,-97.96,,78.3,73.9,86,6.3,235,,0.0,95.43
7656447271,couple hills,2022-08-17T19:28:16Z,4.848,1448,4.978,131.8,150.0,69.7,29.9,-97.95,,95.3,62.2,34,7.6,177,,0.0,96.23
7659520761,baby hills,2022-08-18T10:14:42Z,5.284,1617,5.101,137.2,173.0,124.0,29.9,-97.95,,86.9,72.9,63,5.3,242,,0.0,89.92
7661930624,easy and flat,2022-08-18T19:33:24Z,4.911,1531,5.196,116.4,128.0,11.7,29.47,-98.64,,84.3,72.6,68,8.6,39,,0.0,104.58
7666681795,just clownin' around 🤡,2022-08-19T18:22:13Z,8.417,2436,4.824,131.3,180.0,19.9,29.51,-98.64,,85.6,67.6,55,6.3,86,,0.2,99.15
7669901436,progression-ish,2022-08-20T08:34:45Z,9.683,2671,4.598,143.0,165.0,48.0,29.48,-98.63,,77.4,73.2,87,5.6,196,,0.0,95.22
7676731318,gloomy,2022-08-21T09:59:43Z,16.235,4217,4.329,147.3,175.0,23.0,29.59,-98.6,193.4,76.8,73.1,88,8.6,159,34.4,0.1,98.75
7678468588,easy,2022-08-21T19:14:01Z,5.138,1581,5.129,124.8,138.0,16.2,29.47,-98.64,,87.3,71.7,60,6.7,143,,0.1,98.55
7686542159,moist,2022-08-23T08:23:47Z,11.439,3610,5.26,138.6,156.0,87.3,29.9,-97.95,,74.2,73.5,98,5.2,310,,6.1,85.64
7689701243,speed group Tuesdays ,2022-08-23T19:14:51Z,7.787,2040,4.366,152.0,182.0,2.5,29.88,-97.94,90.0,84.7,73.9,70,1.6,106,16.0,0.1,94.01
7689707362,cooldown,2022-08-23T19:52:53Z,1.781,601,5.624,141.0,154.0,7.0,29.88,-97.93,,84.7,73.9,70,1.6,106,,0.1,78.68
7692632276,estates loop,2022-08-24T09:09:47Z,8.854,2810,5.29,129.4,146.0,58.0,29.9,-97.98,,74.4,73.8,98,3.7,256,,2.1,90.96
7695455492,feelin good,2022-08-24T18:49:14Z,12.095,3572,4.922,135.2,171.0,79.0,29.9,-97.95,,85.6,71.1,62,7.3,43,,0.1,94.77
7700941743,beautiful summer evening,2022-08-25T19:14:33Z,8.218,2400,4.867,129.7,153.0,2.6,29.89,-97.93,,85.2,70.1,61,5.5,122,,0.0,99.44
7703872983,kinda meh,2022-08-26T09:54:58Z,7.535,2264,5.008,134.9,163.0,105.1,29.9,-97.95,,74.5,71.3,90,7.1,72,,0.2,92.68
7711272580,had to get a run in too ,2022-08-27T17:08:50Z,4.853,1426,4.897,134.6,168.0,76.4,29.9,-97.95,,90.8,69.7,50,7.4,164,,0.0,95.93
7717680986,perfect weather for hills,2022-08-28T18:32:49Z,16.12,5017,5.187,140.4,169.0,265.2,29.89,-97.93,,90.8,70.0,51,10.6,148,,0.0,87.43
7719761700,stomach feeling like 🌋,2022-08-29T07:47:13Z,4.864,1484,5.086,134.1,148.0,37.5,29.9,-97.95,,75.2,75.1,100,4.3,129,,0.0,91.53
7722668868,weird weather,2022-08-29T18:10:12Z,8.064,2581,5.334,127.3,143.0,90.6,29.89,-97.93,,85.6,72.3,65,14.6,146,,0.1,94.4
7725605239,literally swamp air,2022-08-30T08:45:49Z,9.675,3015,5.194,132.3,158.0,10.2,29.88,-97.94,,76.6,74.9,95,3.5,162,,0.8,90.76
7728494949,mini Fulton,2022-08-30T18:25:55Z,12.894,3235,4.182,156.5,177.0,205.3,29.93,-98.01,,85.3,72.3,65,5.2,137,,0.0,96.0
7734235447,rain run,2022-08-31T18:47:45Z,9.699,3061,5.26,122.9,143.0,77.7,29.9,-97.95,,84.5,71.4,65,4.1,77,,0.0,96.85
7739659252,Fulton all to myself,2022-09-01T18:16:05Z,14.5,4523,5.199,132.5,158.0,238.2,29.93,-98.01,,85.8,72.3,64,4.9,74,,0.0,91.17
7744478172,new shoe day,2022-09-02T18:46:50Z,6.477,1784,4.591,135.5,161.0,32.6,29.47,-98.63,,89.7,69.5,52,5.4,109,,0.0,101.14
7748615328,gloomy,2022-09-03T10:12:47Z,19.335,5727,4.937,134.2,153.0,63.0,29.59,-98.6,192.3,80.2,73.1,79,2.3,349,156.7,0.1,94.0
7761414309,sunset run,2022-09-05T18:45:23Z,12.926,3798,4.897,135.6,155.0,36.4,29.52,-98.43,,86.9,66.6,51,5.7,189,,0.1,94.46
7764070415,river,2022-09-06T09:04:04Z,7.079,2049,4.824,136.1,152.0,10.9,29.88,-97.94,,76.8,70.7,81,3.2,278,,0.0,94.69
7766900483,more Tonkawa,2022-09-06T18:10:18Z,16.132,5000,5.166,138.9,160.0,268.7,29.9,-97.93,,92.7,61.2,35,4.7,155,,0.0,87.27
7769783115,lazy,2022-09-07T09:12:48Z,6.461,2016,5.2,129.7,141.0,8.2,29.88,-97.93,,78.7,72.9,82,3.9,239,,0.0,92.55
7772609277,lightning storm,2022-09-07T19:25:27Z,6.48,1963,5.049,125.3,139.0,34.1,29.9,-97.95,,81.2,69.3,67,9.1,324,,0.0,99.67
7777550493,🫠,2022-09-08T18:25:48Z,6.439,1869,4.837,129.4,149.0,18.6,29.9,-97.95,90.0,91.0,59.1,34,5.9,72,18.0,0.0,100.04
7787444441,warm,2022-09-10T16:10:14Z,9.659,2982,5.146,133.4,155.0,137.3,29.9,-97.93,,83.6,68.4,60,5.0,8,,0.3,91.16
7793849062,meh ,2022-09-11T18:26:33Z,9.703,2979,5.117,139.8,158.0,126.0,29.87,-97.93,330.0,90.9,58.2,33,10.8,24,54.0,0.0,88.38
7798954257,flat,2022-09-12T18:34:17Z,11.534,3201,4.625,137.3,167.0,16.4,29.9,-97.93,,90.3,56.5,32,2.9,67,,0.0,97.79
7804505714,still warm,2022-09-13T17:34:40Z,17.723,5267,4.953,152.8,175.0,128.2,30.2,-97.89,90.0,85.6,67.9,56,2.1,229,139.0,0.0,82.26
7835810931,shit,2022-09-19T18:56:07Z,4.858,1475,5.061,144.2,167.0,40.8,29.9,-97.95,,91.7,64.3,41,6.8,131,,0.0,86.29
7841355510,summer 2,2022-09-20T18:32:32Z,8.049,2117,4.384,159.3,184.0,32.0,29.9,-97.93,,94.8,60.9,33,6.0,129,,0.0,90.01
7846897400,struggle,2022-09-21T19:01:21Z,6.918,2150,5.18,135.9,155.0,16.0,29.9,-97.93,,91.2,59.5,35,8.0,167,,0.0,89.38
7851997249,SL laps,2022-09-22T18:38:07Z,8.133,2161,4.429,153.1,186.0,33.0,29.9,-97.93,,94.1,50.2,23,1.6,98,,0.0,91.21
7870230647,2 down weeks and my fitness 📉,2022-09-26T09:30:58Z,9.669,2622,4.52,157.2,178.0,50.9,29.48,-98.65,90.0,76.5,64.4,66,7.9,15,75.0,0.0,88.0
7872427248,inspired by Little Dog,2022-09-26T18:36:47Z,6.859,2076,5.044,136.3,147.0,8.7,29.9,-97.93,,90.1,42.8,19,11.9,20,,0.0,91.24
7877579320,wobble,2022-09-27T18:35:07Z,8.28,2440,4.912,140.6,149.0,9.9,29.9,-97.93,,86.4,40.1,20,6.5,56,,0.0,89.47
7887365330,trash ,2022-09-29T17:54:39Z,8.068,2395,4.948,141.1,171.0,114.5,29.9,-97.95,,86.7,51.0,29,3.5,50,,0.0,88.57
7902768646,Evening Run,2022-10-02T18:56:44Z,8.05,2351,4.867,147.3,176.0,72.6,29.9,-97.95,,79.9,46.7,31,3.3,28,,0.0,85.62
7907570302,gloomy,2022-10-03T18:21:55Z,11.332,3427,5.04,138.6,165.0,41.0,29.9,-97.93,,82.8,43.2,25,2.3,11,,0.0,87.66
7912932330,progression,2022-10-04T18:18:27Z,11.327,2996,4.408,153.4,185.0,44.0,29.9,-97.93,,84.5,45.0,25,4.1,315,,0.0,91.08
7918072107,hazy,2022-10-05T18:16:10Z,7.036,2224,5.268,134.2,149.0,31.0,30.16,-97.87,,83.6,47.1,28,4.3,87,,0.0,87.22
7927818931,peaceful,2022-10-07T18:15:59Z,12.888,4014,5.191,137.1,152.0,39.0,29.48,-98.63,,81.0,56.0,42,6.0,129,,0.0,87.3
7931576380,BRC run club,2022-10-08T10:20:02Z,8.471,2385,4.692,149.0,180.0,65.8,29.43,-98.51,,76.9,51.3,41,10.1,41,,0.0,89.12
7943955710,heatmap,2022-10-10T18:17:44Z,11.98,3446,4.794,144.2,170.0,94.0,29.51,-98.64,,84.7,52.0,33,12.9,141,,0.0,91.15
7949237396,perfect weather,2022-10-11T18:05:14Z,9.671,2730,4.705,139.6,166.0,81.8,29.87,-97.97,180.0,84.9,57.7,40,6.7,194,14.0,0.0,95.06
7954627737,warmup,2022-10-12T18:41:39Z,2.702,839,5.176,140.3,151.0,32.0,29.87,-97.97,270.0,88.6,62.9,42,4.5,243,27.0,0.0,86.06
7954646249,mile TT,2022-10-12T18:56:35Z,1.611,305,3.154,167.3,179.0,4.0,29.87,-97.99,90.0,88.6,62.9,42,4.5,243,153.0,0.0,118.42
7954696593,cooldown,2022-10-12T19:05:41Z,2.602,814,5.214,151.0,159.0,13.0,29.87,-97.98,90.0,86.1,60.6,42,4.1,151,61.0,0.0,79.08
7979604799,SL loops,2022-10-17T17:48:43Z,6.797,2099,5.147,136.9,149.0,9.1,29.9,-97.93,,74.0,43.9,34,12.4,30,,0.0,88.29
7994818245,❌,2022-10-20T18:20:49Z,4.841,1564,5.384,133.6,156.0,46.0,29.9,-97.95,,76.8,45.3,33,7.7,216,,0.0,85.87
8014178656,❌🤷📉,2022-10-24T16:22:39Z,11.27,3260,4.821,160.3,179.0,27.7,30.26,-97.69,,83.9,68.9,61,10.1,184,,0.0,81.89
8019538308,rough,2022-10-25T17:24:07Z,6.444,2011,5.201,142.3,163.0,29.6,29.9,-97.95,,72.0,35.2,26,6.8,343,,0.0,82.54
8049332578,🥴,2022-10-31T14:45:51Z,5.285,1812,5.714,135.8,153.0,49.5,29.9,-97.95,,75.0,53.5,47,4.5,143,,0.0,79.39
8054707874,gloomy,2022-11-01T15:20:27Z,8.552,2722,5.305,136.9,152.0,9.6,29.88,-97.94,,73.8,54.8,51,5.3,126,,0.0,84.98
8059618160,more gloomy,2022-11-02T14:50:29Z,9.693,3068,5.275,141.6,156.0,5.2,29.88,-97.94,,70.8,61.3,72,4.1,96,,0.0,82.59
8064305972,slowly coming back,2022-11-03T15:01:02Z,8.068,2423,5.006,147.6,177.0,5.0,29.88,-97.94,,83.0,65.5,56,14.3,177,,0.0,86.18
8074439880,getting a little better,2022-11-05T17:45:55Z,6.494,2056,5.276,133.7,148.0,40.6,29.47,-98.63,,73.9,34.4,24,7.2,175,,0.0,86.73
8084623999,beautiful evening,2022-11-07T17:16:56Z,6.446,1840,4.757,147.0,166.0,11.0,29.88,-97.94,,78.5,69.6,74,5.2,187,,0.3,89.3
8089467042,rainy,2022-11-08T16:15:56Z,4.84,1565,5.389,129.9,140.0,15.0,29.88,-97.94,,80.1,65.9,62,6.3,132,,0.1,89.3
8093174610,only two more days of warmth ☹️,2022-11-09T11:24:53Z,8.061,2512,5.194,139.8,162.0,8.0,29.88,-97.94,,72.9,69.1,88,5.9,130,,0.1,85.81
8099345018,enjoying the last warm day,2022-11-10T16:37:33Z,9.679,3035,5.226,140.0,160.0,37.0,29.88,-97.94,,80.2,62.3,54,6.7,200,,0.0,85.33
8102415235,🥴,2022-11-11T10:00:57Z,4.843,1529,5.262,144.4,165.0,27.1,29.9,-97.95,,73.1,67.7,83,8.1,182,,0.0,82.31
8119091770,suck ,2022-11-14T17:01:07Z,6.449,1952,5.045,147.1,168.0,29.0,29.88,-97.94,,59.9,55.0,84,4.8,11,,0.0,82.38
8123940816,too cold,2022-11-15T17:02:35Z,8.06,2334,4.826,148.1,174.0,40.0,29.88,-97.94,,50.5,33.5,52,10.9,14,,0.0,85.81
8128522652,cold still,2022-11-16T16:57:09Z,8.454,2520,4.968,144.2,166.0,49.0,29.88,-97.94,,54.7,31.8,42,11.6,30,,0.0,85.74
8132861025,gloomy,2022-11-17T16:20:18Z,8.643,2599,5.012,144.6,164.0,20.1,29.88,-97.94,,56.4,29.1,35,5.4,161,,0.0,83.7
8136481667,neighborhood hills,2022-11-18T14:12:28Z,7.092,2071,4.867,146.1,167.0,91.6,29.9,-97.95,,52.8,30.6,43,6.3,94,,0.0,85.46
8146801905,very cold,2022-11-20T16:11:31Z,9.841,3087,5.228,139.8,173.0,111.6,29.9,-97.95,,47.7,26.3,43,7.9,25,,0.0,83.41
8155223121,loops,2022-11-22T15:43:53Z,11.266,3335,4.934,143.1,171.0,50.7,29.9,-97.95,,53.5,48.6,83,5.5,55,,0.1,86.04
8158502139,hungry,2022-11-23T11:08:03Z,4.894,1535,5.228,135.6,156.0,25.0,29.88,-97.94,,54.5,50.1,85,4.1,68,,0.2,85.58
8177393734,🗑️,2022-11-27T11:09:51Z,19.327,6177,5.327,145.8,173.0,100.4,29.9,-97.95,90.0,62.3,44.7,52,3.5,320,130.0,0.0,78.13
8185117972,Morning Run,2022-11-29T09:57:27Z,4.846,1528,5.255,142.3,162.0,36.2,29.9,-97.95,,67.4,67.2,99,9.1,211,,0.1,83.48
8186925088,nice evening,2022-11-29T17:03:59Z,5.482,1708,5.192,145.3,171.0,87.9,29.9,-97.95,180.0,76.7,64.5,66,6.7,220,40.0,0.0,82.68
8195626706,k very gloomy ,2022-12-01T16:35:08Z,11.585,3768,5.421,145.6,166.0,28.0,29.88,-97.94,,56.0,39.7,54,4.6,104,,0.0,76.73
8199298806,wobble,2022-12-02T15:37:01Z,12.895,3683,4.76,145.2,177.0,47.0,29.48,-98.63,,65.7,60.6,84,7.9,220,,0.0,89.64
8203597613,little better,2022-12-03T14:39:54Z,15.501,4561,4.904,140.8,159.0,55.0,29.57,-98.62,184.5,61.9,49.1,63,9.9,14,170.5,0.0,89.25
8208603120,fog ,2022-12-04T16:51:43Z,4.857,1327,4.554,145.0,163.0,17.0,29.52,-98.43,139.0,61.2,55.8,82,4.6,113,26.0,0.0,92.66
8212522632,river wobble,2022-12-05T16:42:34Z,11.281,3484,5.147,136.1,151.0,43.0,29.9,-97.93,,74.7,64.8,71,11.7,211,,0.0,89.88
8216992917,great weather,2022-12-06T16:03:02Z,16.105,4843,5.012,138.9,172.0,130.9,29.9,-97.95,,75.4,66.2,73,8.7,193,,0.0,90.0
8221537223,easy first two with hard effort on mile three ,2022-12-07T18:21:21Z,4.851,1308,4.494,141.5,184.0,15.0,29.94,-97.9,,72.9,68.6,86,7.7,158,,0.0,98.32
8225520530,pc loops,2022-12-08T17:07:08Z,8.074,2365,4.882,135.7,160.0,20.3,30.03,-97.89,,77.3,64.3,64,8.5,186,,0.0,94.53
8233459042,city loop,2022-12-10T15:38:15Z,17.71,5516,5.191,143.8,169.0,138.4,29.9,-97.95,,76.5,62.8,63,10.1,185,,0.0,84.06
8238100046,too dark and headlight died,2022-12-11T18:03:27Z,6.476,1988,5.116,142.2,166.0,65.7,29.89,-97.93,300.0,67.1,55.8,67,6.0,31,91.0,0.0,84.65
8241054159,purg lunch ,2022-12-12T12:46:00Z,17.715,6075,5.716,146.9,166.0,190.6,29.87,-97.96,,64.5,63.0,95,8.4,138,,0.1,73.92
8245220550,easy w/ strong finish,2022-12-13T14:09:39Z,14.674,4190,4.759,145.4,174.0,41.0,29.94,-97.9,,74.8,67.7,79,10.8,232,,0.0,90.99
8249606206,run with David,2022-12-14T17:13:19Z,6.65,2244,5.624,127.0,154.0,38.0,30.28,-97.74,220.8,61.8,30.8,31,11.8,309,88.2,0.0,86.04
8252889984,last nice day for a while 😔,2022-12-15T14:52:06Z,8.246,2449,4.95,137.2,151.0,24.0,29.94,-97.9,,59.0,34.7,40,5.2,185,,0.0,89.27
8259973201,cold 🥶,2022-12-17T10:41:57Z,20.287,6258,5.141,145.2,168.0,149.0,29.9,-97.95,,46.2,26.7,46,5.1,345,,0.0,81.2
8264828210,gloomy,2022-12-18T15:27:08Z,11.3,2855,4.211,160.9,182.0,121.0,29.9,-97.95,270.0,50.3,23.1,34,6.4,102,168.0,0.0,89.7
8264894654,back home,2022-12-18T16:22:15Z,4.274,1318,5.14,148.2,182.0,54.5,29.9,-97.97,90.0,51.0,23.2,33,6.2,111,21.0,0.0,79.76
8279249198,easy before cold,2022-12-22T10:37:10Z,8.049,2503,5.183,138.2,163.0,60.0,29.9,-97.95,90.0,54.7,50.0,84,13.7,230,140.0,0.0,86.38
8291036870,Courtney xmas run,2022-12-25T15:43:01Z,14.5,4230,4.862,145.0,177.0,106.4,29.9,-97.95,,48.7,-2.5,12,6.1,176,,0.0,86.16
8295270650,heavy legs,2022-12-26T16:03:56Z,6.667,1990,4.975,137.1,166.0,57.0,29.86,-97.95,16.1,59.5,31.0,34,5.7,349,27.1,0.0,88.99
8299951954,spring lake out&back,2022-12-27T15:56:35Z,11.288,3497,5.163,132.5,155.0,80.1,29.9,-97.95,,52.8,34.2,49,5.7,169,,0.0,88.71
8304499020,perfect weather ,2022-12-28T16:03:14Z,11.595,3358,4.827,142.2,166.0,94.0,29.9,-97.95,,69.4,55.3,61,13.7,183,,0.0,91.27
8309244392,lil city loop,2022-12-29T16:20:25Z,14.489,4138,4.76,142.2,172.0,124.3,29.9,-97.95,,68.3,62.5,82,4.3,321,,0.1,91.11
8318634734,last run of the year ,2022-12-31T16:50:28Z,9.675,2953,5.087,133.5,159.0,148.3,29.9,-97.95,,72.1,49.9,46,12.4,214,,0.0,91.84
8323005035,lazy,2023-01-01T16:20:30Z,4.829,1492,5.149,130.6,154.0,58.5,29.9,-97.95,,73.3,61.9,67,9.2,173,,0.0,92.89
8328660888,perfect weather,2023-01-02T16:35:34Z,12.927,3404,4.389,146.6,177.0,63.8,29.86,-98.01,66.6,78.3,63.2,60,13.3,213,146.4,0.0,98.32
8334077546,lazy loop,2023-01-03T16:31:51Z,13.281,3896,4.889,134.5,164.0,97.0,29.9,-97.95,,72.9,37.8,28,5.7,312,,0.0,92.9
8339517037,chilly,2023-01-04T16:54:30Z,12.894,3516,4.545,139.1,165.0,64.0,30.26,-97.69,,68.8,32.8,26,8.5,293,,0.0,96.65
8355593898,Pacing the last bit of Courtney`s 100k!!🥳,2023-01-07T15:34:55Z,23.588,8964,6.334,141.8,171.0,372.4,29.62,-99.2,0.0,71.7,61.5,70,3.9,103,103.0,0.2,68.71
8366058233,walnut ,2023-01-09T15:50:35Z,9.752,2403,4.107,155.3,181.0,84.0,30.41,-97.72,90.0,65.9,48.7,54,9.0,173,83.0,0.0,96.66
8371937745,warm and buggy 🦟,2023-01-10T17:27:44Z,5.014,1486,4.939,133.1,158.0,33.7,30.26,-97.76,0.0,76.4,57.5,52,10.4,189,171.0,0.0,95.18
8398992997,windy,2023-01-15T16:42:29Z,12.407,3580,4.809,147.2,176.0,122.2,29.86,-98.01,52.4,71.9,50.1,46,17.5,177,124.6,0.0,89.05
8404100917,perfect weather,2023-01-16T17:20:11Z,13.043,3551,4.537,144.2,183.0,43.0,29.9,-97.93,,74.7,53.5,48,1.6,124,,0.0,93.58
8409423712,still great weather,2023-01-17T17:08:41Z,8.419,2567,5.082,136.6,158.0,70.6,29.9,-97.95,,75.1,58.1,56,10.7,147,,0.0,90.16
8415274839,run with Will and Andrea,2023-01-18T19:10:28Z,8.975,3139,5.829,120.9,142.0,67.0,29.85,-97.98,,64.3,32.4,30,5.9,295,,0.0,86.16
8420087178,bored,2023-01-19T17:22:17Z,8.077,2472,5.101,131.5,158.0,104.7,29.9,-97.95,,65.8,28.4,24,6.1,57,,0.0,90.56
8436499378,Return from Walter,2023-01-22T17:13:34Z,9.654,2804,4.841,140.2,176.0,119.0,29.85,-97.98,27.5,60.5,23.6,24,9.0,330,57.5,0.0,90.03
8441301908,cold and windy,2023-01-23T16:35:19Z,10.226,2931,4.777,139.6,183.0,81.3,29.9,-97.95,,55.8,26.8,33,9.8,110,,0.0,91.77
8447120052,wiggle,2023-01-24T16:55:37Z,14.515,4307,4.946,139.2,166.0,162.4,29.9,-97.95,,61.5,45.2,55,10.3,314,,0.0,89.36
8452467435,lazy loops,2023-01-25T17:09:02Z,8.613,2423,4.689,137.6,161.0,112.0,29.9,-97.95,,55.0,31.1,40,9.4,324,,0.0,94.78
8457740245,"easy day, HR low",2023-01-26T17:15:56Z,8.222,2650,5.372,125.5,150.0,89.0,29.9,-97.95,,53.7,32.9,45,3.2,56,,0.0,89.58
8474243521,warm,2023-01-29T16:12:02Z,15.407,4206,4.55,153.3,177.0,71.0,29.48,-98.63,,74.9,52.0,45,6.5,44,,0.0,88.6
8479312765,cold hills,2023-01-30T17:19:58Z,9.672,3036,5.232,149.4,179.0,169.0,29.9,-97.95,,39.7,32.8,76,11.4,3,,0.1,78.56
8485062207,😒😒😒,2023-01-31T17:31:00Z,9.756,2798,4.78,137.7,155.0,147.0,29.9,-97.95,,35.4,32.6,89,12.5,358,,0.3,93.5
8490545810,ice and wind,2023-02-01T17:04:59Z,13.446,4263,5.284,149.8,177.0,387.0,29.9,-97.95,,38.0,32.8,81,8.7,359,,0.3,77.14
8505154899,breezy ,2023-02-04T10:35:59Z,15.161,4656,5.118,154.2,177.0,447.1,29.9,-97.95,,42.6,38.3,85,2.8,166,,0.0,76.45
8512754090,nice weather,2023-02-05T16:14:49Z,21.444,6316,4.909,146.9,182.0,179.0,29.9,-97.95,,69.3,53.2,56,8.8,201,,0.0,85.87
8518004045,lazy trail loop,2023-02-06T17:18:36Z,9.672,2988,5.149,135.3,166.0,81.3,29.9,-97.95,,72.9,54.0,52,15.9,180,,0.0,90.47
8522749825,rain run,2023-02-07T13:33:47Z,8.127,2064,4.233,154.0,182.0,107.0,29.9,-97.95,,66.6,65.9,98,10.8,159,,1.1,96.0
8529203730,warmed up fast,2023-02-08T16:17:23Z,7.321,1999,4.551,149.0,174.0,65.0,29.9,-97.95,,54.5,42.4,64,9.5,319,,0.0,90.2
8534905593,breezy,2023-02-09T17:21:01Z,11.365,3288,4.822,138.6,162.0,86.3,29.9,-97.95,,67.8,41.5,38,7.9,196,,0.0,91.74
8549399169,SARR Greenway relay leg 3,2023-02-12T08:10:45Z,6.451,1409,3.64,160.8,190.0,5.9,29.62,-98.57,127.5,42.6,24.6,49,4.0,146,18.5,0.0,103.34
8557026332,run from the office,2023-02-13T17:09:10Z,8.142,2635,5.394,136.2,156.0,72.0,30.28,-97.74,,68.6,52.2,56,12.2,160,,0.0,84.8
8562831938,easy with Schulle effort to finish,2023-02-14T17:18:29Z,12.96,3801,4.888,141.1,167.0,141.2,29.9,-97.95,,73.0,31.5,22,9.1,239,,0.0,88.85
8573771220,easy miles for new shoe day,2023-02-16T16:59:24Z,13.269,4040,5.075,140.2,161.0,152.8,29.9,-97.95,,55.0,25.5,32,15.3,349,,0.0,87.0
8578593542,still cold,2023-02-17T18:03:55Z,8.394,2488,4.94,145.2,170.0,108.0,29.9,-97.95,,49.6,23.7,36,7.7,30,,0.0,84.95
8590507110,lazy,2023-02-19T17:56:27Z,6.033,1838,5.077,139.5,170.0,62.0,29.87,-97.96,23.4,70.3,51.7,52,7.8,180,156.6,0.0,87.22
8595698988,Fulton ,2023-02-20T17:25:56Z,10.058,2892,4.792,146.4,166.0,173.5,29.93,-98.01,,78.5,59.5,52,12.6,205,,0.0,89.84
8601434355,tempo with intervals ,2023-02-21T17:24:37Z,6.45,1594,4.119,155.8,177.0,9.1,29.9,-97.93,,82.4,60.3,47,16.6,178,,0.0,99.34
8601434752,cooldown,2023-02-21T17:53:12Z,1.627,476,4.875,145.7,154.0,3.0,29.9,-97.93,,82.4,60.3,47,16.6,178,,0.0,89.74
8606900059,wiggle 🪱,2023-02-22T16:42:39Z,22.547,6298,4.656,146.6,170.0,107.7,30.16,-97.87,,85.2,38.7,19,8.5,235,,0.0,90.76
8622451058,gloomy,2023-02-25T16:16:47Z,16.112,5386,5.571,137.6,157.0,64.7,30.2,-97.89,,66.0,56.1,70,4.7,90,,0.0,80.08
8633599746,feels like spring,2023-02-27T17:30:03Z,11.29,3308,4.884,137.6,161.0,90.0,29.9,-97.95,,79.3,30.5,17,2.7,336,,0.0,90.31
8639312423,little sluggish today,2023-02-28T17:31:23Z,10.294,2947,4.771,137.0,167.0,71.8,29.9,-97.95,139.1,79.8,55.2,43,9.1,149,9.9,0.0,95.53
8644891297,hazy ,2023-03-01T17:43:26Z,8.063,2503,5.174,133.9,158.0,114.4,29.9,-97.95,,84.8,65.9,53,7.1,235,,0.3,90.66
8650418378,weird vibes run club,2023-03-02T18:07:31Z,5.479,1614,4.91,132.0,148.0,19.0,29.44,-98.48,,86.5,63.0,45,14.9,156,,0.0,98.43
8666093437,little wobble ,2023-03-05T09:22:17Z,32.358,9320,4.801,150.8,175.0,176.0,29.52,-98.62,65.3,56.9,56.6,99,4.0,177,111.7,0.0,84.24
8672604517,looking for birds,2023-03-06T17:40:54Z,8.152,2654,5.426,131.0,150.0,83.2,29.9,-97.95,,80.0,59.8,50,5.3,192,,0.0,87.42
8678349617,kinda tired,2023-03-07T17:52:02Z,8.092,2323,4.785,137.3,160.0,45.0,29.9,-97.93,,79.9,66.9,65,10.0,164,,0.0,95.95
8683580371,day fog ,2023-03-08T17:31:22Z,8.363,2261,4.506,141.4,168.0,84.8,29.9,-97.95,,82.3,58.6,45,8.3,153,,0.0,98.21
8688746792,flop,2023-03-09T17:28:58Z,9.669,2883,4.969,131.2,147.0,68.3,29.87,-97.97,,84.8,56.6,38,8.6,189,,0.0,96.07
8710074206,rio,2023-03-13T17:18:52Z,11.378,3118,4.567,147.7,179.0,27.7,29.88,-97.94,,69.2,33.6,27,9.5,75,,0.0,90.82
8715924078,lazy day ,2023-03-14T18:47:17Z,6.455,1970,5.086,126.6,156.0,77.2,29.9,-97.95,,65.2,38.0,37,10.1,59,,0.0,95.28
8721411746,great weather,2023-03-15T17:20:09Z,12.913,3738,4.825,136.1,160.0,91.7,29.87,-97.97,,71.9,53.2,52,13.7,169,,0.0,95.42
8727062270,bug day 🦟,2023-03-16T18:38:21Z,7.244,2104,4.841,134.9,172.0,51.2,29.87,-97.97,,82.9,61.4,48,8.6,221,,0.0,96.09
8731838161,warm up,2023-03-17T18:03:09Z,1.626,491,5.033,128.1,140.0,7.0,29.4,-98.49,,60.3,19.9,21,12.2,20,,0.0,95.38
8731979059,twilight mile ,2023-03-17T18:49:40Z,1.626,309,3.167,130.3,140.0,1.0,29.4,-98.49,,60.3,19.9,21,12.2,20,,0.0,149.02
8744198479,chilly ,2023-03-19T16:45:04Z,8.762,3246,6.174,140.7,165.0,192.0,29.64,-98.63,,58.0,28.7,32,5.3,165,,0.0,69.81
8755530602,rainy,2023-03-21T18:23:58Z,9.742,2737,4.683,147.8,172.0,104.5,29.9,-97.95,,70.3,65.8,85,9.6,191,,0.1,90.39
8761450581,😐,2023-03-22T18:27:34Z,16.115,4782,4.946,141.2,168.0,143.1,29.87,-97.97,180.0,78.3,64.5,63,13.1,166,14.0,0.0,90.62
8766834098,windy,2023-03-23T18:22:53Z,9.781,2869,4.889,143.0,159.0,85.8,29.87,-97.97,,79.5,66.0,63,14.0,164,,0.0,90.85
8771862345,lazy,2023-03-24T19:01:17Z,9.887,2841,4.789,140.1,152.0,21.0,29.86,-97.96,0.0,79.9,44.0,28,5.9,245,115.0,0.0,91.83
8777587137,😡😵‍💫🙄,2023-03-25T18:40:57Z,12.092,3622,4.992,136.4,154.0,101.0,29.87,-97.97,,77.4,33.3,20,4.2,72,,0.0,89.44
8788960910,nice weather,2023-03-27T18:44:02Z,8.093,2444,5.033,131.7,148.0,60.6,29.87,-97.97,180.0,79.6,54.3,42,5.3,112,68.0,0.0,93.41
8794790526,rainy,2023-03-28T18:42:33Z,11.312,3000,4.42,145.7,181.0,82.0,29.87,-97.97,180.0,67.5,31.9,27,13.7,37,143.0,0.0,95.79
8800435167,☁️☔💧,2023-03-29T18:25:46Z,10.107,2907,4.794,138.8,154.0,14.7,29.91,-97.9,,66.3,53.9,64,8.2,137,,0.0,92.82
8869166924,Barton jog,2023-04-10T18:45:18Z,9.694,3345,5.751,130.8,149.0,67.0,30.26,-97.77,40.8,69.0,60.1,73,4.0,34,6.8,0.0,81.85
8874885973,sunny,2023-04-11T18:09:46Z,8.685,2508,4.813,143.3,167.0,64.6,29.87,-97.97,180.0,71.0,51.3,50,9.3,53,127.0,0.0,89.87
8880929146,buggy,2023-04-12T18:35:23Z,5.757,1759,5.092,137.5,179.0,54.1,29.9,-97.95,,73.6,47.8,40,5.9,70,,0.0,87.86
8937512918,btb 🌉,2023-04-22T10:19:11Z,5.073,1323,4.347,157.5,189.0,17.0,29.43,-98.48,,67.8,58.9,73,8.2,119,,0.0,90.58
8993632822,Evening Run,2023-05-01T18:15:33Z,6.451,1959,5.061,150.1,183.0,83.0,29.9,-97.95,,79.8,60.6,52,8.8,120,,0.0,82.43
8999903254,Evening Run,2023-05-02T19:18:08Z,4.862,1489,5.104,143.7,171.0,56.0,29.9,-97.95,,76.2,64.4,67,5.0,122,,0.0,84.71
9049211900,"see ya, San Marcos 👋",2023-05-10T19:17:50Z,4.843,1457,5.014,156.8,179.0,26.6,29.9,-97.95,,72.1,70.7,96,1.9,69,,0.0,78.63
9135080595,first run in new neighborhood ,2023-05-24T18:11:21Z,8.054,2511,5.196,151.0,168.0,20.0,29.45,-98.48,,85.5,64.8,50,7.2,104,,0.0,80.04
9141306588,nice evening,2023-05-25T18:56:19Z,6.445,2018,5.219,141.5,155.0,15.2,29.45,-98.48,,85.5,65.5,51,9.2,87,,0.0,85.44
9172639047,rival running rivals run club,2023-05-30T18:03:39Z,9.672,2939,5.065,159.3,184.0,30.0,29.44,-98.42,,84.8,64.6,51,9.2,91,,0.3,78.12
9176417980,clubhouse run group,2023-05-31T10:15:58Z,5.256,1735,5.502,145.7,166.0,18.0,29.4,-98.49,,78.2,66.3,67,6.2,131,,0.0,77.89
9182850417,nice morning,2023-06-01T10:38:36Z,4.919,1370,4.642,151.0,169.0,9.3,29.45,-98.48,,79.0,68.5,70,8.8,161,,0.2,89.74
9207955779,brackenzoo,2023-06-05T10:33:30Z,6.47,1822,4.694,150.3,188.0,15.0,29.45,-98.48,,76.5,66.3,71,5.5,69,,0.0,88.29
9210557691,it's so calm down here at night,2023-06-05T18:56:54Z,5.752,1809,5.242,141.6,159.0,36.3,29.45,-98.48,,83.5,63.1,50,9.8,343,,0.1,84.88
9216754102,humidity 📈,2023-06-06T17:09:16Z,8.859,2637,4.961,148.9,171.0,49.5,29.45,-98.48,,84.7,63.7,50,8.9,45,,1.0,85.22
9220716714,clubhouse,2023-06-07T10:18:52Z,6.495,2116,5.429,136.3,153.0,26.0,29.4,-98.49,,79.1,69.7,73,2.9,212,,0.1,84.02
9223453388,wolfpack relay,2023-06-07T19:09:51Z,2.516,566,3.749,144.9,155.0,11.0,29.48,-98.48,,83.9,66.2,55,2.4,202,,0.0,114.44
9229885027,double Ken,2023-06-08T18:12:30Z,9.991,3025,5.046,143.6,167.0,51.4,29.45,-98.48,41.0,92.7,64.2,39,1.4,51,10.0,0.0,85.97
9245845489,triple Kenny 😎,2023-06-11T08:28:14Z,6.539,2263,5.768,135.1,164.0,48.4,29.45,-98.48,,77.6,72.6,85,11.4,190,,0.1,81.3
9251552664,wet blanket ,2023-06-12T08:41:47Z,8.392,2474,4.913,145.5,178.0,41.8,29.45,-98.48,,77.4,72.1,84,9.0,166,,0.0,88.14
9258195538,cloud,2023-06-13T09:44:43Z,9.87,2993,5.054,143.4,162.0,27.0,29.45,-98.48,,80.8,72.7,76,13.2,183,,0.2,87.93
9264742216,pre-Clubhouse,2023-06-14T09:28:29Z,4.857,1284,4.406,154.2,173.0,18.4,29.4,-98.49,,81.3,72.1,74,10.4,171,,0.0,93.23
9264744094,Clubhouse ,2023-06-14T10:16:28Z,5.273,1640,5.184,148.5,172.0,19.0,29.4,-98.49,,84.0,71.5,66,10.3,178,,0.0,82.39
9270998276,swamp,2023-06-15T10:07:52Z,5.661,1773,5.22,134.1,158.0,34.9,29.45,-98.48,,84.7,75.6,74,6.1,126,,0.0,90.07
9285623574,hazy,2023-06-17T17:57:05Z,5.394,1640,5.068,139.2,154.0,14.0,29.45,-98.48,,98.4,72.9,44,6.8,191,,0.0,90.14
9292172205,nice and quiet,2023-06-18T18:31:41Z,7.269,2144,4.916,148.2,169.0,39.3,29.45,-98.48,,102.7,64.2,29,7.5,253,,0.0,87.16
9295376345,buzzy bugs,2023-06-19T09:48:26Z,11.29,3612,5.332,139.7,159.0,42.5,29.44,-98.42,,83.8,73.8,72,6.5,174,,0.0,84.57
9297977614,extra,2023-06-19T18:06:55Z,4.881,1398,4.774,147.0,163.0,9.1,29.45,-98.48,,103.3,67.5,32,6.1,156,,0.0,90.44
9304610163,cloudy,2023-06-20T19:13:29Z,6.57,1931,4.898,142.6,174.0,38.6,29.45,-98.48,,103.1,68.3,33,5.2,173,,0.0,90.73
9308170263,clubhouse + lil extra,2023-06-21T09:09:02Z,12.893,3950,5.106,142.9,162.0,46.9,29.4,-98.49,,83.8,75.8,77,3.5,108,,0.0,85.9
9320395342,sweat,2023-06-23T10:30:15Z,9.675,2977,5.128,137.4,156.0,22.3,29.45,-98.48,,85.6,73.2,67,8.7,125,,0.0,89.89
9325524699,rival running rivals run gang run,2023-06-24T06:55:06Z,15.709,4373,4.64,152.6,171.0,85.7,29.45,-98.48,,77.8,75.3,92,6.8,203,,0.0,88.78
9341044699,collecting some new streets,2023-06-26T18:37:26Z,9.675,2934,5.054,141.5,165.0,49.0,29.45,-98.48,,102.5,63.5,28,11.2,163,,0.0,89.44
9344502023,more street clearing,2023-06-27T09:17:34Z,9.678,3040,5.235,144.8,163.0,110.4,29.48,-98.48,,82.6,70.9,68,8.3,216,,0.0,83.2
9350766023,pre clubhouse ,2023-06-28T09:11:10Z,8.066,2414,4.988,137.2,159.0,44.0,29.4,-98.49,,81.7,71.3,71,6.2,193,,0.0,91.72
9351054567,clubhouse,2023-06-28T10:16:38Z,5.221,1774,5.663,128.5,146.0,17.0,29.4,-98.49,,85.0,71.2,64,6.6,152,,0.0,86.52
9357393795,floppin around,2023-06-29T10:38:45Z,8.062,2368,4.895,137.8,163.0,21.0,29.45,-98.48,,85.0,70.9,63,6.9,178,,0.0,93.36
9359904074,downtown run group,2023-06-29T18:12:32Z,7.007,2297,5.464,131.1,145.0,19.0,29.45,-98.48,41.0,98.7,61.8,30,14.5,128,87.0,0.0,89.61
9363197342,new streets,2023-06-30T10:33:30Z,8.365,2313,4.609,147.2,169.0,41.8,29.48,-98.48,,85.9,71.4,62,11.7,177,,0.3,93.87
9368133450,cloudy,2023-07-01T07:47:16Z,6.448,2021,5.224,133.4,152.0,16.0,29.45,-98.48,,78.6,74.6,87,8.5,174,,0.0,90.53
9377937091,beautiful weather,2023-07-02T18:38:10Z,18.279,5559,5.069,134.6,159.0,38.4,29.44,-98.42,,92.3,61.2,36,7.6,114,,0.0,92.31
9381710433,some new streets,2023-07-03T11:36:09Z,9.706,3091,5.308,132.0,150.0,26.4,29.5,-98.45,,89.7,65.2,44,7.4,194,,0.0,89.93
9383811813,more heatmap,2023-07-03T19:12:24Z,8.498,2446,4.797,145.2,165.0,77.1,29.49,-98.46,270.0,94.5,61.4,34,6.5,136,134.0,0.0,90.34
9387291953,heatmap - Terrell Hills/east of Alamo heights,2023-07-04T09:28:35Z,11.552,3559,5.135,136.7,151.0,45.8,29.5,-98.45,,82.5,73.0,73,9.2,184,,0.0,90.14
9390376396,more map,2023-07-04T19:04:24Z,6.454,2037,5.26,132.3,151.0,91.8,29.49,-98.47,90.0,95.1,64.6,37,5.9,200,110.0,0.0,90.52
9396432147,more map,2023-07-05T18:26:56Z,8.258,2648,5.345,134.9,152.0,101.9,29.48,-98.48,,82.7,73.8,75,7.2,112,,1.5,87.44
9400397407,"yep, you guessed it... more map 😌",2023-07-06T10:05:07Z,16.115,4977,5.147,137.9,155.0,78.9,29.5,-98.45,,81.9,72.3,73,8.8,148,,0.1,88.99
9411619160,skyline run,2023-07-07T17:24:25Z,4.989,1623,5.422,135.4,166.0,149.0,30.6,-103.93,,95.1,39.3,14,13.3,144,,0.0,85.78
9412325677,my rare trail run,2023-07-08T08:44:05Z,4.844,1895,6.52,127.8,154.0,191.7,30.6,-103.93,,69.5,60.1,72,6.7,276,,0.0,74.32
9427818843,golden noodle,2023-07-10T19:20:22Z,14.494,4230,4.864,149.2,171.0,31.4,29.44,-98.42,,100.6,66.0,33,7.6,177,,0.0,87.5
9434497602,golden vegetable,2023-07-11T19:31:02Z,12.89,4015,5.191,135.8,157.0,34.2,29.42,-98.42,180.0,99.7,68.4,37,6.2,142,38.0,0.0,89.89
9440687699,some zoo hills,2023-07-12T18:30:38Z,9.029,2804,5.176,138.9,172.0,92.5,29.45,-98.48,,105.1,62.5,25,11.9,150,,0.0,89.2
9444456143,more map,2023-07-13T10:34:19Z,8.061,2470,5.107,135.4,162.0,47.0,29.5,-98.45,,87.3,72.9,63,7.7,187,,0.0,91.49
9446974413,more junk miles,2023-07-13T19:16:04Z,8.857,2693,5.068,138.2,162.0,20.0,29.42,-98.42,180.0,101.8,63.2,29,11.8,159,21.0,0.0,91.39
9450322397,morning map,2023-07-14T09:46:30Z,8.633,2745,5.299,128.8,156.0,102.5,29.48,-98.47,,83.8,73.8,72,9.2,177,,0.0,92.82
9456188837,sticky,2023-07-15T09:02:19Z,8.067,2487,5.138,134.6,153.0,16.3,29.45,-98.48,,83.5,73.9,73,8.1,182,,0.0,91.38
9465420976,chasing Ken and Andy,2023-07-16T19:04:55Z,12.88,3355,4.341,156.3,175.0,28.3,29.42,-98.42,,102.0,56.2,22,5.3,126,,0.0,92.64
9468696561,wobble,2023-07-17T10:16:19Z,6.452,2081,5.376,126.2,137.0,13.5,29.45,-98.48,,85.6,68.0,56,5.3,216,,0.0,92.39
9475421410,moist,2023-07-18T10:38:32Z,6.447,2025,5.235,127.0,143.0,16.3,29.45,-98.48,,86.0,71.4,62,4.9,196,,0.0,94.42
9478272874,🌞☀️🌞☀️🌞,2023-07-18T18:54:19Z,12.922,4057,5.233,136.6,150.0,43.0,29.42,-98.42,,103.8,56.9,22,9.0,153,,0.0,88.77
9481954812,Clubhouse + extra,2023-07-19T09:08:06Z,16.13,4866,5.028,137.1,160.0,63.1,29.4,-98.49,,83.1,71.7,69,8.7,183,,0.0,91.65
9484963798,golden 🧸,2023-07-19T19:28:28Z,5.444,1594,4.88,139.5,176.0,15.0,29.44,-98.48,,101.5,59.4,25,10.1,143,,0.0,93.43
9488008673,more map,2023-07-20T09:02:17Z,6.682,2138,5.332,127.3,152.0,52.9,29.5,-98.45,,82.3,72.7,73,6.7,174,,0.0,92.69
9491273281,sahara dust,2023-07-20T19:19:46Z,10.971,3269,4.966,132.4,158.0,27.6,29.42,-98.42,,100.1,59.8,27,10.0,130,,0.0,96.66
9496836652,nice evening,2023-07-21T19:25:17Z,8.22,2409,4.884,131.1,160.0,26.0,29.45,-98.48,,99.8,54.0,22,5.4,128,,0.0,97.92
9500689882,map,2023-07-22T09:28:41Z,9.738,2880,4.929,137.0,166.0,80.4,29.51,-98.44,,82.9,71.0,67,4.0,267,,0.0,92.59
9503182224,thick air,2023-07-22T19:04:14Z,13.743,4141,5.022,135.9,158.0,36.2,29.42,-98.42,180.0,100.8,57.1,24,7.8,168,12.0,0.0,92.57
9509687432,easy gloomy,2023-07-23T18:39:47Z,16.547,5084,5.121,131.0,148.0,60.1,29.42,-98.42,,93.7,66.9,42,6.8,81,,0.0,94.14
9515583430,more AH map,2023-07-24T19:01:54Z,11.303,3555,5.242,130.8,154.0,138.7,29.48,-98.48,,97.6,58.4,27,10.3,134,,0.0,92.52
9522252284,chaotic map,2023-07-25T19:27:07Z,10.091,2974,4.912,137.9,158.0,72.9,29.49,-98.45,,97.8,58.7,28,8.0,126,,0.0,93.23
9525800353,little dipper,2023-07-26T09:34:17Z,11.269,3265,4.829,143.1,168.0,31.2,29.52,-98.43,,82.7,72.7,72,6.9,178,,0.0,91.11
9534641948,Wilshire map,2023-07-27T18:52:07Z,12.913,3968,5.122,135.3,154.0,54.5,29.49,-98.42,,98.0,57.7,26,5.9,137,,0.0,90.69
9540222943,Salado valley map,2023-07-28T18:53:07Z,9.668,2919,5.032,135.2,151.0,44.5,29.49,-98.42,,98.5,53.9,23,4.4,131,,0.0,91.89
9551122342,completed Oak Park map 🤝,2023-07-30T10:22:41Z,11.787,3482,4.923,143.4,165.0,87.5,29.5,-98.45,,85.6,69.2,58,3.6,210,,0.0,88.53
9559234045,"East Terrell Hills map, so many culdesacs 😔",2023-07-31T18:49:04Z,16.103,4897,5.068,139.0,156.0,62.0,29.49,-98.41,,100.8,59.2,26,7.9,133,,0.0,89.82
9566034473,majestic water cooler in the sky,2023-08-01T19:03:17Z,16.167,4879,5.03,140.2,160.0,69.7,29.5,-98.46,,99.3,58.6,26,8.9,131,,0.0,89.8
9572329127,full sun,2023-08-02T18:17:11Z,16.136,4992,5.156,136.3,157.0,94.0,29.49,-98.41,,100.4,60.7,27,10.8,137,,0.0,90.65
9578615179,wobble,2023-08-03T18:51:43Z,8.069,2463,5.087,134.0,150.0,18.5,29.5,-98.42,,101.8,63.5,29,9.8,164,,0.0,93.51
9588007880,mini progression ,2023-08-05T09:20:39Z,4.967,1241,4.164,151.1,179.0,8.0,29.45,-98.48,,83.5,67.2,58,6.7,180,,0.0,99.72
9597220674,warm ,2023-08-06T18:47:28Z,16.121,4670,4.828,145.5,173.0,54.0,29.42,-98.42,,104.9,60.4,24,10.8,150,,0.0,90.94
9603232636,easy map,2023-08-07T18:53:53Z,9.765,2945,5.027,137.1,150.0,25.0,29.5,-98.42,,104.7,57.5,21,9.6,162,,0.0,92.28
9610022966,mini progression,2023-08-08T18:53:25Z,6.452,1600,4.133,156.3,177.0,17.3,29.5,-98.42,,104.4,59.6,23,10.5,169,,0.0,98.75
9610037799,extra,2023-08-08T19:25:01Z,3.578,1058,4.928,150.1,163.0,14.0,29.5,-98.42,,102.2,59.5,25,10.5,146,,0.0,86.1
9616881698,flop ,2023-08-09T18:58:41Z,6.886,2101,5.086,127.5,148.0,10.0,29.52,-98.43,167.7,105.2,60.3,23,15.3,173,5.3,0.0,99.49
9616886926,oop,2023-08-09T19:38:26Z,4.173,1375,5.492,133.8,154.0,13.0,29.49,-98.42,336.5,103.2,63.3,28,13.2,161,175.5,0.0,87.46
9633353478,zoo hill out and backs,2023-08-12T08:26:25Z,16.154,5279,5.446,143.7,169.0,358.0,29.46,-98.48,,81.6,74.4,79,8.3,177,,0.0,80.72
9639485918,emergency 🚑,2023-08-13T08:00:38Z,6.799,2115,5.185,138.3,156.0,54.0,29.45,-98.48,,81.4,75.4,82,9.7,188,,0.0,88.4
9649099981,flop,2023-08-14T18:15:20Z,20.948,6326,5.033,142.0,171.0,208.0,29.45,-98.48,,103.1,56.8,22,7.3,101,,0.0,88.42
9656134959,Monte Vista/Trinity map,2023-08-15T18:10:37Z,12.305,3751,5.08,137.7,167.0,116.6,29.45,-98.48,,102.8,59.5,24,6.8,67,,0.0,90.37
9663077846,Bel Meade map,2023-08-16T18:49:03Z,12.896,3984,5.149,134.7,161.0,154.8,29.47,-98.45,,103.2,53.2,19,5.7,135,,0.0,90.61
9669587526,wårm,2023-08-17T18:12:53Z,12.89,3639,4.705,150.4,179.0,39.1,29.42,-98.42,203.5,105.2,50.8,17,7.3,140,63.5,0.0,89.08
9679414533,moist,2023-08-19T09:18:58Z,6.781,1835,4.51,150.0,174.0,19.0,29.45,-98.48,,82.5,73.5,74,4.4,150,,0.0,92.62
9689096531,Sunday map,2023-08-20T19:16:19Z,14.038,4300,5.105,132.1,153.0,68.0,29.45,-98.48,,99.9,57.0,24,8.7,87,,0.0,93.8
9695210397,lazy zoo,2023-08-21T18:53:20Z,8.059,2507,5.185,132.0,162.0,62.9,29.45,-98.48,,103.3,57.9,23,15.5,102,,0.0,94.04
9701710344,sloppy,2023-08-22T15:32:39Z,24.176,7281,5.019,137.2,170.0,146.0,29.42,-98.42,180.0,87.7,69.3,54,13.8,81,99.0,0.1,92.86
9709022837,to & from Wolfpack run,2023-08-23T18:06:17Z,15.294,4674,5.094,136.0,166.0,115.0,29.45,-98.48,,94.4,68.4,43,11.4,140,,0.0,92.19
9715366914,more northeast map,2023-08-24T19:07:20Z,9.663,2946,5.081,130.0,149.0,32.4,29.52,-98.43,,97.3,63.4,33,7.2,178,,0.0,95.69
9727342405,warmup,2023-08-26T18:57:10Z,1.65,511,5.16,131.6,144.0,13.0,29.18,-98.45,,102.0,58.9,24,5.2,162,,0.0,92.7
9727542822,luau sand relay race,2023-08-26T19:50:03Z,2.786,638,3.817,127.2,142.0,3.0,29.18,-98.45,,99.6,55.9,24,8.6,139,,0.0,130.14
9734005520,easy map,2023-08-27T18:48:27Z,11.383,3583,5.246,130.2,150.0,83.4,29.45,-98.48,,103.5,53.5,19,6.4,209,,0.0,92.17
9739707967,downtown-ish,2023-08-28T17:25:43Z,15.973,4688,4.892,137.2,162.0,49.0,29.45,-98.48,,89.5,68.4,50,6.1,324,,0.2,93.81
9746580477,loose dogs,2023-08-29T18:29:11Z,18.995,5639,4.948,141.5,170.0,121.8,29.45,-98.48,,96.6,58.5,28,11.2,55,,0.0,90.73
9752857445,lazy,2023-08-30T18:08:29Z,12.887,3899,5.043,135.1,155.0,98.7,29.45,-98.48,,96.4,53.5,24,3.9,100,,0.0,91.53
9759141959,easy park miles,2023-08-31T18:19:55Z,9.42,2925,5.175,133.6,153.0,22.0,29.45,-98.48,,97.4,53.2,23,10.5,110,,0.0,91.48
9764294709,random intervals with jogging rest,2023-09-01T15:55:49Z,5.326,1361,4.259,149.1,171.0,0.0,29.45,-98.48,,96.7,58.4,28,7.2,76,,0.0,99.19
9771869754,Terrell Hills map,2023-09-02T18:44:54Z,18.608,5593,5.01,135.9,165.0,214.5,29.47,-98.46,,96.3,51.4,22,9.8,106,,0.0,92.6
9778867029,more Terrell Hills map,2023-09-03T18:51:48Z,15.449,4366,4.71,144.0,168.0,184.6,29.48,-98.46,,96.3,58.5,29,7.7,144,,0.0,92.95
9792044897,breezy,2023-09-05T18:18:09Z,14.507,4215,4.843,144.3,174.0,42.0,29.42,-98.42,180.0,100.8,60.3,27,8.8,150,30.0,0.0,90.79
9798885708,more Terrell Hills map,2023-09-06T18:35:41Z,14.562,4479,5.126,141.4,166.0,166.7,29.48,-98.46,180.0,98.3,63.4,32,5.2,137,43.0,0.0,86.9
9805465397,More TH,2023-09-07T18:43:51Z,12.89,3891,5.031,140.7,163.0,169.8,29.48,-98.46,,98.8,60.6,29,4.1,119,,0.0,88.65
9810847712,Warmup,2023-09-08T17:25:32Z,1.613,496,5.126,124.2,135.0,2.0,29.45,-98.48,41.0,101.9,60.5,26,5.9,151,110.0,0.0,99.13
9811016613,Zoo relay 🥇,2023-09-08T18:21:59Z,3.259,692,3.539,163.9,179.0,0.0,29.46,-98.47,,100.4,58.8,26,6.7,138,,0.0,108.77
9818091583,couple zoo hills,2023-09-09T19:20:27Z,6.689,2088,5.203,130.2,153.0,95.0,29.45,-98.48,,95.4,66.5,39,7.2,126,,0.0,93.39
9825197011,zoo & trinity hills,2023-09-10T18:38:23Z,11.492,3504,5.082,138.2,163.0,210.7,29.45,-98.48,,90.3,67.1,47,5.0,339,,2.1,89.41
9831432106,dark too early,2023-09-11T18:21:06Z,17.807,5188,4.856,138.0,163.0,79.6,29.42,-98.42,,96.7,55.4,25,8.2,154,,0.0,94.02
9838208930,almost feeling like fall,2023-09-12T18:59:00Z,6.52,1998,5.107,126.9,143.0,13.8,29.45,-98.48,,94.6,61.3,33,3.8,36,,0.0,96.55
9844736180,dreary cloudy day,2023-09-13T17:28:24Z,19.481,5474,4.683,147.2,170.0,67.1,29.49,-98.42,,91.3,66.3,44,2.4,68,,0.0,90.6
9851154048,floppin,2023-09-14T17:50:39Z,14.54,4429,5.077,133.1,147.0,41.8,29.49,-98.42,180.0,96.3,64.0,35,5.6,185,5.0,0.0,93.21
9870943411,silver lake loop,2023-09-17T17:21:28Z,6.683,2078,5.182,138.0,165.0,140.8,34.08,-118.27,,71.8,61.5,70,6.1,208,,0.0,86.69
9900255341,mammoth trail fest 26k,2023-09-22T07:31:00Z,28.082,12351,7.33,150.1,173.0,999.7,37.65,-118.99,,34.8,8.6,33,5.3,208,,0.0,55.12
9920739293,back to sea level and warm weather 😌,2023-09-25T18:10:43Z,6.894,2044,4.941,136.7,154.0,14.0,29.45,-98.48,,90.9,69.4,50,2.5,80,,0.0,92.64
9927499052,🤷,2023-09-26T18:24:32Z,6.476,1760,4.53,148.7,170.0,20.0,29.45,-98.48,,92.7,64.7,40,6.0,92,,0.0,93.42
9934144709,wolfpack/fleet feet meetup,2023-09-27T19:05:30Z,4.843,1230,4.233,159.5,178.0,31.4,29.55,-98.46,,89.6,58.7,35,4.5,90,,0.0,92.37
9934145187,cooldown,2023-09-27T19:28:51Z,1.618,506,5.213,143.9,153.0,3.0,29.55,-98.46,,89.6,58.7,35,4.5,90,,0.0,83.15
9940382216,wolfpack/downtown run group,2023-09-28T18:16:26Z,5.979,1570,4.376,148.0,181.0,25.0,29.45,-98.48,41.0,92.5,63.3,38,8.6,118,77.0,0.0,97.58
9940383342,extra,2023-09-28T19:09:18Z,4.08,1253,5.119,147.4,159.0,14.0,29.46,-98.47,221.0,90.2,59.6,36,8.6,131,90.0,0.0,83.45
9945771668,plop,2023-09-29T17:44:31Z,10.156,3178,5.215,132.1,146.0,18.0,29.45,-98.48,,93.8,59.1,32,8.6,107,,0.0,91.57
9965519010,humid rainy,2023-10-02T17:48:53Z,17.191,5213,5.054,135.3,167.0,33.3,29.45,-98.48,,87.1,67.9,53,9.9,142,,0.0,92.64
9972176196,intervals solo + hill route with DRG,2023-10-03T17:19:23Z,15.492,4563,4.909,141.2,168.0,112.9,29.45,-98.48,,92.1,65.4,41,7.1,118,,0.1,90.99
9978553478,flop,2023-10-04T18:09:42Z,12.883,3885,5.026,141.5,160.0,35.9,29.42,-98.42,,87.2,72.2,61,8.1,122,,0.0,88.98
9984517543,swamp air,2023-10-05T16:59:30Z,13.728,3995,4.85,139.4,161.0,35.1,29.49,-98.42,,81.3,66.9,62,7.4,41,,0.0,92.8
9990218286,short progression,2023-10-06T18:07:48Z,6.92,1841,4.434,144.9,173.0,11.9,29.45,-98.48,,82.3,57.1,42,8.4,46,,0.0,97.33
10003546597,cut short,2023-10-08T17:45:32Z,2.705,713,4.393,135.6,155.0,18.0,29.39,-98.5,138.9,75.4,47.9,38,4.6,191,52.1,0.0,103.11
10009429406,upstream,2023-10-09T17:00:02Z,23.991,6663,4.629,150.6,177.0,129.6,29.32,-98.45,348.6,80.4,58.7,48,10.5,182,166.6,0.0,90.08
10015825031,part 1,2023-10-10T17:06:23Z,6.451,2035,5.258,127.7,139.0,24.0,29.49,-98.42,343.8,76.5,62.2,61,9.4,177,166.8,0.0,93.28
10015826626,part 2,2023-10-10T17:50:36Z,4.958,1614,5.426,124.3,141.0,11.0,29.52,-98.43,163.8,76.5,62.2,61,9.4,177,13.2,0.0,92.87
10022225374,soupy,2023-10-11T17:15:21Z,18.587,5001,4.484,148.3,171.0,27.5,29.45,-98.48,,78.0,65.8,66,6.2,161,,0.1,93.85
10028304419,sloppy,2023-10-12T17:58:35Z,10.498,3220,5.112,132.5,145.0,22.7,29.45,-98.48,,83.6,64.8,53,9.2,167,,0.0,92.99
10033583194,Courtney running again 😍,2023-10-13T17:58:40Z,3.486,1110,5.306,123.6,149.0,10.0,29.45,-98.48,,88.2,68.4,52,6.0,34,,0.0,95.89
10039715191,dry ass air 😒,2023-10-14T17:33:44Z,8.105,2076,4.269,147.2,174.0,15.9,29.45,-98.48,90.0,80.0,43.7,28,7.7,7,83.0,0.0,98.4
10046432761,lazy,2023-10-15T17:55:51Z,6.741,2109,5.214,124.3,141.0,12.3,29.45,-98.48,,74.3,41.1,30,11.6,350,,0.0,95.67
10051921351,city,2023-10-16T17:06:25Z,16.91,5074,5.001,134.0,166.0,120.2,29.45,-98.48,,73.1,43.4,34,8.1,354,,0.0,91.94
10058249110,breezy,2023-10-17T17:15:59Z,14.796,4087,4.604,142.8,173.0,39.2,29.42,-98.42,180.0,73.3,46.3,38,5.2,190,10.0,0.0,93.33
10064309239,wobble,2023-10-18T17:46:55Z,11.507,3378,4.893,135.1,156.0,53.7,29.55,-98.44,,77.9,46.9,34,9.4,183,,0.0,93.94
10069886989,warmth 😌,2023-10-19T17:29:29Z,13.615,3878,4.747,139.3,156.0,30.8,29.49,-98.42,,86.6,42.2,21,7.1,11,,0.0,93.68
10074725509,plop,2023-10-20T18:05:13Z,4.853,1536,5.275,118.2,134.0,13.0,29.45,-98.48,,86.4,51.4,30,5.4,182,,0.0,99.56
10080698138,Courtney run,2023-10-21T17:32:38Z,7.096,2234,5.247,121.6,136.0,20.0,29.45,-98.48,,87.3,56.3,35,6.4,162,,0.0,97.85
10087547920,mapping,2023-10-22T17:59:48Z,10.323,3151,5.087,130.5,153.0,19.0,29.45,-98.48,,85.3,59.4,42,10.1,152,,0.0,94.84
10099136239,lil humid,2023-10-24T17:20:02Z,11.281,3477,5.137,132.2,152.0,28.7,29.42,-98.42,,78.3,71.0,78,9.2,104,,0.7,92.8
10105030571,rainy and very humid,2023-10-25T17:52:07Z,7.242,2017,4.642,139.7,171.0,12.0,29.45,-98.48,,72.1,71.2,97,7.7,324,,7.0,96.51
10110668872,sloppy 💦,2023-10-26T17:58:35Z,8.056,2446,5.06,130.9,151.0,16.0,29.45,-98.48,,78.3,73.5,85,9.5,141,,0.4,95.36
10120097769,slop,2023-10-28T10:37:03Z,8.062,2515,5.199,134.7,156.0,34.0,29.45,-98.48,,75.4,73.3,93,9.3,165,,0.9,89.97
10127619077,before cold,2023-10-29T14:11:34Z,16.157,4309,4.445,154.5,175.0,86.1,29.55,-98.44,194.0,80.3,69.0,68,4.9,129,65.0,0.0,90.95
10138858824,Bingus update run,2023-10-31T16:46:07Z,8.268,2375,4.788,133.9,162.0,17.8,29.45,-98.48,,58.5,31.3,35,10.8,13,,0.0,95.66
10143108542,Courtney birthday run 😌,2023-11-01T10:27:40Z,8.136,2545,5.214,128.1,147.0,31.0,29.44,-98.5,,47.7,34.4,60,9.1,40,,0.0,91.51
10150277478,short progression -ish,2023-11-02T17:12:03Z,6.638,1777,4.462,148.8,174.0,31.0,29.45,-98.48,,63.6,42.6,46,6.5,142,,0.0,91.91
10159142363,pay it forward poker run 🥇,2023-11-04T09:18:08Z,5.592,1243,3.705,166.4,190.0,29.5,29.45,-98.5,,59.8,58.5,95,2.9,51,,0.0,98.99
10167962641,heatmap miles with Courtney,2023-11-05T16:11:39Z,13.059,4116,5.253,127.3,159.0,96.1,29.45,-98.48,,77.9,60.3,55,5.6,173,,0.0,92.89
10185664622,😵‍💫,2023-11-08T16:55:05Z,8.364,2384,4.751,140.1,159.0,17.3,29.45,-98.48,,82.9,67.3,59,6.7,174,,0.0,94.25
10191145059,rainy,2023-11-09T16:21:51Z,8.085,2469,5.09,129.1,143.0,15.9,29.45,-98.48,,70.0,67.1,91,12.1,2,,0.6,95.76
10196103804,Courtney miles,2023-11-10T15:56:57Z,8.503,2648,5.19,131.3,146.0,11.5,29.49,-98.42,,64.5,54.1,69,10.6,30,,0.0,90.98
10202375644,rainy,2023-11-11T16:22:14Z,8.498,2404,4.715,143.9,169.0,39.0,29.45,-98.48,,64.8,54.0,68,6.7,21,,0.0,90.68
10208713134,Easy with sk8r girl,2023-11-12T15:47:05Z,16.115,4920,5.089,130.8,175.0,50.4,29.49,-98.42,,60.8,56.4,85,9.7,32,,0.2,92.91
10213860151,floppy rainy,2023-11-13T16:28:48Z,8.06,2361,4.882,134.7,147.0,14.6,29.45,-98.48,,60.1,56.8,89,9.9,18,,0.1,94.06
10219766048,finally some sun,2023-11-14T16:15:36Z,11.284,3348,4.945,135.1,155.0,46.4,29.45,-98.48,,70.4,49.5,48,5.0,8,,0.0,91.83
10225939775,sunny,2023-11-15T16:33:50Z,8.879,2597,4.875,129.7,142.0,20.0,29.45,-98.48,,72.2,55.8,56,4.3,51,,0.0,97.37
10231448685,Courtney run,2023-11-16T17:07:44Z,6.483,2003,5.15,125.1,149.0,18.0,29.45,-98.48,,69.1,55.7,62,3.7,213,,0.0,95.26
10236430250,nice weather,2023-11-17T16:26:25Z,8.064,2474,5.114,131.4,143.0,26.0,29.45,-98.48,,75.0,63.1,67,8.1,242,,0.0,92.93
10242315181,gloomy,2023-11-18T16:52:42Z,6.606,1780,4.491,151.9,166.0,20.0,29.45,-98.49,90.0,68.8,57.5,67,6.8,56,34.0,0.0,90.62
10246987352,stomach wrecked,2023-11-19T09:27:47Z,11.272,3672,5.429,130.3,160.0,72.3,29.45,-98.5,90.0,62.0,60.8,96,7.0,158,68.0,0.1,87.23
10253996593,warm 😌,2023-11-20T16:50:15Z,9.661,2772,4.782,137.9,154.0,25.0,29.45,-98.48,,78.1,46.4,33,11.8,291,,0.0,94.61
10259610014,cold 😡,2023-11-21T16:08:40Z,8.057,2293,4.744,136.2,155.0,24.5,29.45,-98.48,,61.4,40.1,45,17.3,347,,0.0,96.29
10265463466,Still cold,2023-11-22T16:42:58Z,6.482,1883,4.841,134.6,146.0,41.0,29.45,-98.48,,63.5,34.2,33,1.6,262,,0.0,92.37
10270935167,did not wait long enough after eating,2023-11-23T14:08:31Z,16.115,4711,4.872,140.7,163.0,99.0,29.52,-98.43,211.9,55.1,42.0,61,7.5,240,28.1,0.0,88.86
10281493005,gloomy,2023-11-25T16:09:26Z,11.887,3379,4.738,141.0,164.0,45.0,29.45,-98.48,,58.5,49.9,73,7.4,61,,0.9,91.63
10287564090,more TH map,2023-11-26T16:03:57Z,13.163,3978,5.037,135.0,160.0,147.8,29.48,-98.46,,58.1,31.4,36,11.8,11,,0.0,90.37
10292453222,Courtney miles 😌,2023-11-27T16:40:44Z,8.202,2760,5.608,132.9,162.0,27.0,29.45,-98.48,,55.6,31.1,39,6.1,66,,0.0,81.49
10298011095,cold dry air,2023-11-28T16:24:21Z,8.092,2117,4.36,147.6,175.0,12.4,29.45,-98.48,,58.1,31.7,37,2.6,128,,0.0,93.72
10303432167,finished last bits of Oak Park and Northwood neighborhood maps,2023-11-29T15:38:00Z,11.934,3614,5.047,138.0,159.0,127.3,29.5,-98.45,,59.3,45.3,60,6.2,105,,0.0,87.47
10308813658,Torcido loops,2023-11-30T16:16:14Z,16.271,4844,4.962,135.8,168.0,240.1,29.47,-98.47,,71.4,62.3,73,8.8,234,,0.0,92.55
10324601743,some new streets,2023-12-03T15:48:14Z,11.712,3512,4.998,138.3,161.0,56.7,29.45,-98.48,,70.2,41.0,35,9.5,231,,0.0,89.1
10329399108,Monte Vista map,2023-12-04T16:00:56Z,16.206,4675,4.808,138.5,161.0,138.0,29.45,-98.5,,67.6,35.0,30,7.8,63,,0.0,91.68
10334993936,Woodlawn lake area streets,2023-12-05T16:30:37Z,13.251,3937,4.952,129.6,174.0,51.0,29.45,-98.53,,69.6,47.2,45,2.7,114,,0.0,94.96
10340439263,easy olmos park map,2023-12-06T16:25:52Z,13.136,4025,5.107,130.4,157.0,130.0,29.47,-98.49,,67.5,39.7,36,6.3,117,,0.0,91.65
10345317729,lil speed day,2023-12-07T16:20:34Z,9.723,2419,4.147,156.6,181.0,35.0,29.49,-98.42,,70.5,55.6,59,11.7,192,,0.0,96.15
10350023709,breezy,2023-12-08T15:59:33Z,6.637,2041,5.125,128.9,139.0,22.0,29.45,-98.48,,75.2,62.9,66,6.0,211,,0.0,94.1
10355243012,solo 10k TT,2023-12-09T15:16:42Z,10.025,2218,3.687,170.2,180.0,16.0,29.62,-98.57,139.0,73.7,40.4,30,9.8,359,140.0,0.0,98.36
10355256624,cooldown,2023-12-09T16:07:28Z,3.248,972,4.988,139.5,155.0,16.0,29.56,-98.52,90.0,73.6,38.2,28,12.3,357,93.0,0.0,89.05
10371806651,Downtown Run Group bright lights run,2023-12-12T18:08:00Z,9.665,3212,5.539,138.8,177.0,37.0,29.45,-98.48,,66.1,48.7,54,10.6,126,,0.0,80.46
10376548133,gloomy,2023-12-13T16:41:44Z,8.38,2443,4.859,132.0,150.0,19.6,29.45,-98.48,,55.4,50.0,82,12.5,54,,0.0,96.27
10416816228,saw an eagle,2023-12-21T14:57:52Z,5.831,1854,5.299,141.0,154.0,23.0,40.68,-105.06,,53.2,24.5,33,7.8,153,,0.0,81.58
10436429738,2 broken runners hobbling on golf course,2023-12-25T16:28:27Z,11.959,3794,5.287,145.2,168.0,32.0,29.45,-98.48,,58.9,33.3,38,6.4,350,,0.0,79.17
10441912026,struggle,2023-12-26T16:05:33Z,8.337,2492,4.982,143.2,164.0,22.0,29.45,-98.48,,59.5,38.2,45,7.8,213,,0.0,85.44
10476381124,recovering slowly,2024-01-01T15:57:55Z,8.101,2444,5.028,146.9,166.0,30.0,29.45,-98.48,90.0,62.4,39.4,43,11.1,34,56.0,0.0,83.17
10482382229,drenched,2024-01-02T16:16:43Z,8.275,2375,4.784,147.0,161.0,29.0,29.45,-98.48,,50.0,45.3,84,8.2,26,,0.1,86.75
10488842289,still blah,2024-01-03T15:36:41Z,11.289,3309,4.885,147.2,161.0,26.3,29.45,-98.48,,55.6,43.2,63,10.3,359,,0.0,85.19
10495612965,sloppy,2024-01-04T16:07:53Z,14.491,4201,4.832,152.8,176.0,49.0,29.49,-98.42,,56.1,45.5,67,9.8,111,,0.0,82.97
10501390097,sunny,2024-01-05T16:08:43Z,8.18,2452,4.996,136.5,154.0,26.0,29.45,-98.48,,65.1,34.5,32,11.9,290,,0.0,90.13
10515044490,more streets,2024-01-07T15:31:17Z,16.253,4846,4.969,142.9,175.0,111.9,29.45,-98.48,,64.8,38.5,38,12.6,129,,0.0,86.86
10520655751,windy,2024-01-08T14:52:11Z,9.867,2972,5.02,139.5,153.0,43.0,29.45,-98.48,,60.7,53.5,77,23.8,310,,0.4,90.77
10534202802,sunny,2024-01-10T15:38:52Z,19.432,5535,4.747,149.9,170.0,71.0,29.49,-98.42,180.0,63.0,37.5,39,11.1,208,28.0,0.0,86.25
10540589565,more sunny,2024-01-11T15:41:31Z,17.811,5357,5.013,141.4,162.0,76.1,29.49,-98.42,180.0,68.9,55.8,63,8.7,179,1.0,0.0,87.47
10546479426,cold,2024-01-12T17:15:07Z,4.875,1577,5.392,127.4,145.0,12.0,29.45,-98.48,,56.9,20.7,24,7.6,326,,0.0,88.69
10553028487,route hell-ish,2024-01-13T14:32:46Z,21.258,6150,4.822,154.1,175.0,142.0,29.49,-98.49,,59.5,39.3,47,10.0,209,,0.0,82.4
10560241455,freezing golf ⛳ run,2024-01-14T15:47:38Z,9.124,2446,4.468,149.2,174.0,24.9,29.45,-98.48,,39.4,26.3,59,11.7,45,,0.0,92.16
10572800286,still too cold,2024-01-16T16:08:30Z,11.357,3418,5.016,132.2,145.0,40.0,29.45,-98.48,,36.2,3.3,24,7.7,17,,0.0,91.9
10578988861,❄️🥶❄️,2024-01-17T16:12:39Z,10.271,2742,4.45,150.8,173.0,21.6,29.45,-98.48,,44.3,1.1,16,7.7,172,,0.0,90.82
10585297074,rescued by south wind,2024-01-18T16:03:24Z,16.46,4568,4.625,149.3,176.0,85.7,29.42,-98.49,,66.1,41.4,40,8.6,237,,0.0,88.82
10590942728,Courtney miles,2024-01-19T16:19:45Z,10.233,3117,5.077,133.6,148.0,21.1,29.45,-98.48,,49.2,19.9,31,14.0,17,,0.0,91.01
10597654764,mapping,2024-01-20T16:11:08Z,9.724,2842,4.871,136.1,149.0,34.0,29.45,-98.48,180.0,43.4,12.9,29,9.7,67,113.0,0.0,92.29
10602852611,slop,2024-01-21T09:37:39Z,16.684,4738,4.733,146.5,157.0,29.8,29.45,-98.48,,39.3,23.0,52,6.4,36,,0.1,87.65
10604678356,double,2024-01-21T17:21:23Z,4.972,1440,4.827,147.6,167.0,25.0,29.45,-98.48,,41.0,38.8,92,11.9,74,,0.2,86.27
10610339959,big rain last night,2024-01-22T16:23:10Z,11.558,3285,4.737,141.3,163.0,58.0,29.45,-98.48,,65.1,52.8,64,8.3,213,,0.0,92.16
10616892231,slop,2024-01-23T16:23:18Z,8.123,2477,5.082,133.8,149.0,23.0,29.45,-98.48,,71.2,61.6,72,7.7,248,,0.0,91.44
10623513374,leg hurty,2024-01-24T16:00:58Z,11.588,3250,4.674,136.7,177.0,65.0,29.46,-98.46,240.1,64.7,59.4,83,5.8,92,148.1,0.3,96.41
10643061179,Afternoon Run,2024-01-27T16:08:16Z,11.385,3356,4.913,142.9,161.0,38.6,29.45,-98.48,,62.9,43.8,50,11.6,332,,0.0,87.86
10650665117,🤷,2024-01-28T15:35:53Z,18.265,5171,4.718,147.3,163.0,51.5,29.42,-98.42,,65.4,34.8,32,4.3,3,,0.0,87.09
10656887446,🫂🫂🫂,2024-01-29T16:24:48Z,13.007,3422,4.385,153.4,184.0,69.0,29.49,-98.42,,66.2,41.7,41,6.7,240,,0.0,90.85
10664023885,nice day,2024-01-30T16:28:23Z,8.309,2439,4.892,140.0,160.0,31.0,29.45,-98.48,,67.8,39.4,35,3.3,222,,0.0,88.57
10671282613,jammin,2024-01-31T16:56:40Z,16.363,4984,5.076,133.4,149.0,45.0,29.45,-98.48,,68.9,42.1,38,4.9,141,,0.0,90.08
10677673945,good weather,2024-02-01T17:02:33Z,7.462,2085,4.657,139.4,170.0,21.0,29.45,-98.48,,70.2,56.4,61,10.6,174,,0.0,95.99
10683311446,flop,2024-02-02T15:21:25Z,8.244,2443,4.939,130.4,156.0,17.9,29.45,-98.48,,69.8,60.4,72,12.2,154,,0.1,97.3
10695815372,Warm up,2024-02-04T08:40:56Z,1.633,512,5.226,119.1,135.0,13.0,29.57,-98.62,,55.1,24.9,31,15.2,287,,0.0,99.42
10695818642,SARR Great Greenway relay,2024-02-04T09:06:19Z,7.571,1709,3.762,157.2,182.0,14.8,29.57,-98.62,189.9,55.1,26.1,32,16.2,292,102.1,0.0,104.85
10704536414,lazy,2024-02-05T17:26:27Z,6.62,1946,4.9,129.6,154.0,23.0,29.45,-98.48,,66.5,43.0,42,11.9,13,,0.0,97.36
10711407769,new connections,2024-02-06T17:17:39Z,6.542,1697,4.323,153.3,180.0,58.0,29.42,-98.43,,66.4,39.8,38,3.8,144,,0.0,91.57
10717928921,wind,2024-02-07T16:04:22Z,10.178,3046,4.988,132.8,147.0,32.0,29.45,-98.48,,70.3,52.8,54,14.6,157,,0.0,94.66
10724401728,Workout with Courtney,2024-02-08T16:33:16Z,13.076,3488,4.446,148.5,179.0,30.7,29.49,-98.42,,72.2,57.9,61,3.9,66,,0.1,93.3
10737096649,slop,2024-02-10T16:15:58Z,16.435,4881,4.95,138.3,159.0,106.0,29.45,-98.48,,68.4,61.7,79,1.1,307,,0.4,89.46
10744199123,cold windy,2024-02-11T17:13:32Z,8.099,2465,5.073,131.0,148.0,12.0,29.45,-98.48,,67.7,44.2,43,12.9,334,,0.0,93.37
10750190046,more downtown/east streets,2024-02-12T16:15:57Z,13.626,4088,5.0,133.6,151.0,77.0,29.45,-98.48,,61.1,35.7,39,8.4,320,,0.0,91.35
10757236480,nice day,2024-02-13T17:08:42Z,9.755,2873,4.908,133.9,151.0,19.9,29.45,-98.48,,65.5,38.4,37,6.2,159,,0.0,92.66
10770223741,few new streets,2024-02-15T16:44:14Z,16.87,5161,5.099,132.1,153.0,54.0,29.42,-98.49,,72.6,57.2,58,5.8,176,,0.0,91.79
10776301180,southtown/Lavaca streets,2024-02-16T16:54:23Z,14.472,4290,4.941,131.3,169.0,29.0,29.41,-98.48,,70.3,56.8,62,8.5,227,,0.0,95.68
10782727482,Lavaca/Roosevelt Park streets,2024-02-17T13:32:26Z,14.631,4788,5.454,131.4,167.0,15.8,29.41,-98.48,,46.2,28.7,50,15.8,12,,0.0,86.45
10796967264,Highland Park streets,2024-02-19T15:31:48Z,16.903,5646,5.567,121.2,137.0,81.6,29.4,-98.49,,63.6,44.4,50,9.3,204,,0.0,91.06
10804389238,Southeast streets,2024-02-20T16:50:59Z,17.918,5250,4.883,139.8,162.0,97.4,29.42,-98.42,,76.2,56.2,50,8.2,171,,0.0,91.15
10811052663,more Highland Hills,2024-02-21T16:34:49Z,16.378,4767,4.851,141.0,156.0,111.2,29.39,-98.43,,77.0,59.8,55,11.0,156,,0.0,91.77
10817361357,weather today 🤌🫂,2024-02-22T17:28:38Z,8.133,2266,4.644,144.2,166.0,37.0,29.45,-98.48,,86.1,31.5,14,12.1,308,,0.0,92.83
10830407304,breezy,2024-02-24T17:29:19Z,8.903,2431,4.551,142.8,170.0,56.0,29.45,-98.48,,77.0,37.6,24,9.7,172,,0.0,95.0
10837960220,Lone Star/Southtown streets,2024-02-25T16:48:10Z,18.516,5572,5.015,136.8,155.0,22.2,29.41,-98.48,,83.1,58.5,43,11.3,210,,0.0,91.82
10851292423,nice evening,2024-02-27T16:38:17Z,14.874,4241,4.752,141.5,170.0,25.0,29.45,-98.48,,86.1,64.3,48,6.3,203,,0.0,93.23
10857527321,wind,2024-02-28T14:24:22Z,14.65,4143,4.713,139.4,159.0,36.6,29.45,-98.48,,61.6,29.6,30,19.8,22,,0.0,95.09
10870517748,nice day,2024-03-01T17:03:10Z,9.868,2720,4.594,146.8,174.0,26.8,29.45,-98.48,,72.5,46.9,40,5.9,209,,0.0,91.1
10877577614,AH streets,2024-03-02T17:19:13Z,11.621,3540,5.077,131.7,159.0,145.4,29.48,-98.47,,78.5,55.2,45,7.5,170,,0.0,93.01
10884947724,some hills,2024-03-03T15:26:07Z,14.877,4310,4.829,138.2,162.0,178.8,29.48,-98.47,,80.2,58.2,47,10.9,188,,0.0,94.13
10891639583,bug air,2024-03-04T16:28:09Z,11.383,2950,4.319,149.6,181.0,30.7,29.49,-98.42,0.0,82.3,61.3,49,6.5,176,176.0,0.0,96.64
10899361312,sun 🌞,2024-03-05T16:35:49Z,16.253,4705,4.825,142.6,159.0,35.7,29.49,-98.42,,87.3,40.5,19,4.2,288,,0.0,89.45
10919381972,breezy,2024-03-08T15:42:19Z,22.7,6908,5.072,135.3,156.0,69.0,29.49,-98.42,,83.0,29.7,14,11.4,313,,0.0,90.18
10926437791,cold 😔,2024-03-09T17:26:22Z,8.095,2382,4.904,130.3,153.0,35.0,29.45,-98.48,,64.7,38.8,38,11.2,12,,0.0,96.25
10939889348,nice weather,2024-03-11T17:36:09Z,8.376,2484,4.943,131.8,151.0,81.0,29.45,-98.48,,72.1,48.3,43,7.4,177,,0.0,94.66
10947009915,gloomy speed day,2024-03-12T17:12:01Z,11.568,3037,4.376,147.5,182.0,53.7,29.46,-98.45,,76.5,59.1,55,11.6,178,,0.0,97.3
10954698398,windy workout,2024-03-13T18:30:06Z,8.409,2183,4.327,151.8,181.0,39.0,29.49,-98.42,,85.1,60.6,44,12.1,175,,0.0,96.32
10954719332,cd,2024-03-13T19:08:58Z,1.613,487,5.032,148.0,159.0,6.0,29.49,-98.42,,83.4,58.5,43,10.1,155,,0.0,84.4
10961620968,humid 💦,2024-03-14T16:30:49Z,24.516,7397,5.029,138.3,159.0,59.2,29.45,-98.48,,83.0,66.3,57,11.1,152,,0.2,90.99
10967380054,short progression,2024-03-15T16:34:39Z,4.877,1225,4.186,142.6,159.0,24.0,29.45,-98.48,,77.1,63.5,63,14.5,63,,0.0,106.17
10967379954,extra,2024-03-15T16:58:51Z,2.015,622,5.145,129.3,136.0,3.7,29.45,-98.48,,77.1,63.5,63,14.5,63,,0.0,95.28
10975336360,long run progression,2024-03-16T17:22:45Z,23.058,6109,4.416,144.6,172.0,42.3,29.6,-98.54,133.7,76.5,64.2,66,5.5,194,60.3,0.0,97.42
10975336633,cool down,2024-03-16T19:09:58Z,1.638,499,5.076,139.5,145.0,4.0,29.5,-98.42,180.0,76.0,64.4,67,1.6,8,172.0,0.0,87.12
10989522456,hour easy,2024-03-18T17:52:50Z,12.053,3588,4.961,132.8,168.0,45.0,29.45,-98.48,,64.8,41.0,42,13.3,57,,0.6,93.89
10996859664,gloomy,2024-03-19T17:14:55Z,10.037,3084,5.121,123.6,140.0,50.0,29.49,-98.42,,58.5,34.1,40,5.5,148,,0.0,95.85
11010285680,leg wrecked,2024-03-21T14:41:54Z,3.737,1198,5.343,121.3,131.0,18.0,29.45,-98.48,,68.1,62.1,81,3.8,353,,0.0,95.01
11022392286,Grapevine,2024-03-23T08:55:05Z,16.23,4994,5.128,144.6,167.0,94.8,29.34,-103.26,52.6,52.6,29.5,41,4.5,160,107.4,0.0,81.65
11038527217,Courtney miles,2024-03-25T17:50:45Z,13.27,3767,4.731,134.5,168.0,69.0,29.45,-98.48,,76.1,36.4,24,15.4,271,,0.0,98.04
11045401431,breezy,2024-03-26T17:30:36Z,15.066,4629,5.121,125.5,139.0,46.0,29.49,-98.42,,70.5,41.7,35,5.0,167,,0.0,95.01
11052164191,meh,2024-03-27T18:11:22Z,3.248,683,3.505,171.3,180.0,2.0,29.51,-98.43,139.0,67.9,46.0,45,7.6,246,107.0,0.0,102.33
11052165474,Cool down,2024-03-27T18:23:51Z,4.059,1204,4.944,144.0,161.0,21.0,29.5,-98.42,,67.9,46.0,45,7.6,246,,0.0,86.31
11058428331,Salado,2024-03-28T17:20:15Z,16.853,4800,4.747,140.5,162.0,40.3,29.44,-98.42,,76.4,49.9,39,9.4,179,,0.0,93.18
11072333033,breezy progression,2024-03-30T13:51:57Z,30.762,8641,4.682,143.8,175.0,99.0,29.62,-98.57,134.9,72.5,61.2,68,9.2,173,38.1,0.0,92.7
11079658997,more streets - Dellview,2024-03-31T16:26:26Z,13.721,4122,5.007,131.0,149.0,126.2,29.5,-98.54,,83.2,66.4,57,10.4,161,,0.0,96.35
11086985521,big humid,2024-04-01T17:40:49Z,8.117,2218,4.554,145.9,173.0,41.0,29.45,-98.48,,89.0,71.1,56,12.6,157,,0.0,96.2
11094343587,windy miles,2024-04-02T17:04:32Z,14.761,4145,4.68,135.2,161.0,103.0,29.45,-98.48,,75.3,46.5,36,14.1,340,,0.0,98.91
11108299339,nice day,2024-04-04T17:17:40Z,8.825,2509,4.738,137.6,158.0,29.0,29.45,-98.48,,84.2,34.7,17,8.2,215,,0.0,94.65
11122777862,Courtney miles,2024-04-06T17:52:35Z,8.594,2498,4.844,131.2,147.0,46.0,29.45,-98.48,,82.7,60.5,47,11.8,159,,0.0,99.32
11131219838,making up for a lazy week,2024-04-07T15:44:13Z,30.648,8734,4.75,142.7,165.0,112.0,29.62,-98.57,134.9,79.0,33.0,19,3.1,60,74.9,0.0,89.73
11145903176,track day,2024-04-09T17:38:57Z,12.182,3316,4.537,148.7,182.0,39.0,29.4,-98.49,,85.0,66.7,54,8.6,80,,0.0,93.44
11153453158,lazy,2024-04-10T18:01:27Z,8.159,2313,4.725,137.0,158.0,43.0,29.45,-98.48,,73.8,43.0,33,18.4,317,,0.0,97.25
11160670749,more lazy,2024-04-11T17:34:09Z,5.076,1610,5.287,121.9,132.0,15.0,29.45,-98.48,,81.2,39.4,23,3.8,40,,0.0,95.0
11167632093,perfect weather,2024-04-12T17:30:16Z,10.274,3160,5.126,128.6,144.0,33.0,29.45,-98.48,,79.7,52.5,39,12.4,150,,0.0,95.21
11176021164,Shearer Hills streets,2024-04-13T18:20:20Z,13.664,4010,4.891,134.3,152.0,133.0,29.49,-98.49,,79.6,57.9,48,16.2,147,,0.0,96.65
11184730215,Shearer Hills/Ridgeview streets,2024-04-14T18:17:40Z,16.164,4800,4.949,133.6,154.0,112.8,29.49,-98.49,,83.4,63.9,52,12.2,160,,0.0,95.8
11191413360,more streets - Shearer Hills/Ridgeview,2024-04-15T18:03:40Z,12.115,3573,4.916,133.7,156.0,97.0,29.49,-98.49,,83.0,68.5,62,15.1,146,,0.0,97.24
11199122255,Tuesday track day,2024-04-16T18:07:09Z,13.261,3692,4.64,138.2,178.0,20.8,29.4,-98.49,0.0,83.4,68.6,61,6.2,154,154.0,0.0,97.83
11206492176,more north central map,2024-04-17T18:02:15Z,14.524,4436,5.09,130.4,149.0,143.1,29.5,-98.49,,83.6,70.2,64,4.4,156,,0.0,94.26
11213604557,Last piece!,2024-04-18T18:11:22Z,9.673,2876,4.955,136.8,157.0,77.3,29.5,-98.49,,87.9,70.2,56,6.5,174,,0.0,92.96
11219713287,first run as MARRIEDS 😵‍💫,2024-04-19T17:41:16Z,4.851,1433,4.924,125.1,140.0,19.0,29.45,-98.48,,82.5,65.2,56,11.7,59,,0.0,102.75
11227562749,East Terrell hills map,2024-04-20T18:06:49Z,12.339,3643,4.921,127.9,153.0,72.2,29.49,-98.4,,71.4,65.4,81,12.4,41,,0.5,100.03
11235758190,moving west,2024-04-21T17:58:18Z,19.335,5526,4.763,139.3,164.0,173.0,29.45,-98.5,,70.9,47.8,44,14.1,41,,0.0,94.13
11242551097,more northeast,2024-04-22T18:12:07Z,12.975,3789,4.867,130.6,146.0,65.0,29.5,-98.41,,70.2,48.0,45,10.1,159,,0.0,97.42
11250449102,"Countdown Track Club unlicensed, unofficial Tuesday evening edition®",2024-04-23T18:09:39Z,12.988,3597,4.616,134.3,178.0,35.0,29.4,-98.49,0.0,76.1,65.0,69,11.5,167,167.0,0.1,101.63
11257273791,Highlands map,2024-04-24T16:58:59Z,10.489,3164,5.027,133.5,161.0,76.2,29.36,-98.43,,82.9,66.8,58,11.9,146,,0.0,94.46
11264765035,windy,2024-04-25T17:14:39Z,13.857,3843,4.622,144.0,172.0,133.2,29.37,-98.43,,83.9,69.3,62,16.7,164,,0.0,96.44
11271567855,back to north central,2024-04-26T18:13:19Z,8.751,2658,5.062,130.5,150.0,59.4,29.51,-98.47,0.0,76.1,69.1,79,7.6,148,148.0,0.0,94.84
11284939596,Coffee Run club,2024-04-28T10:07:58Z,8.147,2261,4.625,144.2,166.0,35.0,29.42,-98.49,,69.0,66.5,92,3.4,233,,0.1,92.56
11287680264,castle hills map,2024-04-28T18:32:51Z,14.128,4263,5.029,137.3,153.0,114.0,29.51,-98.51,,81.5,66.4,60,5.0,167,,0.0,90.4
11294821945,midtown map,2024-04-29T17:42:05Z,12.919,3760,4.851,138.9,162.0,126.9,29.45,-98.5,,86.3,60.5,42,9.3,101,,0.0,93.41
11303007059,countdown ⭐ unofficial ⭐ track ⭐ club,2024-04-30T18:18:21Z,13.254,3713,4.669,138.5,179.0,9.9,29.4,-98.49,0.0,82.8,69.1,63,13.6,135,135.0,0.0,98.53
11311922014,lazy hilly,2024-05-01T19:20:16Z,5.602,1769,5.263,125.1,147.0,76.8,29.47,-98.47,,70.4,69.5,97,9.3,98,,13.3,95.17
11318842432,new shoe day,2024-05-02T17:47:58Z,8.146,2015,4.123,148.7,174.0,17.1,29.45,-98.48,,79.4,70.2,74,6.8,99,,0.0,102.31
11325832381,Alamo/Lincoln Heights map,2024-05-03T18:01:08Z,9.693,2907,4.998,132.9,153.0,109.0,29.47,-98.47,,77.0,71.4,83,10.4,115,,0.3,95.06
11330780591,😮‍💨😮‍💨😮‍💨,2024-05-04T09:05:22Z,9.744,2775,4.747,131.7,155.0,32.0,29.45,-98.48,,74.4,71.4,90,10.9,133,,0.1,100.95
11342367800,Northwest/Balcones Heights map,2024-05-05T18:02:25Z,23.389,6792,4.84,135.8,174.0,246.4,29.45,-98.53,,80.2,68.4,67,11.1,133,,0.0,96.23
11349099140,rest day,2024-05-06T18:13:17Z,4.925,1688,5.713,118.8,130.0,12.0,29.45,-98.48,,83.2,73.7,73,13.7,161,,0.2,94.21
11357345265,countdown track club 💐 unsanctioned Tuesday evening group,2024-05-07T18:14:19Z,10.698,2947,4.591,136.2,177.0,28.0,29.4,-98.49,,86.5,73.7,66,6.2,150,,0.0,100.84
11365041892,Dog route,2024-05-08T18:00:49Z,5.058,1538,5.068,125.3,140.0,12.0,29.41,-98.49,,90.4,73.6,58,2.8,194,,0.0,98.84
11365085757,extra,2024-05-08T18:28:15Z,3.322,984,4.937,143.5,159.0,24.0,29.41,-98.49,,90.4,73.6,58,2.8,194,,0.0,88.6
11373378276,hazy,2024-05-09T18:06:35Z,6.502,1820,4.665,135.4,167.0,26.0,29.45,-98.48,,91.4,73.3,56,5.7,99,,0.0,100.01
11380707892,beautiful weather!,2024-05-10T17:58:34Z,4.857,1420,4.873,127.9,149.0,38.0,29.45,-98.48,90.0,82.5,62.7,51,13.8,51,39.0,0.0,101.85
11389098167,progression,2024-05-11T18:03:06Z,13.626,3344,4.09,151.9,180.0,56.0,29.49,-98.42,,77.8,64.6,64,10.6,69,,0.0,101.3
11397307202,Lincoln/Alamo Heights,2024-05-12T18:21:40Z,10.686,3181,4.961,131.7,152.0,71.2,29.49,-98.46,,88.1,68.7,53,1.1,217,,0.0,95.28
11404720605,Brooks City Running + extra,2024-05-13T17:49:17Z,10.702,3260,5.077,122.9,133.0,44.0,29.42,-98.49,180.0,83.2,69.7,64,3.4,337,157.0,0.3,100.02
11413013144,warmup,2024-05-14T18:07:26Z,3.612,1135,5.238,118.4,136.0,9.0,29.4,-98.49,,86.4,62.3,45,6.5,124,,0.0,101.02
11413015399,Countdown unofficial track Tuesday,2024-05-14T18:32:59Z,9.34,2330,4.158,152.8,178.0,0.0,29.4,-98.49,,86.4,62.3,45,6.5,124,,0.0,98.61
11420412395,neighborhood loops,2024-05-15T17:42:17Z,6.838,1979,4.824,131.3,150.0,20.3,29.45,-98.48,,87.2,70.6,58,11.1,135,,0.0,100.45
11427796267,Courtney loops,2024-05-16T17:40:40Z,5.023,1504,4.991,126.5,151.0,29.0,29.45,-98.48,,86.4,73.6,66,6.2,229,,0.0,99.87
11439508447,beach to bay leg 5 w/ South Texas Rollers,2024-05-18T08:41:41Z,6.684,1516,3.78,173.0,182.0,1.0,27.7,-97.29,299.5,79.8,74.0,82,8.2,45,105.5,0.0,96.45
11448856938,two days in a row morning run,2024-05-19T08:47:39Z,17.846,5281,4.932,126.8,152.0,81.3,29.47,-98.55,90.0,74.3,71.0,89,7.4,180,90.0,0.0,100.15
11459401351,Courtney miles,2024-05-20T17:24:03Z,13.213,3902,4.922,134.5,153.0,47.0,29.45,-98.48,,92.5,69.6,47,10.6,144,,0.0,96.26
11467388444,Countdown unofficial 🌹,2024-05-21T18:12:51Z,7.883,2424,5.125,124.4,164.0,16.0,29.41,-98.49,,94.7,69.5,44,10.0,153,,0.0,99.96
11474975499,hazy,2024-05-22T17:45:53Z,8.371,2367,4.713,134.7,154.0,33.0,29.45,-98.48,,96.1,69.8,43,14.2,174,,0.0,101.41
11482944609,exploring,2024-05-23T18:14:06Z,10.159,2974,4.879,141.9,165.0,52.0,29.42,-98.49,180.0,93.9,72.2,50,9.4,162,18.0,0.0,92.04
11489645752,hazy loops,2024-05-24T18:30:51Z,7.167,2160,5.023,131.8,149.0,20.0,29.45,-98.48,,96.0,73.6,49,8.5,185,,0.0,96.28
11497917785,much nicer weather tonight,2024-05-25T19:42:08Z,8.346,2363,4.719,134.8,155.0,26.0,29.45,-98.48,,91.3,72.9,55,13.0,149,,0.0,100.84
11506017577,Ken 🤝 Ken,2024-05-26T18:40:27Z,11.359,3168,4.648,139.8,158.0,60.0,29.47,-98.55,,91.7,74.0,57,4.1,158,,0.0,96.95
11513363550,loops,2024-05-27T19:00:55Z,9.762,2899,4.949,130.7,152.0,27.0,29.45,-98.48,,90.6,73.8,58,11.9,49,,0.0,98.93
11521205595,"unofficial ""unofficial"" countdown Tuesday",2024-05-28T18:11:50Z,9.922,2690,4.519,137.7,177.0,26.0,29.4,-98.49,,85.3,71.9,64,16.6,86,,0.0,103.41
11536738573,flop,2024-05-30T18:51:53Z,4.88,1509,5.154,120.4,133.0,17.0,29.45,-98.48,,78.9,72.0,79,14.6,63,,5.7,102.84
11543618325,this weather 👌🏼,2024-05-31T18:40:28Z,9.736,2827,4.839,129.4,150.0,46.0,29.45,-98.48,,81.0,72.5,76,5.6,140,,0.0,100.15
11560087707,downtown loop,2024-06-02T19:08:06Z,8.774,2588,4.916,131.5,154.0,20.0,29.45,-98.48,,86.4,74.6,68,5.0,103,,0.0,97.36
11584237055,wolfpack relay,2024-06-05T18:00:11Z,8.409,2278,4.515,144.1,185.0,38.0,29.45,-98.53,,87.0,75.7,69,5.9,97,,0.0,97.01
11592072334,sunny,2024-06-06T17:44:23Z,10.148,2866,4.707,146.4,181.0,51.0,29.45,-98.48,,96.1,70.5,44,5.6,127,,0.0,91.76
11599537820,Courtney miles,2024-06-07T19:07:31Z,11.963,3783,5.27,135.6,154.0,76.6,29.45,-98.48,,94.7,65.9,39,11.6,137,,0.0,89.28
11607683567,plop,2024-06-08T19:18:29Z,8.943,2547,4.747,139.5,164.0,38.0,29.45,-98.48,,93.8,62.1,35,14.3,153,,0.0,96.61
11616018390,easy Sunday map,2024-06-09T18:39:19Z,14.782,4582,5.166,129.9,148.0,63.6,29.47,-98.55,,95.4,63.5,35,7.1,162,,0.0,94.07
11623049428,humid,2024-06-10T18:29:00Z,8.155,2314,4.729,135.6,160.0,40.0,29.45,-98.48,,91.5,67.0,45,7.9,97,,0.0,98.59
11631423802,Countdown unofficial 🤪,2024-06-11T18:15:17Z,13.889,4161,4.993,137.3,179.0,2.0,29.4,-98.49,,95.2,65.7,38,5.1,139,,0.0,91.81
11639472346,rain shower ➡️ sun shower,2024-06-12T18:07:31Z,14.772,4202,4.741,144.1,170.0,56.0,29.45,-98.48,,90.1,70.5,53,5.0,69,,0.0,92.1
11647250603,social,2024-06-13T18:16:16Z,10.571,3432,5.411,125.7,153.0,42.0,29.45,-98.48,,93.8,68.0,43,8.3,88,,0.0,93.22
11653975750,hill loop,2024-06-14T18:43:19Z,8.678,2534,4.867,142.3,168.0,105.6,29.48,-98.46,,94.8,65.4,38,7.0,99,,0.0,91.21
11661826293,rival 😈,2024-06-15T19:10:06Z,8.204,2368,4.81,136.3,155.0,21.8,29.45,-98.48,,93.7,64.2,38,9.6,143,,0.0,96.73
11669879024,lazy,2024-06-16T19:00:55Z,8.053,2337,4.837,131.5,149.0,29.0,29.45,-98.48,,94.9,62.7,35,12.0,156,,0.0,100.2
11685441493,⭐ countdown unofficial ⭐,2024-06-18T17:32:28Z,11.956,3393,4.73,137.9,183.0,0.0,29.4,-98.49,,96.3,66.2,38,16.0,113,,0.0,98.86
11690131657,beat the rain,2024-06-19T09:08:22Z,16.213,4765,4.898,151.9,165.0,114.0,29.56,-98.45,,78.2,70.7,78,14.6,58,,0.0,85.66
11693578771,rain run,2024-06-19T18:22:17Z,5.045,1480,4.889,132.5,145.0,20.0,29.45,-98.48,,76.3,73.8,92,17.5,50,,0.8,99.06
11701260033,rainy/sunny,2024-06-20T17:39:30Z,14.549,4560,5.224,127.4,145.0,41.5,29.45,-98.48,,82.0,75.2,80,10.4,55,,0.0,95.42
11708002246,short progression,2024-06-21T18:35:16Z,4.875,1374,4.698,134.3,160.0,10.8,29.45,-98.48,,85.3,72.3,65,9.8,101,,0.0,100.54
11716342794,Capt'n Karls Pedernales Falls 20k 🥈,2024-06-22T20:00:10Z,20.007,5820,4.848,161.1,176.0,227.0,30.32,-98.26,,84.9,66.6,54,6.8,131,,0.0,80.4
11740255813,CUTPMSIKW - RC,2024-06-25T18:13:19Z,8.191,2532,5.152,129.4,154.0,14.0,29.41,-98.49,180.0,93.0,70.7,48,9.1,155,25.0,0.0,95.39
11748581391,Evening Run,2024-06-26T19:17:39Z,1.603,505,5.249,126.9,141.0,6.0,29.47,-98.47,,93.5,69.9,46,5.9,151,,0.0,94.8
11748695086,Countdown Track Club anniversary mile,2024-06-26T20:10:39Z,1.641,304,3.087,120.3,132.0,0.0,29.47,-98.47,,92.0,69.5,48,5.7,141,,0.0,169.78
11771000851,lazy,2024-06-29T18:44:24Z,8.169,2429,4.955,136.8,156.0,17.0,29.45,-98.48,,94.8,72.8,49,14.0,141,,0.0,95.02
11779030309,Monticello map,2024-06-30T18:59:28Z,13.283,4041,5.07,133.1,150.0,37.0,29.47,-98.54,,96.8,66.4,37,11.7,125,,0.0,94.72
11786281046,BCR + extra,2024-07-01T17:51:59Z,12.415,3901,5.237,129.0,145.0,20.0,29.41,-98.49,,96.4,68.6,41,7.3,146,,0.0,93.84
11794695864,Adventure run,2024-07-02T18:07:12Z,13.721,4042,4.91,139.1,167.0,84.0,29.5,-98.42,,98.3,60.7,29,10.6,165,,0.0,93.12
11802602721,thick,2024-07-03T18:02:18Z,8.161,2392,4.885,134.2,157.0,15.2,29.45,-98.48,,97.2,67.5,38,12.3,153,,0.0,97.72
11817194152,direct sun,2024-07-05T15:49:40Z,8.536,2491,4.864,139.7,164.0,25.0,29.45,-98.48,,95.9,66.8,39,4.6,141,,0.0,92.64
11825695919,rain,2024-07-06T18:13:07Z,13.002,3775,4.839,143.5,167.0,64.6,29.45,-98.48,,90.7,68.5,48,10.9,49,,0.1,91.66
11834208779,👋🏼 30s,2024-07-07T19:11:33Z,9.323,2786,4.98,134.5,150.0,45.1,29.45,-98.48,,89.8,70.8,54,15.2,62,,0.0,95.98
11841833582,sunny,2024-07-08T18:06:54Z,8.22,2483,5.035,134.9,150.0,39.0,29.45,-98.48,,95.6,65.6,37,5.3,22,,0.0,92.73
11850287570,Countdown unofficial,2024-07-09T17:50:13Z,15.019,4211,4.673,142.4,176.0,0.0,29.4,-98.49,,96.1,65.9,37,6.5,86,,0.0,94.93
11858361787,🫥,2024-07-10T17:58:46Z,9.658,3090,5.333,125.6,148.0,67.5,29.45,-98.48,,91.3,66.7,44,6.5,82,,0.0,94.08
11866555207,not great,2024-07-11T18:23:55Z,4.955,1485,4.995,128.2,140.0,20.0,29.45,-98.48,,87.3,69.4,55,8.4,151,,0.0,98.71
11872334792,🙂‍↕️🙂‍↕️🙂‍↕️,2024-07-12T13:25:57Z,13.006,3734,4.785,137.3,166.0,11.8,29.45,-98.48,,86.4,71.1,60,4.8,139,,0.1,95.54
11881878281,where is the sun,2024-07-13T19:07:26Z,8.199,2210,4.492,140.9,173.0,15.7,29.45,-98.48,,85.6,72.2,64,6.6,145,,0.0,99.56
11890493079,easy Sunday miles,2024-07-14T19:00:20Z,11.405,3462,5.059,130.3,154.0,48.0,29.45,-98.48,,88.8,70.2,54,5.6,151,,0.0,95.47
11898026398,progression-ish,2024-07-15T19:09:43Z,8.436,2258,4.461,140.0,179.0,39.0,29.45,-98.48,,90.8,68.9,49,7.4,164,,0.0,101.19
11906572729,not a workout,2024-07-16T17:58:23Z,13.035,3752,4.797,136.6,171.0,74.7,29.45,-98.48,,92.8,69.8,47,6.8,153,,0.0,96.5
11915259910,lazy,2024-07-17T18:53:16Z,8.109,2450,5.036,131.0,146.0,20.2,29.45,-98.48,,91.2,70.0,50,8.1,156,,0.0,96.04
11923887738,calf 😩,2024-07-18T19:50:42Z,6.488,1907,4.899,130.2,141.0,12.9,29.45,-98.48,,90.3,70.9,53,3.6,158,,0.0,98.39
11956103124,sunny and rainy,2024-07-22T17:51:42Z,14.536,4265,4.89,139.1,157.0,64.0,29.45,-98.48,,85.7,69.0,57,9.0,136,,0.2,92.93
11964917006,soggy,2024-07-23T17:52:53Z,11.28,3274,4.837,134.2,157.0,42.0,29.45,-98.48,,85.8,71.4,62,6.4,72,,0.1,97.0
11973595979,slop,2024-07-24T18:15:50Z,8.115,2389,4.906,134.1,148.0,37.0,29.45,-98.48,,87.3,69.3,55,7.9,70,,0.0,95.97
11981971328,Courtney miles,2024-07-25T18:30:38Z,8.144,2326,4.76,137.3,168.0,41.0,29.45,-98.48,,86.5,69.9,58,6.2,46,,0.2,96.26
11989130040,half ass workout,2024-07-26T16:56:45Z,8.465,2249,4.428,143.1,171.0,27.0,29.45,-98.48,,81.1,70.3,70,6.5,56,,0.1,99.03
11997883276,🌞🌞🌞,2024-07-27T18:19:18Z,10.067,3046,5.043,126.4,137.0,36.0,29.45,-98.48,,84.9,70.0,61,9.4,144,,0.0,99.27
12006235258,wet,2024-07-28T16:44:39Z,13.021,3669,4.696,138.1,162.0,79.0,29.45,-98.48,,84.7,74.6,72,11.2,163,,1.1,98.21
12022875208,slop,2024-07-30T17:31:35Z,8.317,2446,4.901,138.4,157.0,44.0,29.45,-98.48,,93.6,70.2,47,15.0,155,,0.0,94.93
12031432883,summer finally here 🤩,2024-07-31T17:33:37Z,9.752,2706,4.625,145.0,170.0,53.0,29.45,-98.48,,94.8,68.3,42,14.7,156,,0.0,95.92
12040072526,run commute home?,2024-08-01T19:06:02Z,10.167,2813,4.611,143.4,164.0,44.0,29.51,-98.51,156.5,92.6,65.6,41,11.4,148,8.5,0.0,96.29
12047183367,surprisingly humid,2024-08-02T17:31:09Z,8.088,2385,4.915,134.6,151.0,37.0,29.45,-98.48,,97.2,65.0,35,6.7,88,,0.0,95.55
12052490207,morning 👎🏼,2024-08-03T09:02:20Z,6.496,1786,4.582,143.1,173.0,26.0,29.45,-98.48,,82.7,74.8,77,2.3,241,,0.0,95.22
12055582987,wow a double,2024-08-03T17:12:24Z,6.482,1941,4.991,130.4,147.0,27.0,29.45,-98.48,,100.2,63.9,31,5.9,119,,0.0,97.07
12061487786,somehow both rainy and sunny,2024-08-04T09:31:10Z,8.386,2467,4.903,133.0,149.0,41.0,29.45,-98.48,,80.5,73.5,79,4.9,330,,0.0,96.06
12064599534,Courtney new shoe day,2024-08-04T18:03:35Z,6.524,1935,4.943,136.2,150.0,28.0,29.45,-98.48,,91.0,67.0,45,9.7,77,,0.2,94.23
12072685211,warm,2024-08-05T17:58:58Z,6.757,1982,4.889,131.2,156.0,20.0,29.45,-98.48,,94.7,67.6,41,3.1,86,,0.0,97.81
12081913572,torcido laps,2024-08-06T18:00:26Z,8.178,2267,4.62,143.9,176.0,123.1,29.47,-98.47,,98.5,59.4,28,5.0,122,,0.0,94.47
12091038518,Courtney miles,2024-08-07T18:58:49Z,6.514,1894,4.846,134.1,152.0,25.0,29.45,-98.48,,99.9,64.4,32,0.9,360,,0.0,96.21
12098603024,full sun 🌞,2024-08-08T15:48:48Z,11.505,3336,4.833,138.8,162.0,54.0,29.5,-98.42,,99.3,61.7,29,6.1,107,,0.0,94.03
12106447706,slop,2024-08-09T16:54:02Z,8.676,2398,4.607,140.0,174.0,36.0,29.45,-98.48,,98.6,66.3,35,9.4,78,,0.0,98.73
12115296714,meh,2024-08-10T18:00:48Z,9.739,2820,4.826,141.4,169.0,15.7,29.45,-98.48,,91.1,70.5,51,12.9,64,,0.0,93.82
12141446999,leg bad,2024-08-13T18:22:42Z,11.305,3501,5.162,132.3,154.0,49.0,29.45,-98.48,,97.0,64.1,34,13.5,149,,0.0,93.84
12158413963,☀️☀️☀️,2024-08-15T17:57:34Z,11.555,3473,5.009,135.0,154.0,56.0,29.49,-98.42,,98.2,63.2,32,8.8,159,,0.0,93.83
12174956402,nice evening,2024-08-17T19:04:10Z,6.517,1902,4.864,130.9,148.0,25.1,29.48,-98.49,163.8,96.3,63.8,34,5.0,144,19.8,0.0,98.79
12183660413,very chill,2024-08-18T19:05:05Z,10.189,2978,4.871,139.1,159.0,72.0,29.45,-98.48,,98.0,63.9,33,7.9,133,,0.0,93.49
12191696601,sloppin,2024-08-19T18:49:26Z,6.754,1970,4.861,138.0,164.0,65.8,29.47,-98.47,,98.6,60.6,29,6.7,138,,0.0,94.03
12209532997,slightly warm,2024-08-21T18:14:26Z,9.763,2824,4.821,147.0,172.0,101.5,29.47,-98.47,,104.0,59.5,23,4.5,160,,0.0,88.85
12217998185,Courtney miles,2024-08-22T18:28:39Z,6.834,1949,4.753,138.8,176.0,63.0,29.47,-98.47,,101.6,62.2,28,9.5,137,,0.0,96.46
12234146847,warmup,2024-08-24T19:07:35Z,2.797,955,5.691,130.0,148.0,29.0,29.18,-98.45,,96.0,59.6,30,12.2,110,,0.0,86.08
12234378456,sand luau relay,2024-08-24T20:06:14Z,2.854,653,3.813,167.4,180.0,24.0,29.18,-98.45,,93.5,59.0,32,9.4,95,,0.0,98.97
12242876901,not hot tonight,2024-08-25T18:13:31Z,9.738,2661,4.554,142.4,160.0,20.4,29.45,-98.48,,93.8,66.1,40,10.5,91,,0.0,98.11
12250726592,loops,2024-08-26T17:32:18Z,8.752,2585,4.923,130.7,158.0,128.1,29.47,-98.47,,86.7,69.1,56,11.3,65,,0.7,98.79
12259924001,checking to see if alamo is still there,2024-08-27T17:34:29Z,13.195,3791,4.788,140.7,154.0,21.9,29.45,-98.48,,88.0,69.5,55,5.9,115,,0.0,93.38
12268720964,cold front?,2024-08-28T18:09:22Z,8.097,2119,4.362,145.4,173.0,33.0,29.45,-98.48,,84.4,69.8,62,16.1,104,,0.2,101.15
12277237949,nice early evening miles,2024-08-29T17:19:26Z,12.885,3726,4.82,136.2,159.0,72.0,29.45,-98.48,,93.4,67.8,43,7.4,74,,0.0,96.37
12284968410,reported 9 homes for water waste 😇,2024-08-30T18:12:42Z,10.539,2993,4.733,140.6,157.0,29.2,29.47,-98.46,,92.5,67.9,45,8.2,49,,0.0,95.17
12319044353,humid,2024-09-03T16:02:28Z,9.767,2669,4.555,140.4,168.0,18.0,29.45,-98.48,,78.8,75.0,88,8.7,93,,2.1,98.73
12362835855,first run back,2024-09-08T17:50:30Z,17.149,5160,5.015,135.8,156.0,104.9,29.45,-98.48,,82.3,46.8,29,13.8,46,,0.0,92.26
12370251728,rival running rivals track club,2024-09-09T17:25:29Z,9.802,2494,4.241,153.3,181.0,22.1,29.49,-98.42,139.0,85.2,56.8,38,8.9,49,90.0,0.0,96.44
12379154602,dreary gloomy,2024-09-10T17:31:04Z,8.119,2391,4.908,131.7,161.0,46.0,29.45,-98.48,,89.2,61.1,39,12.1,51,,0.0,98.15
12387721560,summer is back 🤩,2024-09-11T17:31:26Z,9.784,2814,4.793,139.5,169.0,85.6,29.47,-98.46,,92.4,61.2,36,6.0,13,,0.0,93.87
12395858566,baby hills,2024-09-12T17:46:03Z,9.771,2921,4.982,135.8,164.0,75.0,29.47,-98.46,,91.6,61.9,37,3.4,360,,0.0,92.27
12402805254,rest day I guess,2024-09-13T16:57:09Z,4.908,1557,5.287,123.9,134.0,8.0,29.45,-98.48,,96.3,65.7,37,7.4,160,,0.0,96.62
12411882093,nice evening,2024-09-14T18:16:17Z,14.618,4112,4.688,146.1,179.0,54.1,29.49,-98.42,,94.6,63.9,36,6.2,131,,0.0,91.96
12420699043,flop,2024-09-15T18:06:35Z,8.078,2542,5.245,124.7,136.0,14.0,29.45,-98.48,,89.9,68.6,50,6.3,163,,0.0,96.34
12428444676,new shoe day,2024-09-16T17:43:45Z,8.088,2127,4.383,147.2,169.0,23.0,29.45,-98.48,,94.1,65.3,39,7.5,117,,0.0,97.96
12437166821,sloppin,2024-09-17T17:14:41Z,8.063,2343,4.843,134.4,151.0,44.0,29.5,-98.45,,94.5,62.7,35,7.3,142,,0.0,96.92
12446565927,goodbye longbingus,2024-09-18T19:07:16Z,4.853,1469,5.045,129.2,144.0,18.0,29.45,-98.48,,91.2,69.3,49,7.4,160,,0.0,97.01
12454723003,sun rain progression,2024-09-19T17:53:10Z,8.754,2370,4.512,140.2,171.0,32.0,29.49,-98.42,,94.6,67.9,42,7.1,134,,0.0,100.02
12471186317,😡😡😡,2024-09-21T17:50:24Z,15.996,4371,4.554,150.9,180.0,59.0,29.56,-98.5,135.1,92.5,65.8,42,7.8,149,13.9,0.0,91.96
12479976598,not feeling it today,2024-09-22T17:41:23Z,6.438,2068,5.354,127.4,148.0,15.0,29.45,-98.48,,95.0,63.5,36,7.3,149,,0.0,92.57
12496539869,in a slump,2024-09-24T17:56:26Z,8.653,2489,4.794,138.0,167.0,31.0,29.45,-98.48,,94.6,63.9,36,7.2,126,,0.0,95.42
12504852403,meh,2024-09-25T18:12:50Z,8.561,2664,5.186,133.1,156.0,74.0,29.47,-98.46,,91.3,57.1,32,14.5,14,,0.0,92.27
12512214847,new shoe day,2024-09-26T17:32:58Z,9.732,2677,4.584,145.7,168.0,41.0,29.49,-98.42,139.0,89.0,49.1,25,8.7,20,119.0,0.0,93.6
12518982464,sun,2024-09-27T16:49:19Z,11.415,3152,4.602,145.3,171.0,55.0,29.49,-98.42,,93.0,50.0,23,4.6,6,,0.0,92.98
12527670814,"""rest"" day",2024-09-28T18:24:48Z,5.026,1608,5.332,125.2,136.0,11.0,29.45,-98.48,,92.8,45.5,20,7.7,5,,0.0,93.46
12536683323,easy sunset,2024-09-29T17:57:07Z,15.177,4426,4.861,140.1,160.0,63.0,29.45,-98.48,,94.5,44.8,18,6.1,21,,0.0,91.38
12552554352,warm,2024-10-01T18:06:32Z,10.296,2820,4.565,140.3,163.0,33.0,29.45,-98.48,,93.2,53.0,26,10.1,56,,0.0,98.4
12560427843,still pretty warm for October,2024-10-02T16:59:13Z,11.692,3628,5.171,129.9,153.0,40.0,29.49,-98.42,,91.6,56.5,31,6.9,103,,0.0,93.3
12568498426,sun still mad,2024-10-03T17:06:29Z,12.971,3408,4.379,145.7,175.0,46.0,29.49,-98.42,,90.0,58.7,35,7.8,99,,0.0,98.45
12584984764,hot hills,2024-10-05T16:51:48Z,9.691,2841,4.886,136.6,167.0,103.1,29.47,-98.46,,94.0,60.9,33,7.8,47,,0.0,94.48
12593948886,short,2024-10-06T17:31:14Z,7.309,2086,4.757,130.4,153.0,42.0,29.45,-98.48,,92.9,53.9,27,11.5,68,,0.0,101.94
12601421450,heavy,2024-10-07T17:22:19Z,9.716,2602,4.463,139.7,167.0,44.0,29.49,-98.42,180.0,91.7,51.5,26,9.6,46,134.0,0.0,100.77
12609640146,backwards loops,2024-10-08T17:16:25Z,8.261,2469,4.982,133.8,156.0,123.6,29.47,-98.47,,92.9,53.5,26,9.9,51,,0.0,94.52
12617621199,hit my highest yearly mileage ever,2024-10-09T17:24:09Z,9.797,2803,4.769,133.6,150.0,46.0,29.45,-98.48,,92.5,45.0,20,7.2,101,,0.0,97.79
12632507084,leg is mad,2024-10-11T16:52:43Z,11.428,3372,4.918,131.7,158.0,56.0,29.49,-98.42,180.0,91.0,51.3,26,7.0,136,44.0,0.0,96.44
12649761074,still warm,2024-10-13T17:13:33Z,17.863,4978,4.645,147.2,171.0,72.7,29.35,-98.41,354.5,96.1,46.0,18,7.5,207,147.5,0.0,91.44
12656964483,🌞🌞🌞,2024-10-14T16:45:06Z,13.037,3907,4.995,131.8,167.0,54.5,29.44,-98.42,,97.6,43.9,16,3.8,133,,0.0,94.21
12665153850,progression ish,2024-10-15T17:02:47Z,9.706,2661,4.569,142.2,171.0,33.7,29.44,-98.42,,93.7,40.0,16,6.3,163,,0.0,95.47
12673443624,breezy,2024-10-16T16:50:23Z,16.56,4610,4.64,142.0,163.0,99.0,29.44,-98.42,,79.2,38.8,24,15.0,67,,0.0,94.94
12681064253,easy day,2024-10-17T16:49:50Z,9.761,3024,5.163,128.1,145.0,39.0,29.49,-98.42,,78.2,45.9,32,9.9,111,,0.0,93.93
12696669553,progression,2024-10-19T17:38:38Z,14.579,3754,4.292,152.2,169.0,60.0,29.44,-98.42,180.0,84.0,57.3,40,11.8,118,62.0,0.0,96.53
12712651220,leg bad,2024-10-21T17:01:36Z,8.054,2328,4.818,134.1,153.0,46.0,29.48,-98.42,,85.0,56.8,38,7.6,159,,0.0,96.77
12721158326,just not my week,2024-10-22T17:02:39Z,8.084,2349,4.843,132.5,149.0,52.0,29.48,-98.42,,85.9,62.5,46,6.0,166,,0.0,97.5
12737466964,slop,2024-10-24T16:46:03Z,14.564,4574,5.234,133.1,144.0,28.0,29.48,-98.42,,87.3,58.8,38,9.3,170,,0.0,90.3
12792593040,Run Ken Run!,2024-10-31T11:40:01Z,37.288,14549,6.503,136.3,187.0,227.0,29.6,-98.28,229.7,79.2,69.1,71,0.6,360,130.3,0.1,69.8
12816928636,humid,2024-11-03T15:19:16Z,7.07,2001,4.717,145.9,167.0,70.0,29.45,-98.48,,86.1,65.9,51,18.7,177,,0.2,93.61
12824535164,strava rant,2024-11-04T16:45:20Z,4.859,1566,5.371,134.8,151.0,9.0,29.45,-98.48,,90.8,60.5,36,12.5,197,,0.0,87.76
12832934105,progression,2024-11-05T16:47:58Z,9.944,2764,4.633,142.8,172.0,59.0,29.45,-98.48,,73.8,44.7,35,1.6,286,,0.0,92.01
12840437327,nice weather,2024-11-06T15:46:25Z,6.575,2012,5.1,130.0,146.0,19.0,29.45,-98.48,,76.6,47.1,35,7.9,88,,0.0,93.3
12854929519,cold front,2024-11-08T15:03:27Z,12.104,3459,4.763,141.0,168.0,42.0,29.45,-98.48,,82.7,67.8,61,8.0,204,,0.2,93.68
12877533950,few miles in between house projects,2024-11-11T11:58:52Z,4.891,1437,4.897,140.7,167.0,20.0,29.45,-98.48,,73.8,59.5,61,2.3,57,,0.0,89.28
12894823605,sunny,2024-11-13T15:15:25Z,8.095,2253,4.639,143.8,163.0,29.0,29.45,-98.48,,85.9,61.3,44,5.1,319,,0.0,93.55
12902586233,long sleeve weather,2024-11-14T15:47:39Z,14.586,3919,4.478,151.5,183.0,72.0,29.49,-98.42,139.0,74.6,36.0,25,3.4,84,55.0,0.0,89.62
12909383911,easy,2024-11-15T15:51:20Z,6.478,1982,5.1,131.7,141.0,36.0,29.49,-98.42,,73.2,40.4,31,5.2,114,,0.0,91.03
12925802614,windy,2024-11-17T15:42:30Z,17.821,5267,4.926,147.4,174.0,48.6,29.44,-98.43,167.7,85.2,61.7,45,15.3,165,2.7,0.0,87.79
12932514124,easy day,2024-11-18T16:04:59Z,6.498,2134,5.473,124.5,138.0,17.0,29.45,-98.48,,77.9,34.5,21,9.2,276,,0.0,90.39
12939989118,🤕,2024-11-19T15:42:34Z,8.878,2384,4.475,144.8,174.0,15.8,29.45,-98.48,,78.2,45.9,32,4.0,203,,0.0,94.71
12948134228,cold gc loops,2024-11-20T16:40:53Z,16.611,5144,5.161,131.7,151.0,66.4,29.45,-98.48,,67.8,27.0,22,6.0,33,,0.0,89.34
12954881120,more easy,2024-11-21T16:17:09Z,12.892,4024,5.202,128.8,147.0,50.0,29.48,-98.42,,66.1,34.7,31,2.9,216,,0.0,90.11
12961191709,slop,2024-11-22T16:56:42Z,4.903,1354,4.603,142.1,165.0,32.0,29.45,-98.48,,71.4,37.0,28,2.0,164,,0.0,92.58
12968608998,new shoe day,2024-11-23T16:50:37Z,9.693,2826,4.859,143.7,172.0,35.0,29.45,-98.48,,74.5,50.4,43,6.6,173,,0.0,88.41
12976560411,easy,2024-11-24T15:36:41Z,17.953,5524,5.128,132.2,157.0,65.0,29.44,-98.43,167.7,79.0,59.8,52,10.2,189,21.3,0.0,92.55
12983365939,baby workout,2024-11-25T16:11:44Z,9.914,2716,4.566,146.3,179.0,26.0,29.45,-98.48,,80.9,59.0,47,1.5,122,,0.0,92.31
12991090044,today the leg pain won,2024-11-26T16:27:50Z,3.22,1053,5.451,128.0,153.0,11.0,29.45,-98.48,41.0,64.2,42.7,45,3.0,191,150.0,0.0,86.88
13005200135,🏃🏼 ⛳ x 36,2024-11-28T13:21:26Z,18.611,5349,4.79,146.1,163.0,90.0,29.45,-98.48,,61.8,34.6,36,9.8,21,,0.0,87.45
13011955632,easy flop,2024-11-29T16:00:51Z,16.243,5064,5.196,133.6,149.0,93.0,29.45,-98.48,,59.0,24.1,26,6.6,56,,0.0,87.59
13027100093,nice weather,2024-12-01T16:27:49Z,13.057,3690,4.71,140.2,160.0,85.0,29.45,-98.48,,68.3,53.3,59,3.8,97,,0.0,92.77
13033988992,slop,2024-12-02T16:52:30Z,8.106,2534,5.21,128.8,148.0,31.0,29.45,-98.48,,68.2,34.0,28,9.7,67,,0.0,91.31
13041261374,cold progression,2024-12-03T15:46:50Z,12.991,3289,4.219,154.4,178.0,47.0,29.49,-98.42,,59.0,37.0,44,6.9,40,,0.0,93.39
13048673107,😞,2024-12-04T16:52:51Z,1.612,537,5.553,123.2,134.0,7.0,29.45,-98.48,,69.0,59.8,73,1.7,184,,0.0,89.55
13055262646,🤕,2024-12-05T16:16:27Z,4.967,1474,4.946,129.2,142.0,22.0,29.45,-98.48,,60.0,49.7,69,8.9,32,,0.0,96.17
13061965667,cold loops,2024-12-06T16:58:42Z,9.791,3022,5.144,130.7,158.0,29.8,29.45,-98.48,,51.2,30.3,45,7.1,28,,0.0,90.52
13066613635,sloppy,2024-12-07T09:52:15Z,8.224,2239,4.537,141.6,160.0,38.0,29.45,-98.48,,44.2,40.9,88,8.6,48,,0.2,95.02
13075622141,baby progression,2024-12-08T16:04:33Z,6.502,1621,4.155,153.0,177.0,30.0,29.45,-98.48,,59.8,51.2,73,5.8,221,,0.0,96.12
13082219109,perfect weather,2024-12-09T16:43:09Z,7.294,2078,4.748,139.4,153.0,33.0,29.45,-98.48,,75.2,52.5,45,7.0,233,,0.0,93.51
13089562128,golf course slop,2024-12-10T17:08:05Z,5.058,1515,4.992,132.1,147.0,21.0,29.45,-98.48,,58.4,36.3,44,12.3,346,,0.0,93.28
13103327300,😞,2024-12-12T16:05:20Z,9.689,3024,5.202,128.1,147.0,29.0,29.45,-98.48,,63.3,43.0,47,8.0,148,,0.0,91.86
13109757222,rain,2024-12-13T15:54:35Z,6.549,1814,4.617,143.3,171.0,27.0,29.45,-98.48,,67.9,63.2,85,8.1,136,,0.1,93.97
13124727129,rain slop,2024-12-15T15:38:31Z,23.249,6764,4.849,142.5,159.0,40.5,29.6,-98.54,133.7,74.8,65.4,73,10.9,181,47.3,0.1,91.01
13138305325,nice weather,2024-12-17T16:29:14Z,5.003,1596,5.317,138.4,166.0,19.0,29.45,-98.48,,77.7,61.3,57,7.4,177,,0.0,84.77
13184183151,🤷🏼,2024-12-24T15:05:27Z,8.104,2478,5.096,134.0,144.0,24.0,29.45,-98.48,,78.3,56.5,47,7.1,199,,0.0,91.06
13189500555,new watch day,2024-12-25T14:00:40Z,11.287,3435,5.072,136.7,150.0,35.0,29.45,-98.48,,68.4,50.6,53,1.7,67,,0.0,87.83
13196532205,sunny,2024-12-26T14:28:19Z,11.57,3399,4.896,140.9,158.0,30.0,29.45,-98.48,,71.2,59.5,67,8.1,254,,0.0,90.09
13203886071,☀️☀️☀️,2024-12-27T15:19:51Z,11.499,3550,5.146,136.7,154.0,57.0,29.45,-98.48,,77.4,40.2,26,5.1,230,,0.0,87.11
13217337830,almost wore a jacket but glad I didn't,2024-12-29T09:27:27Z,6.457,1918,4.95,135.6,148.0,16.0,29.45,-98.48,,47.3,37.6,69,1.7,255,,0.0,89.69
13226017788,lazy,2024-12-30T12:49:55Z,14.518,4449,5.107,134.1,151.0,69.0,29.45,-98.48,,67.3,34.0,29,4.3,235,,0.0,88.43
13234278152,2000 miles in 2024,2024-12-31T13:47:53Z,10.245,2736,4.451,142.4,165.0,54.4,29.45,-98.48,90.0,67.1,24.9,20,9.8,33,57.0,0.0,96.55
13242007542,easy first day miles,2025-01-01T15:38:33Z,11.448,3392,4.938,131.7,150.0,61.0,29.45,-98.48,,60.6,33.8,36,8.2,59,,0.0,93.79
13250552678,dreary,2025-01-02T16:28:53Z,5.338,1694,5.289,130.0,140.0,9.0,29.45,-98.48,,62.1,44.2,52,2.1,119,,0.0,87.96
13346854634,first run in 11 days,2025-01-13T14:56:15Z,6.45,1895,4.896,145.6,165.0,20.0,29.45,-98.48,,54.2,33.3,45,6.9,40,,0.0,85.34
13356798711,trying to get back to normal,2025-01-14T16:07:52Z,8.078,2393,4.937,142.6,163.0,29.0,29.49,-98.42,,54.3,35.5,49,3.9,95,,0.0,85.89
13365961237,slop,2025-01-15T16:07:17Z,13.046,3683,4.705,148.9,162.0,35.0,29.45,-98.48,,58.5,36.4,43,5.1,41,,0.0,86.53
13374924428,cold,2025-01-16T17:30:19Z,5.197,1455,4.666,143.5,162.0,11.0,29.45,-98.48,,63.1,25.1,23,1.1,143,,0.0,89.81
13391169167,getting cold,2025-01-18T13:33:12Z,16.822,4997,4.951,143.6,160.0,95.0,29.45,-98.48,,61.3,30.5,31,6.3,356,,0.0,85.47
13399003069,freezing gc loop,2025-01-19T10:12:35Z,7.22,2182,5.037,137.7,148.0,36.0,29.45,-98.48,,32.2,8.5,37,11.6,1,,0.0,88.56
13406636547,cold  😞,2025-01-20T10:44:10Z,8.149,2278,4.659,146.9,163.0,34.0,29.45,-98.48,,27.8,6.3,39,9.1,47,,0.0,89.29
13418671938,golf course ⛳,2025-01-21T16:05:43Z,12.55,3671,4.875,142.3,166.0,45.0,29.45,-98.48,,38.0,16.8,42,7.7,360,,0.0,87.84
13427255040,reverse loops,2025-01-22T16:33:51Z,6.476,1893,4.872,144.4,172.0,99.2,29.47,-98.47,,45.7,20.3,36,6.1,201,,0.0,86.34
13443196990,still cold,2025-01-24T15:51:05Z,8.438,2503,4.944,138.3,159.0,51.0,29.5,-98.45,,53.3,14.3,21,5.1,200,,0.0,88.66
13452580635,slop,2025-01-25T15:41:12Z,16.314,4703,4.805,145.9,168.0,47.0,29.49,-98.42,180.0,62.8,45.5,53,4.9,163,17.0,0.0,86.88
13461189279,cold,2025-01-26T14:26:12Z,5.164,1576,5.087,134.4,143.0,12.0,29.45,-98.48,,72.1,59.3,64,6.3,182,,0.0,90.61
13469865406,😔,2025-01-27T16:22:21Z,8.294,2552,5.128,133.9,149.0,19.0,29.45,-98.48,,53.8,40.6,61,6.7,46,,0.0,88.57
13514324952,more slop,2025-02-01T15:22:12Z,22.8,7290,5.329,145.1,176.0,78.0,29.44,-98.42,,70.2,40.4,34,4.9,191,,0.0,78.87
13523752906,🦿,2025-02-02T15:42:27Z,4.907,1443,4.901,142.1,157.0,5.0,29.45,-98.48,,74.0,50.0,43,5.7,183,,0.0,88.44
13628819773,Valentine run with my sweetie,2025-02-14T17:00:25Z,3.76,1201,5.324,129.6,146.0,10.0,29.45,-98.48,41.0,49.9,41.5,73,2.4,95,54.0,0.0,87.38
13709653786,first run back,2025-02-23T16:03:28Z,8.924,2521,4.708,146.6,169.0,27.0,29.45,-98.48,,63.8,49.7,60,1.0,234,,0.0,87.81
13727780014,sunny,2025-02-25T16:28:44Z,10.102,3075,5.073,141.5,160.0,28.0,29.45,-98.48,,73.6,53.6,50,5.9,154,,0.0,86.0
13746200290,gloomy,2025-02-27T17:12:50Z,9.94,2868,4.809,145.7,172.0,28.0,29.45,-98.48,,71.2,36.5,28,10.3,39,,0.0,87.85
13763749776,nice evening,2025-03-01T17:11:22Z,9.795,2869,4.882,148.4,169.0,40.0,29.45,-98.48,,82.4,45.0,27,4.7,147,,0.0,85.02
13772961228,easy,2025-03-02T15:37:09Z,5.015,1541,5.122,133.8,151.0,5.8,29.45,-98.48,,80.7,55.1,41,12.9,155,,0.0,91.9
13791494612,very windy,2025-03-04T16:38:36Z,11.383,3267,4.783,143.0,168.0,57.0,29.45,-98.48,,73.5,22.3,15,19.9,275,,0.0,91.35
13808544636,wind,2025-03-06T13:04:53Z,11.472,3423,4.973,141.6,166.0,84.0,29.45,-98.48,,69.6,29.0,22,10.4,129,,0.0,87.02
13856368402,slop,2025-03-11T16:01:52Z,8.123,2422,4.97,144.8,167.0,35.0,29.42,-98.49,,80.2,41.6,25,7.1,187,,0.0,85.72
13865760434,warm,2025-03-12T15:24:38Z,11.479,3572,5.186,140.4,160.0,36.0,29.45,-98.48,,85.7,54.6,35,6.7,198,,0.0,85.61
13875033694,more slop,2025-03-13T15:57:20Z,4.91,1340,4.548,151.6,170.0,8.0,29.45,-98.48,,88.1,26.6,11,6.4,229,,0.0,88.94
13883836269,summer,2025-03-14T16:07:54Z,11.45,3552,5.17,143.7,163.0,46.0,29.45,-98.48,,94.7,30.6,10,8.1,266,,0.0,83.37
13902938726,new shoe day,2025-03-16T15:50:18Z,13.016,3456,4.425,151.3,177.0,44.0,29.45,-98.48,,79.8,14.4,8,9.5,295,,0.0,91.35
13911659987,not terrible,2025-03-17T17:06:56Z,11.478,3329,4.834,137.6,154.0,34.0,29.45,-98.48,,82.8,31.1,15,11.8,173,,0.0,93.18
13921090428,short progression,2025-03-18T16:27:04Z,8.933,2489,4.644,146.9,164.0,40.0,29.45,-98.48,,86.0,53.7,33,12.3,166,,0.0,92.43
13931359047,new shoe day again,2025-03-19T17:09:25Z,11.643,3386,4.847,144.5,157.0,51.0,29.45,-98.48,,80.3,1.9,5,10.5,324,,0.0,87.51
13948339861,easy,2025-03-21T15:10:06Z,6.443,1978,5.117,133.0,152.0,33.0,29.44,-98.42,,75.8,41.2,29,10.3,190,,0.0,90.97
13977142119,Afternoon Run,2025-03-24T16:27:42Z,6.748,2055,5.076,133.8,147.0,18.0,29.45,-98.48,,84.7,50.4,31,2.1,115,,0.0,90.64
13987095675,slop,2025-03-25T16:12:30Z,9.783,2940,5.009,138.4,153.0,28.0,29.45,-98.48,,88.2,51.2,28,6.7,149,,0.0,89.88
13997587074,flooded golf course,2025-03-26T17:56:58Z,7.244,2156,4.96,134.1,147.0,23.0,29.45,-98.48,,73.6,64.8,74,9.6,125,,0.4,94.18
14006468625,wet,2025-03-27T16:46:42Z,6.536,2052,5.233,131.2,145.0,17.0,29.45,-98.48,,67.7,64.8,90,6.7,107,,1.2,90.37
14033782896,humid,2025-03-30T14:20:53Z,13.106,4037,5.134,140.5,163.0,68.0,29.45,-98.48,,75.1,68.7,81,3.3,8,,0.1,86.01
14043249333,lil tempo,2025-03-31T17:10:25Z,8.989,2332,4.324,157.7,184.0,26.0,29.45,-98.48,,79.3,66.8,66,7.3,85,,0.0,91.88
14053385429,windy,2025-04-01T16:52:08Z,11.389,3304,4.835,145.2,165.0,34.0,29.45,-98.48,,85.1,68.3,57,12.8,177,,0.0,90.69
14063358302,swamp,2025-04-02T16:45:32Z,11.843,3397,4.781,152.2,174.0,99.2,29.45,-98.48,,86.9,69.3,56,2.3,67,,0.0,85.75
14072795177,slop,2025-04-03T16:59:17Z,4.838,1542,5.312,131.2,148.0,12.0,29.45,-98.48,,88.2,70.0,55,5.0,102,,0.0,90.14
14087805464,yeah idk,2025-04-05T08:41:08Z,6.751,1996,4.927,137.1,155.0,56.0,29.45,-98.48,,61.1,56.1,84,10.6,359,,0.0,91.71
14121224017,sunny,2025-04-08T16:12:38Z,10.08,2930,4.845,143.3,162.0,27.0,29.45,-98.48,,75.7,37.4,25,1.9,205,,0.0,87.45
14131587229,breezy,2025-04-09T16:48:51Z,10.225,3034,4.945,143.6,163.0,51.0,29.45,-98.48,,85.7,38.9,19,8.8,195,,0.0,87.31
14141049340,park plop,2025-04-10T16:38:40Z,9.774,2949,5.028,142.0,163.0,26.0,29.45,-98.48,,89.2,51.2,27,4.3,182,,0.0,86.88
14149355926,close one,2025-04-11T15:44:32Z,4.964,1469,4.933,135.5,154.0,17.0,29.45,-98.48,,88.7,51.0,28,5.1,104,,0.0,92.93
14159864295,warm,2025-04-12T16:34:30Z,11.646,3408,4.877,147.2,163.0,37.0,29.45,-98.48,,87.6,47.4,25,10.3,175,,0.0,87.2
14170100070,🍃☀️,2025-04-13T16:22:45Z,11.856,3628,5.1,141.7,157.0,69.0,29.45,-98.48,,90.8,46.8,22,11.5,172,,0.0,86.99
14198329060,Afternoon Run,2025-04-16T16:38:43Z,4.911,1493,5.067,132.4,150.0,14.0,29.45,-98.48,,86.0,54.7,34,9.7,157,,0.0,93.53
14217046193,hazy,2025-04-18T15:56:07Z,9.956,2964,4.962,144.3,162.0,34.0,29.45,-98.48,,92.4,62.1,37,14.7,172,,0.0,89.35
14246795668,meh,2025-04-21T16:24:25Z,13.739,4103,4.977,148.4,168.0,58.0,29.45,-98.48,,83.7,49.6,31,6.8,81,,0.0,84.05
14257044630,hazy,2025-04-22T16:35:18Z,10.6,3119,4.904,147.5,168.0,38.0,29.49,-98.42,,85.5,65.1,51,7.8,139,,0.0,86.94
14276383394,bad leg,2025-04-24T15:49:34Z,4.9,1479,5.03,128.6,150.0,13.0,29.45,-98.48,,86.7,65.5,49,11.6,164,,0.1,98.1
14667541911,first run in 5 weeks,2025-06-01T16:48:20Z,4.859,1506,5.166,151.6,176.0,10.0,29.45,-98.48,,94.2,65.9,40,4.0,155,,0.0,80.14
14688382621,F,2025-06-03T17:24:47Z,5.084,1620,5.311,155.7,178.0,14.0,29.45,-98.48,,89.3,72.1,57,9.5,139,,0.3,76.85
14709407233,👶🏼,2025-06-05T18:00:11Z,4.933,1472,4.974,158.4,184.0,15.0,29.45,-98.48,,97.2,64.0,34,8.7,138,,0.0,80.51
14738774930,warm,2025-06-08T15:46:32Z,4.853,1540,5.289,151.7,179.0,12.0,29.45,-98.48,,98.5,68.0,37,6.8,142,,0.0,79.0
14843673136,Afternoon Run,2025-06-18T16:24:08Z,4.887,1615,5.507,149.4,173.0,20.0,29.45,-98.48,,95.4,64.4,36,12.6,147,,0.0,77.66
14895107495,Afternoon Run,2025-06-23T17:08:12Z,4.936,1582,5.342,151.8,186.0,14.0,29.45,-98.48,0.0,94.7,63.5,36,10.9,139,139.0,0.0,78.44
14925889772,im so washed,2025-06-26T15:08:41Z,4.92,1418,4.804,161.5,188.0,12.0,29.45,-98.48,,92.1,68.4,46,6.4,136,,0.0,81.34
14946903249,Evening Run,2025-06-28T18:10:19Z,4.883,1621,5.533,147.1,165.0,14.0,29.45,-98.48,,92.1,67.3,44,9.9,135,,0.0,78.05
15039542336,☁️,2025-07-07T16:14:18Z,4.85,1555,5.343,150.0,179.0,13.0,29.45,-98.48,41.0,86.4,74.0,67,6.3,147,106.0,0.0,78.7
15126868695,Afternoon Run,2025-07-15T16:01:18Z,4.835,1500,5.171,156.4,185.0,19.0,29.45,-98.48,,92.5,66.6,43,7.7,179,,0.0,78.16
15280027342,Afternoon Run,2025-07-29T16:41:49Z,4.871,1601,5.478,153.9,187.0,12.0,29.45,-98.48,,97.9,49.0,19,2.8,135,,0.0,73.66
15302482375,Afternoon Run,2025-07-31T16:36:04Z,4.929,1558,5.269,153.9,178.0,10.0,29.45,-98.48,,98.1,60.6,29,1.5,351,,0.0,76.94
15324381114,☁️,2025-08-02T18:10:47Z,5.3,1617,5.085,152.5,189.0,26.0,29.45,-98.48,,93.1,67.5,43,5.8,40,,0.3,81.27
15346718959,💦,2025-08-04T18:26:51Z,4.907,1555,5.282,144.5,162.0,10.0,29.45,-98.48,,95.6,64.9,37,6.0,103,,0.0,82.6
15370367844,mutant colorway returns,2025-08-06T17:16:40Z,4.903,1581,5.375,147.9,169.0,11.0,29.45,-98.48,,97.4,64.7,34,5.1,122,,0.0,79.24
15392617865,slop,2025-08-08T17:39:52Z,4.908,1520,5.161,147.9,167.0,12.0,29.45,-98.48,,100.4,57.9,25,7.0,116,,0.0,82.65
15415813675,👉🏼,2025-08-10T17:42:30Z,4.937,1559,5.263,148.6,169.0,13.0,29.45,-98.48,,99.2,60.5,28,6.2,109,,0.0,80.61
15599061782,🙃,2025-08-26T18:41:27Z,4.902,1527,5.192,153.1,174.0,11.0,29.45,-98.48,,85.1,69.9,60,10.1,111,,0.3,79.72
15734715577,Afternoon Run,2025-09-07T17:21:50Z,4.854,1596,5.48,150.8,181.0,17.0,29.45,-98.48,,76.5,71.8,85,7.5,52,,1.2,75.95
15780847414,Evening Run,2025-09-11T18:09:07Z,4.922,1596,5.405,158.2,176.0,10.0,29.45,-98.48,,91.8,61.9,37,5.2,72,,0.0,73.3
15802278046,Afternoon Run,2025-09-13T17:18:11Z,4.861,1642,5.63,157.5,179.0,12.0,29.45,-98.48,90.0,93.8,57.5,30,9.9,136,46.0,0.0,71.27
16057381248,🧐,2025-10-06T17:59:10Z,6.711,2115,5.252,158.0,185.0,19.0,29.45,-98.48,,90.1,61.5,39,5.9,105,,0.1,75.53
16080292119,😶‍🌫️,2025-10-08T18:00:32Z,5.653,1610,4.747,165.0,196.0,15.0,29.45,-98.48,,86.8,66.1,50,4.5,60,,0.0,79.86
16100102362,🤔,2025-10-10T17:32:50Z,8.149,2646,5.412,150.8,174.0,24.0,29.45,-98.48,,91.7,52.2,26,5.5,111,,0.0,76.37
16122560445,😦,2025-10-12T18:16:08Z,8.168,2512,5.126,152.3,175.0,26.0,29.45,-98.48,,88.2,52.4,29,6.5,147,,0.0,79.84
16143812288,🐛,2025-10-14T18:05:00Z,11.437,3629,5.288,149.7,165.0,29.0,29.45,-98.48,,86.4,58.5,39,5.8,74,,0.0,78.83
16154804656,🪰,2025-10-15T18:27:24Z,6.548,1858,4.729,156.1,179.0,14.0,29.45,-98.48,,88.5,52.0,29,6.4,134,,0.0,84.41
16174494604,🫀,2025-10-17T17:37:41Z,8.168,2554,5.212,147.3,163.0,28.0,29.45,-98.48,,90.3,57.3,33,5.5,181,,0.0,81.38
16205959526,😶‍🌫️,2025-10-20T17:43:58Z,6.575,1874,4.75,146.8,172.0,19.0,29.45,-98.48,,93.0,57.8,31,7.7,198,,0.0,90.18
16205959503,🥰 Courtney cool down,2025-10-20T18:18:15Z,1.74,508,4.867,158.2,174.0,5.0,29.45,-98.48,,91.9,56.8,31,7.8,197,,0.0,81.58
16227697207,🪰,2025-10-22T18:01:51Z,9.882,2994,5.05,146.4,180.0,21.0,29.45,-98.48,,85.6,58.4,40,5.3,103,,0.0,84.28
16246127266,☁️,2025-10-24T17:56:48Z,8.196,2508,5.1,143.3,154.0,25.0,29.45,-98.48,,85.7,63.2,47,11.4,149,,0.2,86.61
16264539256,🌞,2025-10-26T10:27:40Z,11.459,3335,4.851,148.3,174.0,36.0,29.45,-98.48,,68.6,64.8,87,1.2,41,,0.0,85.32
16294331556,🏀➡️🏠,2025-10-29T11:46:27Z,8.209,2527,5.13,149.3,164.0,86.0,29.43,-98.43,294.7,60.3,30.1,32,11.9,323,28.3,0.0,80.24
16305835136,pretty nice out,2025-10-30T14:25:06Z,9.805,2896,4.923,141.8,157.0,29.0,29.45,-98.48,,67.3,31.7,27,0.9,247,,0.0,86.11
16315161861,hmm,2025-10-31T14:57:15Z,8.174,2055,4.19,156.5,178.0,25.0,29.45,-98.48,,71.2,36.7,28,3.3,140,,0.0,92.55
16335159643,🐾,2025-11-02T11:13:43Z,14.657,4464,5.076,141.6,159.0,93.0,29.45,-98.48,,63.4,50.5,63,1.3,15,,0.0,84.4
16368346681,ooh good weather,2025-11-05T15:40:14Z,9.782,2913,4.963,143.8,165.0,25.0,29.45,-98.48,90.0,80.9,56.0,43,5.0,194,104.0,0.0,86.86
16368346647,cd,2025-11-05T16:34:53Z,1.675,533,5.302,143.6,151.0,7.0,29.45,-98.47,270.0,81.3,55.8,42,4.8,183,87.0,0.0,81.4
16376944186,🌞,2025-11-06T12:17:55Z,8.155,2309,4.719,147.0,169.0,24.0,29.45,-98.48,,73.0,58.6,61,3.0,178,,0.0,88.71
16429655450,perfect weather today,2025-11-11T14:46:51Z,18.268,5291,4.827,150.6,170.0,72.0,29.45,-98.48,,69.6,28.9,22,7.9,187,,0.0,83.86
16450860950,perfect weather,2025-11-13T16:53:14Z,6.553,1768,4.497,149.5,174.0,18.0,29.45,-98.48,90.0,83.3,58.4,43,7.5,167,77.0,0.0,92.97
16489296310,smh,2025-11-17T15:46:13Z,10.029,2934,4.876,144.4,160.0,35.0,29.45,-98.48,,83.8,64.6,53,6.4,144,,0.0,88.94
16499049605,warm,2025-11-18T14:20:48Z,12.434,3739,5.012,144.0,178.0,44.0,29.45,-98.48,,82.6,65.3,56,4.3,180,,0.0,86.37
16509819133,origin of Bingus,2025-11-19T16:26:33Z,9.808,3066,5.21,135.1,150.0,45.0,29.4,-98.49,,81.9,67.5,62,6.2,198,,0.1,88.99
16516318105,☁️,2025-11-20T09:55:45Z,8.216,2222,4.508,150.0,176.0,27.0,29.45,-98.48,,72.0,70.3,95,8.8,168,,0.1,92.72
16525817158,☁️☁️,2025-11-21T10:13:48Z,9.775,3085,5.26,130.3,145.0,29.0,29.45,-98.48,,73.4,70.0,89,7.1,215,,0.0,91.22
16548345623,downtown loop,2025-11-23T15:59:06Z,19.847,6034,5.067,138.1,151.0,72.0,29.45,-98.48,,65.6,57.7,76,5.9,74,,1.9,88.01
16556761169,😍,2025-11-24T15:42:40Z,11.815,3536,4.988,140.2,155.0,81.0,29.45,-98.48,,75.3,67.4,76,7.2,260,,0.3,89.38
16566647304,🪰,2025-11-25T15:35:49Z,6.51,2060,5.274,132.3,143.0,17.0,29.45,-98.48,,79.6,51.4,38,0.7,59,,0.0,87.74
16575554795,cold and windy ☹️,2025-11-26T12:42:03Z,11.85,3088,4.343,150.1,174.0,56.0,29.45,-98.48,,60.8,42.6,51,9.4,28,,0.0,93.99
16586711550,Courtney trot,2025-11-27T15:12:30Z,9.772,2917,4.975,136.3,151.0,32.0,29.45,-98.48,,63.3,40.6,43,4.8,39,,0.0,89.55
16670049553,nice weather,2025-12-06T15:26:32Z,16.287,4855,4.968,145.6,169.0,116.0,29.45,-98.48,,72.8,51.0,46,3.2,252,,0.0,84.7
16679473180,getting cold ☹️,2025-12-07T14:42:25Z,8.182,2300,4.685,147.1,168.0,30.0,29.45,-98.48,90.0,75.3,53.8,47,3.7,314,136.0,0.0,89.28
16708121864,felt ok,2025-12-10T15:33:34Z,14.788,4240,4.779,144.9,166.0,52.0,29.45,-98.48,,74.6,36.2,25,10.4,24,,0.0,89.08
16725922636,perfect weather,2025-12-12T16:44:49Z,6.651,1756,4.4,150.5,176.0,14.0,29.45,-98.48,,74.8,60.4,61,3.4,188,,0.0,93.2
16733027587,rainy,2025-12-13T09:54:47Z,13.22,4126,5.202,133.3,149.0,32.0,29.45,-98.48,,64.2,63.4,97,3.2,45,,0.0,88.57
16762474909,slop,2025-12-16T15:26:50Z,16.269,4818,4.936,140.5,157.0,43.0,29.45,-98.48,,54.4,45.9,73,0.9,330,,0.1,86.69
16788355408,Courtney run,2025-12-19T15:59:11Z,9.799,2778,4.725,141.1,152.0,30.0,29.45,-98.48,,65.4,28.5,25,4.9,169,,0.0,90.89
16806876357,loop,2025-12-21T16:16:40Z,13.033,3793,4.851,138.6,161.0,49.0,29.45,-98.48,,74.9,46.2,36,4.2,48,,0.0,91.17
16824518131,now this is what I call winter weather 😍,2025-12-23T16:30:48Z,9.778,2907,4.955,138.7,150.0,18.0,29.45,-98.48,,79.2,60.7,53,7.5,176,,0.0,90.84
16831440061,ez baby hills,2025-12-24T09:56:47Z,16.445,5079,5.148,134.0,150.0,113.0,29.45,-98.48,,66.0,65.5,98,2.7,187,,0.1,89.15
16838043339,xmas golf loop,2025-12-25T09:25:42Z,8.159,2450,5.004,137.8,151.0,23.0,29.45,-98.48,,65.9,65.8,99,7.2,203,,0.0,90.01
16869005760,last warm day,2025-12-28T14:58:29Z,16.792,5163,5.124,134.6,151.0,76.0,29.45,-98.48,,76.5,63.0,63,4.4,209,,0.0,89.91
16888190052,👋🏼😶‍🌫️,2025-12-30T14:27:56Z,18.265,4964,4.53,147.9,168.0,46.0,29.45,-98.48,,55.5,16.8,22,1.2,319,,0.0,89.78
16895995955,cold,2025-12-31T09:30:19Z,8.117,2475,5.082,134.6,147.0,29.0,29.45,-98.48,,38.9,20.5,47,3.7,305,,0.0,88.37
16906625142,Trinity hills,2026-01-01T14:05:27Z,9.931,3142,5.273,133.6,153.0,158.0,29.45,-98.48,0.0,68.8,37.0,31,5.3,209,151.0,0.0,86.39
16939930560,lazy sunday,2026-01-04T15:01:27Z,21.135,6229,4.912,140.0,159.0,143.0,29.45,-98.48,,67.7,43.3,41,2.9,144,,0.0,88.34
16949869955,warm 🥰,2026-01-05T15:35:27Z,8.767,2553,4.853,134.3,163.0,21.0,29.45,-98.48,,73.0,60.1,64,6.3,194,,0.0,95.14
16950292662,bonus miles with Courtney 🥰,2026-01-05T16:37:24Z,5.038,1484,4.909,140.3,174.0,14.0,29.45,-98.48,,75.0,59.8,59,4.9,201,,0.0,89.87
16961881917,wow amazing weather,2026-01-06T15:43:11Z,8.164,2456,5.014,129.9,146.0,21.0,29.45,-98.48,90.0,78.4,56.1,46,1.0,180,90.0,0.0,94.26
16973024091,🙁,2026-01-07T15:28:29Z,6.647,2052,5.145,126.2,141.0,18.0,29.45,-98.48,,78.6,62.6,58,7.9,150,,0.0,96.31
17028449163,back,2026-01-12T15:59:43Z,6.577,1952,4.946,131.6,151.0,22.0,29.45,-98.48,,60.7,24.3,25,2.6,187,,0.0,92.66
17040949274,cold golf loop,2026-01-13T16:54:11Z,8.163,2386,4.872,137.0,156.0,31.0,29.45,-98.48,,59.5,38.9,46,4.5,217,,0.0,90.72
17163704699,group golf loop,2026-01-24T10:46:04Z,8.951,2630,4.897,143.0,169.0,45.0,29.45,-98.48,,37.8,33.7,85,11.0,15,,0.5,87.61
17177851976,🥶🥶,2026-01-25T17:11:41Z,4.894,1460,4.972,147.0,160.0,21.0,29.45,-98.48,,36.8,17.6,45,7.2,355,,0.0,83.29
17200186626,still cold,2026-01-27T17:54:35Z,5.837,1709,4.879,142.8,157.0,25.0,29.45,-98.48,,45.5,27.4,49,3.2,209,,0.0,86.66
17211007910,slightly less cold,2026-01-28T16:26:28Z,6.564,1661,4.217,159.3,179.0,18.0,29.45,-98.48,,56.9,36.6,46,0.8,333,,0.0,89.46
17222490713,Wow he finally made it to SA,2026-01-29T17:27:41Z,5.918,1942,5.469,126.7,140.0,17.0,29.45,-98.48,,64.8,50.4,60,5.9,241,,0.0,88.44
17243797789,Courtney miles,2026-01-31T16:17:17Z,16.498,5044,5.096,147.2,167.0,187.0,29.52,-98.53,,49.2,27.9,43,5.6,62,,0.0,80.9
17255184147,more Courtney miles,2026-02-01T16:07:50Z,6.553,1949,4.957,140.3,157.0,20.0,29.45,-98.48,,52.4,32.5,47,3.3,207,,0.0,86.85
17289734793,pretty nice weather,2026-02-04T16:46:51Z,6.571,1717,4.355,153.4,180.0,17.0,29.45,-98.48,,67.3,32.5,27,7.5,6,,0.0,91.17
17300419854,slop,2026-02-05T15:45:39Z,9.823,2963,5.028,133.9,150.0,28.0,29.45,-98.48,,65.6,27.0,23,4.7,263,,0.0,89.97
17355624547,strava dead,2026-02-10T13:43:40Z,11.765,3493,4.948,135.3,163.0,40.0,29.45,-98.48,,65.2,59.1,81,6.6,177,,0.0,92.18
17368225764,found a golf ball again,2026-02-11T16:55:47Z,6.659,1741,4.358,156.5,178.0,17.0,29.45,-98.48,180.0,72.9,55.0,53,3.1,55,125.0,0.0,90.04
17378931235,triple dog,2026-02-12T16:46:13Z,6.571,1815,4.603,145.6,172.0,12.0,29.45,-98.48,0.0,75.7,60.8,60,2.8,194,166.0,0.0,92.05
17399181570,Valentine's run,2026-02-14T14:09:41Z,13.042,3945,5.041,137.0,152.0,85.0,29.35,-98.41,,74.8,64.1,70,11.8,204,,0.5,91.15
17422108884,wow nice weather,2026-02-16T17:28:22Z,6.549,1652,4.204,161.0,178.0,15.0,29.45,-98.48,,74.3,53.1,48,4.2,162,,0.0,90.9
17433629685,☁️,2026-02-17T16:47:48Z,8.156,2499,5.107,132.3,148.0,26.0,29.45,-98.48,,80.8,60.2,50,9.1,177,,0.0,92.78
17466542848,day 2 no Courtney,2026-02-20T17:58:49Z,6.813,2019,4.939,135.3,169.0,22.0,29.45,-98.48,,72.9,59.9,64,5.0,72,,0.0,92.53
17511726096,🍃,2026-02-24T16:00:00Z,8.185,2294,4.671,140.8,164.0,33.0,29.45,-98.48,,73.8,45.2,36,10.9,202,,0.0,94.36
17523460538,slop,2026-02-25T14:17:21Z,12.077,3635,5.016,143.1,171.0,89.0,29.45,-98.48,0.0,77.4,56.1,48,6.1,204,156.0,0.0,86.37
17535625412,summer here early,2026-02-26T15:46:39Z,6.47,1769,4.557,148.2,174.0,19.0,29.45,-98.48,,92.8,43.8,18,5.2,18,,0.0,91.81
17547109139,found 8 golf balls,2026-02-27T17:38:44Z,6.471,1979,5.097,136.7,153.0,20.0,29.45,-98.48,,84.1,54.8,37,4.2,119,,0.0,88.93
17567473099,morning 🫠,2026-03-01T09:34:08Z,11.399,3373,4.932,141.6,172.0,58.0,29.45,-98.48,,67.1,62.5,85,7.8,156,,0.0,88.89
17582105362,one golf ball today,2026-03-02T16:49:14Z,8.279,2526,5.085,135.0,155.0,35.0,29.45,-98.48,,82.8,58.5,44,7.8,153,,0.0,91.07
17594483470,"two golf balls, improvement from yesterday",2026-03-03T16:17:38Z,9.824,2813,4.772,140.2,166.0,28.0,29.45,-98.48,,83.3,59.4,44,9.7,177,,0.0,93.9
17607268108,smh,2026-03-04T16:35:50Z,9.837,2686,4.551,148.1,175.0,37.0,29.45,-98.48,,83.7,61.1,47,11.3,185,,0.4,93.65
17618719219,lots of wind,2026-03-05T15:15:05Z,16.297,4905,5.016,139.9,157.0,92.0,29.45,-98.48,,84.3,59.9,44,14.6,165,,0.0,90.54
17629760921,Courtney miles,2026-03-06T16:09:19Z,8.068,2452,5.065,137.4,151.0,26.0,29.45,-98.48,90.0,83.8,62.3,49,10.2,179,89.0,0.3,90.57
17642012177,cold,2026-03-07T17:17:26Z,4.89,1559,5.314,131.9,143.0,30.0,29.45,-98.48,,63.8,59.7,87,11.9,13,,13.4,88.98
17654625376,one golf ball,2026-03-08T17:18:36Z,5.673,1610,4.73,139.1,157.0,19.0,29.45,-98.48,,64.6,58.9,82,6.1,80,,0.0,93.65
17666159397,Courtney miles,2026-03-09T17:11:59Z,10.083,2993,4.947,135.8,171.0,53.0,29.45,-98.48,,75.7,68.0,77,4.0,218,,0.0,92.47
17677956283,heavy,2026-03-10T15:36:09Z,6.595,1746,4.412,147.4,164.0,45.0,29.45,-98.48,319.0,76.7,71.2,83,7.0,156,163.0,1.9,96.37
17690401895,two golf balls,2026-03-11T15:56:54Z,9.795,2819,4.797,139.1,155.0,37.0,29.45,-98.48,,82.1,47.5,30,11.8,289,,0.0,93.8
17702162953,🌞,2026-03-12T16:25:46Z,10.096,2723,4.495,143.0,163.0,34.0,29.45,-98.48,,64.9,33.9,31,0.3,180,,0.0,93.4
17712388487,4 golf ball day,2026-03-13T15:44:03Z,11.425,3519,5.133,133.3,158.0,42.0,29.45,-98.48,,73.3,44.4,36,6.4,193,,0.0,89.79
17725216349,easy day,2026-03-14T18:14:03Z,5.13,1579,5.13,136.1,145.0,18.0,29.45,-98.48,,84.7,56.3,38,7.2,182,,0.0,89.42
17737524666,both ways headwind,2026-03-15T18:08:10Z,10.136,2873,4.724,145.7,166.0,53.0,29.45,-98.48,,93.5,32.6,12,8.7,295,,0.0,90.15
17748189437,Courtney miles,2026-03-16T17:44:15Z,10.026,2922,4.857,132.2,143.0,39.0,29.45,-98.48,,58.4,7.6,13,8.4,9,,0.0,95.04
17760132493,windy,2026-03-17T16:11:01Z,13.913,3733,4.472,143.8,169.0,64.0,29.45,-98.48,,64.0,11.3,13,7.5,186,,0.0,94.73
17773109390,🫂,2026-03-18T17:07:41Z,13.182,3858,4.878,135.8,154.0,48.0,29.45,-98.48,,75.3,43.5,32,4.8,159,,0.0,92.51
17784912532,easy day,2026-03-19T16:10:35Z,6.683,2200,5.486,120.5,135.0,18.0,29.45,-98.48,,80.3,51.8,37,4.9,195,,0.0,93.47
17796707288,loops,2026-03-20T17:51:58Z,7.298,1959,4.474,145.5,175.0,29.0,29.46,-98.48,,85.4,52.1,32,7.1,189,,0.0,95.69
17808926068,more,2026-03-21T16:59:08Z,6.624,2089,5.256,133.7,146.0,22.0,29.45,-98.48,90.0,88.9,54.3,31,6.8,189,99.0,0.0,88.89
17822416127,wind,2026-03-22T17:20:05Z,9.781,2996,5.105,132.7,149.0,47.0,29.45,-98.48,,90.0,43.0,20,8.5,170,,0.0,91.95
17833792926,slop,2026-03-23T17:08:14Z,8.627,2347,4.534,140.9,174.0,25.0,29.45,-98.48,,84.6,47.5,28,4.0,115,,0.0,96.54
17846333498,double slop 🦎,2026-03-24T15:05:05Z,20.025,6142,5.112,138.1,157.0,71.0,29.45,-98.48,,85.0,54.1,35,6.4,170,,0.0,88.19
17858953329,more slop,2026-03-25T15:17:36Z,21.273,6604,5.174,137.4,153.0,68.0,29.45,-98.48,,86.6,57.3,37,8.7,164,,0.0,88.26
17870691716,🦎😶‍🌫️,2026-03-26T15:19:49Z,21.546,6585,5.094,138.2,155.0,37.3,29.45,-98.48,,85.5,57.8,39,9.0,172,,0.0,89.15
17882224404,Courtney run,2026-03-27T18:12:27Z,4.879,1620,5.534,124.1,141.0,32.0,29.45,-98.5,,86.5,56.4,36,8.1,17,,0.0,91.19
17894395849,more Courtney miles,2026-03-28T16:40:26Z,6.445,1965,5.081,128.6,139.0,20.0,29.45,-98.48,,73.8,53.1,48,2.8,326,,0.0,93.86
17906975644,one golf ball,2026-03-29T17:36:11Z,4.907,1437,4.88,129.8,142.0,11.0,29.45,-98.48,,81.3,54.3,39,8.2,182,,0.0,98.43
17918244662,windy,2026-03-30T17:04:56Z,9.809,2702,4.591,138.8,158.0,32.0,29.45,-98.48,,85.5,52.5,32,10.8,152,,0.0,98.53
17930682799,🆗,2026-03-31T14:37:39Z,25.1,7788,5.171,133.3,152.0,81.0,29.45,-98.48,,84.7,61.9,46,8.7,166,,0.0,91.18
17943581974,🦎,2026-04-01T17:02:46Z,4.976,1560,5.225,123.6,143.0,14.0,29.45,-98.48,0.0,89.3,59.5,37,12.3,156,156.0,0.0,98.19
17955064419,swamp,2026-04-02T14:56:14Z,21.936,6716,5.103,134.9,153.0,71.0,29.45,-98.48,,80.8,63.6,56,6.3,171,,0.0,90.72
17967442546,rain?,2026-04-03T16:05:06Z,8.179,2605,5.309,122.6,136.0,35.0,29.45,-98.48,,84.4,63.7,50,11.5,142,,0.0,97.23
17977114068,crazy humid,2026-04-04T10:26:58Z,5.058,1398,4.607,135.7,157.0,13.0,29.45,-98.48,,71.9,68.4,89,7.9,209,,0.1,99.98
17992636861,Courtney miles,2026-04-05T16:19:24Z,6.769,2065,5.085,118.6,132.0,21.0,29.45,-98.48,0.0,58.4,47.6,67,6.8,22,22.0,0.2,101.24
18006215226,breezy,2026-04-06T17:32:14Z,9.76,2479,4.233,148.6,170.0,30.0,29.45,-98.48,,71.9,41.3,33,6.0,68,,0.0,97.31
18018513012,river 🏞️,2026-04-07T13:55:20Z,19.646,5921,5.023,130.5,145.0,89.0,29.45,-98.48,,70.7,44.2,38,5.5,97,,0.0,93.39
18033702072,salt hat,2026-04-08T16:55:24Z,6.564,1989,5.051,129.1,143.0,20.0,29.45,-98.48,,80.2,49.5,34,5.3,152,,0.0,94.71
18046676172,swamp 2,2026-04-09T15:00:17Z,22.956,6655,4.832,137.7,174.0,69.0,29.45,-98.48,,79.6,58.7,49,5.1,121,,0.0,93.28
18059458260,Courtney miles,2026-04-10T17:50:01Z,9.67,3047,5.252,130.0,152.0,73.0,29.45,-98.48,0.0,71.3,67.1,87,3.7,157,157.0,1.4,90.65
18072431849,trinity hill loops,2026-04-11T17:10:04Z,14.746,4511,5.099,133.3,154.0,237.0,29.45,-98.48,,79.8,62.7,56,11.4,145,,0.3,92.76
18085318023,humid hills,2026-04-12T15:37:33Z,15.136,4666,5.138,131.3,151.0,272.0,29.45,-98.48,,68.2,67.4,97,4.8,191,,13.4,91.78
18097916788,loop,2026-04-13T17:47:43Z,10.142,2953,4.853,135.8,164.0,90.0,29.45,-98.48,,83.2,67.2,59,8.8,162,,0.0,95.62
18111827668,windy,2026-04-14T17:44:57Z,9.83,2791,4.732,134.2,149.0,31.0,29.45,-98.48,,82.4,66.6,59,11.1,158,,0.0,99.62
18124219433,hot rain,2026-04-15T14:58:00Z,16.843,5236,5.181,129.2,152.0,135.0,29.45,-98.48,,81.1,66.7,62,10.0,183,,0.3,94.22
18138716767,1 golf ball,2026-04-16T17:55:03Z,4.887,1468,5.006,131.3,148.0,10.0,29.45,-98.48,0.0,84.7,62.3,47,9.2,156,156.0,0.0,95.74
18151244381,street mapping,2026-04-17T17:55:46Z,13.033,3979,5.088,126.6,144.0,69.0,29.49,-98.49,,85.6,63.3,47,8.9,162,,0.0,97.75
18164371345,cold,2026-04-18T17:39:19Z,4.875,1552,5.305,116.0,129.0,21.0,29.45,-98.48,,60.9,52.5,74,11.8,14,,0.4,100.68
18178382765,K&C 2 year anniversary of being married,2026-04-19T16:33:24Z,18.012,5688,5.263,122.3,151.0,121.0,29.51,-98.43,,59.6,49.3,69,3.7,85,,4.4,94.41
18191212746,☔,2026-04-20T18:50:39Z,4.93,1398,4.726,131.3,146.0,8.0,29.45,-98.48,,60.1,59.4,97,10.1,62,,2.2,99.88
18204215024,rain slop,2026-04-21T16:27:42Z,4.946,1530,5.156,123.6,144.0,13.0,29.45,-98.48,,68.4,64.3,87,7.3,78,,0.1,97.49
18217493416,🆒🫠,2026-04-22T14:50:38Z,10.513,3091,4.9,137.6,159.0,106.0,29.45,-98.48,,80.1,67.3,65,5.5,167,,0.1,92.63
18232780868,🧑‍💻🆗,2026-04-23T17:58:10Z,9.854,2882,4.875,136.8,158.0,82.0,29.45,-98.48,,81.5,67.6,63,8.8,173,,0.0,94.42
18245516460,🍔,2026-04-24T18:56:56Z,10.489,2993,4.756,141.4,169.0,70.0,29.55,-98.53,,83.9,69.0,61,4.0,188,,0.0,92.92
18258960339,wet air,2026-04-25T17:51:47Z,21.155,6524,5.14,142.1,159.0,109.0,29.53,-98.43,,85.2,68.3,57,6.4,165,,0.0,86.01
18272839511,3 golf balls,2026-04-26T17:57:15Z,9.799,3014,5.126,131.5,157.0,31.0,29.45,-98.48,,84.9,71.5,64,4.9,131,,0.0,93.07
18285162739,💦,2026-04-27T17:40:26Z,6.561,2064,5.243,126.3,138.0,16.0,29.45,-98.48,,84.5,75.2,74,4.1,147,,0.2,94.77
18298848676,haze,2026-04-28T16:51:17Z,11.484,3212,4.662,140.4,173.0,38.0,29.45,-98.48,,87.0,75.9,70,6.6,178,,0.2,96.6
18311750316,truly stupid weather,2026-04-29T15:23:30Z,11.445,3520,5.126,128.6,150.0,53.0,29.45,-98.48,,72.8,70.4,92,9.1,10,,5.0,95.22
18323999474,stupid weather continues,2026-04-30T13:49:55Z,25.049,7413,4.932,134.8,165.0,171.0,29.45,-98.48,,72.6,65.8,79,8.7,74,,0.0,94.04
18339273200,mapping with Courtney,2026-05-01T17:59:23Z,8.207,2561,5.201,119.0,134.0,52.0,29.57,-98.53,,63.1,58.8,86,12.1,16,,0.3,100.71
18352763040,more Courtney map,2026-05-02T18:08:53Z,12.999,3727,4.779,133.4,169.0,85.0,29.54,-98.42,180.0,71.7,49.1,45,9.3,109,71.0,0.0,97.14
18366099504,actual GREAT weather day,2026-05-03T17:45:59Z,6.801,2048,5.019,127.7,137.0,17.0,29.45,-98.48,,75.5,52.6,45,6.5,151,,0.0,96.5
18376741360,madrone loop,2026-05-04T13:40:39Z,16.626,5365,5.378,142.1,154.0,243.0,29.9,-98.23,,76.4,60.0,57,11.1,196,,0.0,82.13
18377797089,bonus Courtney miles,2026-05-04T16:38:22Z,5.423,1610,4.948,136.3,147.0,11.0,29.45,-98.48,0.0,79.2,65.3,63,9.7,191,169.0,0.0,93.27
18390747926,mcallister loop,2026-05-05T14:01:01Z,16.535,5015,5.055,138.1,158.0,113.0,29.55,-98.44,,80.2,71.1,74,5.5,207,,0.1,89.7
18404622278,🫪 drowning,2026-05-06T15:03:36Z,13.33,4100,5.126,128.3,145.0,49.0,29.45,-98.48,,84.9,70.9,63,2.5,72,,0.2,94.88
18417489467,trail mcloops,2026-05-07T12:45:09Z,34.42,10779,5.219,133.4,155.0,241.0,29.55,-98.45,90.0,65.5,56.0,72,8.7,41,49.0,0.0,88.87
18431603924,Courtney map,2026-05-08T18:17:11Z,8.238,2581,5.222,122.8,145.0,80.0,29.5,-98.47,,73.6,68.9,85,5.0,168,,0.4,97.01
18444606676,🫠,2026-05-09T16:59:15Z,4.925,1612,5.455,119.5,136.0,11.0,29.45,-98.48,,87.3,67.7,52,1.5,228,,0.0,95.48
18456451506,quick one in between yard work,2026-05-10T13:07:39Z,6.771,1925,4.738,130.3,152.0,15.0,29.45,-98.48,,84.9,69.5,60,6.6,111,,0.0,101.85
18469823337,slop,2026-05-11T16:48:18Z,10.409,2768,4.432,137.6,161.0,30.0,29.45,-98.48,,82.1,60.3,48,6.9,3,,0.0,102.4
18483055272,golf course STINKS,2026-05-12T15:36:26Z,8.3,2535,5.091,120.6,132.0,25.0,29.45,-98.48,,83.0,61.6,48,1.0,131,,0.0,100.62
18496094778,struggle,2026-05-13T15:21:04Z,9.833,2917,4.944,129.4,146.0,31.0,29.45,-98.48,0.0,87.1,62.5,44,3.7,166,166.0,0.0,97.4
18508293908,warm,2026-05-14T13:05:27Z,8.181,2178,4.437,141.5,180.0,26.2,29.45,-98.48,,84.7,56.8,39,5.4,159,,0.0,99.11
18518525067,Morning Run,2026-05-15T10:33:35Z,5.554,1751,5.255,120.2,163.0,19.0,29.45,-98.48,,75.6,64.2,68,8.1,166,,0.0,98.96
18529421408,beach to bay leg 2,2026-05-16T07:34:33Z,5.069,1070,3.518,170.7,183.0,6.0,27.58,-97.22,0.0,77.9,71.1,80,20.0,151,151.0,0.0,107.37
18529428898,beach to bay leg 2,2026-05-16T07:53:12Z,1.917,426,3.704,175.3,183.0,1.0,27.62,-97.22,299.4,77.9,71.1,80,20.0,151,148.4,0.0,99.29
18549323933,Courtney miles,2026-05-17T17:57:29Z,8.166,2503,5.109,128.0,151.0,85.0,29.45,-98.48,,83.3,70.9,66,10.0,129,,0.2,96.84
18560633051,golf balls are back,2026-05-18T16:13:54Z,6.539,1733,4.417,139.8,159.0,20.0,29.45,-98.48,,90.1,70.3,52,12.2,152,,0.0,103.43
18573624021,swamp,2026-05-19T15:04:15Z,6.534,2116,5.398,125.1,149.0,43.0,29.45,-98.48,,87.3,70.9,58,7.1,155,,0.5,93.45
18583115705,morning 🫪,2026-05-20T09:40:40Z,10.008,2998,4.993,126.0,141.0,23.0,29.45,-98.48,,70.5,64.8,82,2.1,288,,0.0,97.86
18587741622,double,2026-05-20T15:55:00Z,8.745,2407,4.587,137.9,162.0,22.0,29.45,-98.48,,82.1,65.6,57,5.4,98,,0.0,98.74
18600951275,chill,2026-05-21T15:25:35Z,10.029,3118,5.181,116.3,132.0,32.0,29.45,-98.48,,80.8,67.8,65,5.5,194,,0.3,103.73
18613879215,Courtney miles,2026-05-22T17:08:59Z,8.298,2544,5.11,126.4,146.0,54.0,29.45,-98.48,,81.2,68.7,66,5.4,104,,0.1,96.85
18627674699,plop,2026-05-23T18:06:12Z,5.535,1747,5.261,119.1,129.0,14.0,29.45,-98.48,,81.5,69.2,66,4.0,112,,0.0,99.59
18641229996,sun,2026-05-24T17:32:45Z,5.246,1443,4.585,129.4,147.0,14.0,29.45,-98.48,,75.2,67.6,77,8.4,116,,1.4,105.62
18654761957,Courtney miles,2026-05-25T17:12:03Z,16.359,4761,4.851,139.2,173.0,90.0,29.45,-98.48,,85.6,63.9,48,4.4,100,,0.0,92.42
18667581088,easy,2026-05-26T17:02:47Z,5.283,1630,5.142,117.3,128.0,14.0,29.45,-98.48,,79.7,70.7,74,7.1,162,,0.6,104.11
18681165955,downtown loop,2026-05-27T14:54:57Z,21.512,6311,4.889,138.6,159.0,86.0,29.45,-98.48,,79.8,65.2,61,1.4,145,,0.0,91.26
18694988810,Afternoon Run,2026-05-28T16:33:42Z,5.221,1562,4.987,126.6,142.0,14.0,29.45,-98.48,,85.9,70.5,60,2.2,162,,0.0,98.82
18707376816,Courtney miles 🫶🏼,2026-05-29T16:09:12Z,10.081,2909,4.809,137.9,174.0,50.0,29.45,-98.48,,88.1,69.6,55,4.9,148,,0.0,94.67
18718832452,between yard work,2026-05-30T12:09:35Z,5.282,1666,5.256,125.3,136.0,14.0,29.45,-98.48,,82.5,69.8,66,6.4,191,,0.0,95.31
18735682241,Courtney miles,2026-05-31T17:22:52Z,4.973,1483,4.97,128.8,150.0,22.0,29.45,-98.48,,88.7,67.8,50,5.9,139,,0.0,98.22
18747772920,Afternoon Run,2026-06-01T15:51:52Z,4.923,1526,5.166,122.8,138.0,11.0,29.45,-98.48,,89.0,69.3,52,2.4,131,,0.0,98.5
18761828155,warm,2026-06-02T16:04:35Z,4.926,1522,5.149,131.0,154.0,19.0,29.45,-98.48,,92.2,65.0,41,4.9,61,,0.0,93.05
18775921274,baby,2026-06-03T15:29:53Z,5.29,1443,4.547,136.7,165.0,13.0,29.45,-98.48,,86.6,73.0,64,6.3,35,,0.0,101.44
18790824596,easy,2026-06-04T17:23:07Z,14.892,4544,5.086,134.7,153.0,45.0,29.45,-98.48,0.0,86.9,74.2,66,9.5,120,120.0,0.0,92.75
18810695348,Great Springs 50k... uh I mean 27k,2026-06-06T06:30:02Z,27.052,9066,5.586,154.2,171.0,403.0,29.91,-98.23,,73.8,72.0,94,1.9,234,,0.0,71.91
18842546910,⛈️⛈️,2026-06-08T15:46:18Z,8.193,2561,5.21,123.1,137.0,29.0,29.45,-98.48,,85.6,75.9,73,8.6,111,,0.0,98.91
18858106310,✈️✈️🧑‍✈️,2026-06-09T17:25:40Z,14.266,4130,4.825,148.2,169.0,120.0,29.45,-98.48,0.0,89.5,76.2,65,10.0,130,130.0,0.0,89.21
18870975949,warm,2026-06-10T16:22:22Z,4.837,1554,5.354,126.8,143.0,14.0,29.45,-98.48,,91.9,77.5,63,9.9,172,,0.0,94.16
18884753757,✈️✈️,2026-06-11T17:44:39Z,14.011,4297,5.111,137.5,157.0,81.0,29.46,-98.47,221.0,91.8,75.9,60,11.3,142,79.0,0.0,91.13
18895686537,⛈️🌞⛈️🌞,2026-06-12T16:06:20Z,9.809,3028,5.145,131.2,149.0,41.0,29.45,-98.48,0.0,88.6,78.0,71,9.4,118,118.0,0.0,94.44
18910158888,quick before spurs,2026-06-13T18:39:59Z,6.561,1819,4.621,143.2,176.0,24.0,29.45,-98.48,,89.0,74.7,63,10.1,125,,0.0,96.31
18923756210,not many smiles on the Riverwalk today,2026-06-14T18:40:25Z,8.265,2489,5.019,134.4,148.0,30.0,29.45,-98.48,,88.5,77.5,70,10.1,137,,0.0,94.6
18950334339,💦,2026-06-16T16:41:45Z,8.152,2365,4.835,135.9,151.0,27.0,29.45,-98.48,,85.6,75.1,71,8.0,108,,0.0,96.36
18978265010,boys slog,2026-06-18T17:15:56Z,12.634,3889,5.13,141.7,168.0,68.0,29.45,-98.48,,95.4,81.3,64,8.6,147,,0.0,88.1
18988864558,🍀⛳,2026-06-19T15:16:33Z,9.841,3002,5.084,129.9,146.0,31.0,29.45,-98.48,,87.8,71.2,58,11.0,39,,0.0,96.38
19002805468,some Courtney miles,2026-06-20T16:54:53Z,13.993,4132,4.921,135.9,150.0,68.0,29.45,-98.48,,83.0,74.7,76,7.0,143,,0.0,94.3
